============================================================
 Mind2Web: Step-Aware Cluster (pos_weight=1.0) — RESUME
 k = 10(eval only), 15, 20, 30, 50
============================================================

------------------------------------------------------------
 Test eval only: mind2web_cluster10_stepaware10 (training already done)
------------------------------------------------------------

============================================================
ACE SYSTEM - Mind2Web
============================================================
Task: mind2web_cluster10_stepaware10
Mode: EVAL ONLY
Generator Model: DeepSeek-V3.1
============================================================

Loaded 1805 samples from ./eval/mind2web/data/mind2web_test.jsonl
Eval only mode: Testing on 1805 examples
Loaded initial playbook from results/mind2web_stepaware/cluster10_stepaware10/ace_run_20260221_235640_mind2web_cluster10_stepaware10_offline/best_playbook.txt

Using Together API for all models

============================================================
ACE SYSTEM - EVAL ONLY MODE
============================================================
Task: mind2web_cluster10_stepaware10
Test samples: 1805
============================================================


============================================================
RUNNING TEST
============================================================


========================================
EVALUATING TEST SET - 1805 samples, 20 workers
========================================
[GENERATOR] Starting call test_eval_0...
[GENERATOR] Starting call test_eval_1...
[GENERATOR] Starting call test_eval_2...
[GENERATOR] Starting call test_eval_3...
[GENERATOR] Starting call test_eval_4...
[GENERATOR] Starting call test_eval_5...
[GENERATOR] Starting call test_eval_6...
[GENERATOR] Starting call test_eval_7...
[GENERATOR] Starting call test_eval_8...
[GENERATOR] Starting call test_eval_9...
[GENERATOR] Starting call test_eval_10...
[GENERATOR] Starting call test_eval_11...
[GENERATOR] Starting call test_eval_12...
[GENERATOR] Starting call test_eval_13...
[GENERATOR] Starting call test_eval_14...
[GENERATOR] Starting call test_eval_15...
[GENERATOR] Starting call test_eval_16...
[GENERATOR] Starting call test_eval_17...
[GENERATOR] Starting call test_eval_18...
[GENERATOR] Starting call test_eval_19...
[GENERATOR] Call test_eval_18 completed in 2.14s
[LOG] generator call logged to generator_test_eval_18_20260222_071254_549.json
[GENERATOR] Starting call test_eval_20...
[GENERATOR] Call test_eval_13 completed in 2.30s
[LOG] generator call logged to generator_test_eval_13_20260222_071254_704.json
[GENERATOR] Starting call test_eval_21...
[GENERATOR] Call test_eval_11 completed in 2.31s
[LOG] generator call logged to generator_test_eval_11_20260222_071254_720.json
[GENERATOR] Starting call test_eval_22...
[GENERATOR] Call test_eval_14 completed in 2.47s
[LOG] generator call logged to generator_test_eval_14_20260222_071254_882.json
[GENERATOR] Starting call test_eval_23...
[GENERATOR] Call test_eval_17 completed in 3.52s
[LOG] generator call logged to generator_test_eval_17_20260222_071255_926.json
[GENERATOR] Starting call test_eval_24...
[GENERATOR] Call test_eval_12 completed in 5.76s
[LOG] generator call logged to generator_test_eval_12_20260222_071258_168.json
[GENERATOR] Starting call test_eval_25...
[GENERATOR] Call test_eval_15 completed in 6.51s
[LOG] generator call logged to generator_test_eval_15_20260222_071258_922.json
[GENERATOR] Starting call test_eval_26...
[GENERATOR] Call test_eval_16 completed in 7.68s
[LOG] generator call logged to generator_test_eval_16_20260222_071300_090.json
[GENERATOR] Starting call test_eval_27...
[GENERATOR] Call test_eval_0 completed in 12.65s
[LOG] generator call logged to generator_test_eval_0_20260222_071305_058.json
[GENERATOR] Starting call test_eval_28...
[GENERATOR] Call test_eval_2 completed in 14.50s
[LOG] generator call logged to generator_test_eval_2_20260222_071306_904.json
[GENERATOR] Starting call test_eval_29...
[GENERATOR] Call test_eval_21 completed in 15.53s
[LOG] generator call logged to generator_test_eval_21_20260222_071310_232.json
[GENERATOR] Starting call test_eval_30...
[GENERATOR] Call test_eval_7 completed in 25.73s
[LOG] generator call logged to generator_test_eval_7_20260222_071318_139.json
[GENERATOR] Starting call test_eval_31...
[GENERATOR] Call test_eval_6 completed in 28.06s
[LOG] generator call logged to generator_test_eval_6_20260222_071320_465.json
[GENERATOR] Starting call test_eval_32...
[GENERATOR] Call test_eval_19 completed in 31.01s
[LOG] generator call logged to generator_test_eval_19_20260222_071323_417.json
[GENERATOR] Starting call test_eval_33...
[GENERATOR] Call test_eval_1 completed in 32.42s
[LOG] generator call logged to generator_test_eval_1_20260222_071324_823.json
[GENERATOR] Starting call test_eval_34...
[GENERATOR] Call test_eval_25 completed in 31.19s
[LOG] generator call logged to generator_test_eval_25_20260222_071329_356.json
[GENERATOR] Starting call test_eval_35...
[GENERATOR] Call test_eval_9 completed in 37.67s
[LOG] generator call logged to generator_test_eval_9_20260222_071330_079.json
[GENERATOR] Starting call test_eval_36...
[GENERATOR] Call test_eval_24 completed in 35.75s
[LOG] generator call logged to generator_test_eval_24_20260222_071331_677.json
[GENERATOR] Starting call test_eval_37...
[GENERATOR] Call test_eval_27 completed in 34.49s
[LOG] generator call logged to generator_test_eval_27_20260222_071334_577.json
[GENERATOR] Starting call test_eval_38...
[GENERATOR] Call test_eval_26 completed in 36.73s
[LOG] generator call logged to generator_test_eval_26_20260222_071335_653.json
[GENERATOR] Starting call test_eval_39...
[GENERATOR] Call test_eval_28 completed in 33.83s
[LOG] generator call logged to generator_test_eval_28_20260222_071338_892.json
[GENERATOR] Starting call test_eval_40...
[GENERATOR] Call test_eval_30 completed in 28.67s
[LOG] generator call logged to generator_test_eval_30_20260222_071338_898.json
[GENERATOR] Starting call test_eval_41...
[GENERATOR] Call test_eval_4 completed in 46.50s
[LOG] generator call logged to generator_test_eval_4_20260222_071338_907.json
[GENERATOR] Starting call test_eval_42...
[GENERATOR] Call test_eval_3 completed in 47.73s
[LOG] generator call logged to generator_test_eval_3_20260222_071340_136.json
[GENERATOR] Starting call test_eval_43...
[GENERATOR] Call test_eval_31 completed in 22.69s
[LOG] generator call logged to generator_test_eval_31_20260222_071340_833.json
[GENERATOR] Starting call test_eval_44...
[GENERATOR] Call test_eval_20 completed in 46.65s
[LOG] generator call logged to generator_test_eval_20_20260222_071341_203.json
[GENERATOR] Starting call test_eval_45...
[GENERATOR] Call test_eval_32 completed in 21.18s
[LOG] generator call logged to generator_test_eval_32_20260222_071341_645.json
[GENERATOR] Starting call test_eval_46...
[GENERATOR] Call test_eval_33 completed in 22.32s
[LOG] generator call logged to generator_test_eval_33_20260222_071345_738.json
[GENERATOR] Starting call test_eval_47...
[GENERATOR] Call test_eval_35 completed in 16.41s
[LOG] generator call logged to generator_test_eval_35_20260222_071345_769.json
[GENERATOR] Starting call test_eval_48...
[GENERATOR] Call test_eval_5 completed in 54.15s
[LOG] generator call logged to generator_test_eval_5_20260222_071346_554.json
[GENERATOR] Starting call test_eval_49...
[GENERATOR] Call test_eval_8 completed in 54.40s
[LOG] generator call logged to generator_test_eval_8_20260222_071346_803.json
[GENERATOR] Starting call test_eval_50...
[GENERATOR] Call test_eval_38 completed in 15.28s
[LOG] generator call logged to generator_test_eval_38_20260222_071349_859.json
[GENERATOR] Starting call test_eval_51...
[GENERATOR] Call test_eval_10 completed in 58.66s
[LOG] generator call logged to generator_test_eval_10_20260222_071351_062.json
[GENERATOR] Starting call test_eval_52...
[GENERATOR] Call test_eval_22 completed in 56.73s
[LOG] generator call logged to generator_test_eval_22_20260222_071351_455.json
[GENERATOR] Starting call test_eval_53...
[GENERATOR] Call test_eval_37 completed in 20.85s
[LOG] generator call logged to generator_test_eval_37_20260222_071352_531.json
[GENERATOR] Starting call test_eval_54...
[GENERATOR] Call test_eval_41 completed in 14.58s
[LOG] generator call logged to generator_test_eval_41_20260222_071353_478.json
[GENERATOR] Starting call test_eval_55...
[GENERATOR] Call test_eval_23 completed in 59.38s
[LOG] generator call logged to generator_test_eval_23_20260222_071354_262.json
[GENERATOR] Starting call test_eval_56...
[GENERATOR] Call test_eval_29 completed in 47.43s
[LOG] generator call logged to generator_test_eval_29_20260222_071354_339.json
[GENERATOR] Starting call test_eval_57...
[GENERATOR] Call test_eval_40 completed in 17.93s
[LOG] generator call logged to generator_test_eval_40_20260222_071356_819.json
[GENERATOR] Starting call test_eval_58...
[GENERATOR] Call test_eval_43 completed in 17.18s
[LOG] generator call logged to generator_test_eval_43_20260222_071357_319.json
[GENERATOR] Starting call test_eval_59...
[GENERATOR] Call test_eval_36 completed in 28.18s
[LOG] generator call logged to generator_test_eval_36_20260222_071358_264.json
[GENERATOR] Starting call test_eval_60...
[GENERATOR] Call test_eval_44 completed in 19.12s
[LOG] generator call logged to generator_test_eval_44_20260222_071359_949.json
[GENERATOR] Starting call test_eval_61...
[GENERATOR] Call test_eval_34 completed in 36.35s
[LOG] generator call logged to generator_test_eval_34_20260222_071401_171.json
[GENERATOR] Starting call test_eval_62...
[GENERATOR] Call test_eval_47 completed in 15.70s
[LOG] generator call logged to generator_test_eval_47_20260222_071401_440.json
[GENERATOR] Starting call test_eval_63...
[GENERATOR] Call test_eval_39 completed in 26.65s
[LOG] generator call logged to generator_test_eval_39_20260222_071402_307.json
[GENERATOR] Starting call test_eval_64...
[GENERATOR] Call test_eval_49 completed in 16.23s
[LOG] generator call logged to generator_test_eval_49_20260222_071402_783.json
[GENERATOR] Starting call test_eval_65...
[GENERATOR] Call test_eval_65 completed in 1.59s
[LOG] generator call logged to generator_test_eval_65_20260222_071404_373.json
[GENERATOR] Starting call test_eval_66...
[GENERATOR] Call test_eval_50 completed in 17.79s
[LOG] generator call logged to generator_test_eval_50_20260222_071404_593.json
[GENERATOR] Starting call test_eval_67...
[GENERATOR] Call test_eval_42 completed in 25.76s
[LOG] generator call logged to generator_test_eval_42_20260222_071404_670.json
[GENERATOR] Starting call test_eval_68...
[GENERATOR] Call test_eval_66 completed in 1.14s
[LOG] generator call logged to generator_test_eval_66_20260222_071405_510.json
[GENERATOR] Starting call test_eval_69...
Progress: 50/1805, Accuracy: 0.200
[GENERATOR] Call test_eval_53 completed in 14.86s
[LOG] generator call logged to generator_test_eval_53_20260222_071406_321.json
[GENERATOR] Starting call test_eval_70...
[GENERATOR] Call test_eval_45 completed in 26.00s
[LOG] generator call logged to generator_test_eval_45_20260222_071407_204.json
[GENERATOR] Starting call test_eval_71...
[GENERATOR] Call test_eval_69 completed in 2.11s
[LOG] generator call logged to generator_test_eval_69_20260222_071407_621.json
[GENERATOR] Starting call test_eval_72...
[GENERATOR] Call test_eval_55 completed in 14.94s
[LOG] generator call logged to generator_test_eval_55_20260222_071408_424.json
[GENERATOR] Starting call test_eval_73...
[GENERATOR] Call test_eval_72 completed in 1.29s
[LOG] generator call logged to generator_test_eval_72_20260222_071408_910.json
[GENERATOR] Starting call test_eval_74...
[GENERATOR] Call test_eval_71 completed in 2.08s
[LOG] generator call logged to generator_test_eval_71_20260222_071409_282.json
[GENERATOR] Starting call test_eval_75...
[GENERATOR] Call test_eval_70 completed in 3.26s
[LOG] generator call logged to generator_test_eval_70_20260222_071409_582.json
[GENERATOR] Starting call test_eval_76...
[GENERATOR] Call test_eval_73 completed in 1.62s
[LOG] generator call logged to generator_test_eval_73_20260222_071410_044.json
[GENERATOR] Starting call test_eval_77...
[GENERATOR] Call test_eval_57 completed in 16.00s
[LOG] generator call logged to generator_test_eval_57_20260222_071410_336.json
[GENERATOR] Starting call test_eval_78...
[GENERATOR] Call test_eval_46 completed in 29.76s
[LOG] generator call logged to generator_test_eval_46_20260222_071411_402.json
[GENERATOR] Starting call test_eval_79...
[GENERATOR] Call test_eval_56 completed in 18.54s
[LOG] generator call logged to generator_test_eval_56_20260222_071412_803.json
[GENERATOR] Starting call test_eval_80...
[GENERATOR] Call test_eval_59 completed in 15.91s
[LOG] generator call logged to generator_test_eval_59_20260222_071413_234.json
[GENERATOR] Starting call test_eval_81...
[GENERATOR] Call test_eval_48 completed in 28.34s
[LOG] generator call logged to generator_test_eval_48_20260222_071414_111.json
[GENERATOR] Starting call test_eval_82...
[GENERATOR] Call test_eval_61 completed in 16.20s
[LOG] generator call logged to generator_test_eval_61_20260222_071416_154.json
[GENERATOR] Starting call test_eval_83...
[GENERATOR] Call test_eval_68 completed in 11.92s
[LOG] generator call logged to generator_test_eval_68_20260222_071416_586.json
[GENERATOR] Starting call test_eval_84...
[GENERATOR] Call test_eval_51 completed in 27.42s
[LOG] generator call logged to generator_test_eval_51_20260222_071417_281.json
[GENERATOR] Starting call test_eval_85...
[GENERATOR] Call test_eval_76 completed in 9.49s
[LOG] generator call logged to generator_test_eval_76_20260222_071419_074.json
[GENERATOR] Starting call test_eval_86...
[GENERATOR] Call test_eval_52 completed in 29.08s
[LOG] generator call logged to generator_test_eval_52_20260222_071420_145.json
[GENERATOR] Starting call test_eval_87...
[GENERATOR] Call test_eval_75 completed in 10.91s
[LOG] generator call logged to generator_test_eval_75_20260222_071420_197.json
[GENERATOR] Starting call test_eval_88...
[GENERATOR] Call test_eval_81 completed in 8.67s
[LOG] generator call logged to generator_test_eval_81_20260222_071421_901.json
[GENERATOR] Starting call test_eval_89...
[GENERATOR] Call test_eval_54 completed in 30.28s
[LOG] generator call logged to generator_test_eval_54_20260222_071422_812.json
[GENERATOR] Starting call test_eval_90...
[GENERATOR] Call test_eval_82 completed in 9.12s
[LOG] generator call logged to generator_test_eval_82_20260222_071423_228.json
[GENERATOR] Starting call test_eval_91...
[GENERATOR] Call test_eval_58 completed in 29.31s
[LOG] generator call logged to generator_test_eval_58_20260222_071426_125.json
[GENERATOR] Starting call test_eval_92...
[GENERATOR] Call test_eval_87 completed in 6.46s
[LOG] generator call logged to generator_test_eval_87_20260222_071426_601.json
[GENERATOR] Starting call test_eval_93...
[GENERATOR] Call test_eval_90 completed in 3.95s
[LOG] generator call logged to generator_test_eval_90_20260222_071426_765.json
[GENERATOR] Starting call test_eval_94...
[GENERATOR] Call test_eval_83 completed in 10.77s
[LOG] generator call logged to generator_test_eval_83_20260222_071426_925.json
[GENERATOR] Starting call test_eval_95...
[GENERATOR] Call test_eval_89 completed in 7.21s
[LOG] generator call logged to generator_test_eval_89_20260222_071429_112.json
[GENERATOR] Starting call test_eval_96...
[GENERATOR] Call test_eval_96 completed in 1.56s
[LOG] generator call logged to generator_test_eval_96_20260222_071430_668.json
[GENERATOR] Starting call test_eval_97...
[GENERATOR] Call test_eval_91 completed in 7.99s
[LOG] generator call logged to generator_test_eval_91_20260222_071431_220.json
[GENERATOR] Starting call test_eval_98...
[GENERATOR] Call test_eval_92 completed in 6.38s
[LOG] generator call logged to generator_test_eval_92_20260222_071432_502.json
[GENERATOR] Starting call test_eval_99...
[GENERATOR] Call test_eval_97 completed in 1.84s
[LOG] generator call logged to generator_test_eval_97_20260222_071432_510.json
[GENERATOR] Starting call test_eval_100...
[GENERATOR] Call test_eval_99 completed in 1.21s
[LOG] generator call logged to generator_test_eval_99_20260222_071433_712.json
[GENERATOR] Starting call test_eval_101...
[GENERATOR] Call test_eval_93 completed in 7.75s
[LOG] generator call logged to generator_test_eval_93_20260222_071434_351.json
[GENERATOR] Starting call test_eval_102...
[GENERATOR] Call test_eval_100 completed in 1.94s
[LOG] generator call logged to generator_test_eval_100_20260222_071434_450.json
[GENERATOR] Starting call test_eval_103...
[GENERATOR] Call test_eval_101 completed in 1.38s
[LOG] generator call logged to generator_test_eval_101_20260222_071435_094.json
[GENERATOR] Starting call test_eval_104...
[GENERATOR] Call test_eval_60 completed in 37.05s
[LOG] generator call logged to generator_test_eval_60_20260222_071435_318.json
[GENERATOR] Starting call test_eval_105...
[GENERATOR] Call test_eval_94 completed in 8.83s
[LOG] generator call logged to generator_test_eval_94_20260222_071435_595.json
[GENERATOR] Starting call test_eval_106...
[GENERATOR] Call test_eval_102 completed in 1.49s
[LOG] generator call logged to generator_test_eval_102_20260222_071435_845.json
[GENERATOR] Starting call test_eval_107...
[GENERATOR] Call test_eval_62 completed in 35.17s
[LOG] generator call logged to generator_test_eval_62_20260222_071436_338.json
[GENERATOR] Starting call test_eval_108...
[GENERATOR] Call test_eval_98 completed in 5.73s
[LOG] generator call logged to generator_test_eval_98_20260222_071436_949.json
[GENERATOR] Starting call test_eval_109...
[GENERATOR] Call test_eval_107 completed in 1.20s
[LOG] generator call logged to generator_test_eval_107_20260222_071437_044.json
[GENERATOR] Starting call test_eval_110...
[GENERATOR] Call test_eval_95 completed in 10.74s
[LOG] generator call logged to generator_test_eval_95_20260222_071437_667.json
[GENERATOR] Starting call test_eval_111...
[GENERATOR] Call test_eval_63 completed in 36.89s
[LOG] generator call logged to generator_test_eval_63_20260222_071438_335.json
[GENERATOR] Starting call test_eval_112...
[GENERATOR] Call test_eval_110 completed in 1.38s
[LOG] generator call logged to generator_test_eval_110_20260222_071438_420.json
[GENERATOR] Starting call test_eval_113...
[GENERATOR] Call test_eval_103 completed in 4.36s
[LOG] generator call logged to generator_test_eval_103_20260222_071438_807.json
[GENERATOR] Starting call test_eval_114...
[GENERATOR] Call test_eval_64 completed in 36.60s
[LOG] generator call logged to generator_test_eval_64_20260222_071438_906.json
[GENERATOR] Starting call test_eval_115...
[GENERATOR] Call test_eval_67 completed in 36.87s
[LOG] generator call logged to generator_test_eval_67_20260222_071441_468.json
[GENERATOR] Starting call test_eval_116...
[GENERATOR] Call test_eval_74 completed in 33.05s
[LOG] generator call logged to generator_test_eval_74_20260222_071441_957.json
[GENERATOR] Starting call test_eval_117...
[GENERATOR] Call test_eval_116 completed in 2.06s
[LOG] generator call logged to generator_test_eval_116_20260222_071443_525.json
[GENERATOR] Starting call test_eval_118...
[GENERATOR] Call test_eval_105 completed in 8.23s
[LOG] generator call logged to generator_test_eval_105_20260222_071443_545.json
[GENERATOR] Starting call test_eval_119...
Progress: 100/1805, Accuracy: 0.250
[GENERATOR] Call test_eval_119 completed in 1.28s
[GENERATOR] Call test_eval_78 completed in 34.49s
[LOG] generator call logged to generator_test_eval_119_20260222_071444_827.json
[GENERATOR] Starting call test_eval_120...
[LOG] generator call logged to generator_test_eval_78_20260222_071444_828.json
[GENERATOR] Starting call test_eval_121...
[GENERATOR] Call test_eval_118 completed in 1.72s
[LOG] generator call logged to generator_test_eval_118_20260222_071445_249.json
[GENERATOR] Starting call test_eval_122...
[GENERATOR] Call test_eval_104 completed in 12.49s
[LOG] generator call logged to generator_test_eval_104_20260222_071447_581.json
[GENERATOR] Starting call test_eval_123...
[GENERATOR] Call test_eval_120 completed in 3.19s
[LOG] generator call logged to generator_test_eval_120_20260222_071448_016.json
[GENERATOR] Starting call test_eval_124...
[GENERATOR] Call test_eval_106 completed in 12.63s
[LOG] generator call logged to generator_test_eval_106_20260222_071448_221.json
[GENERATOR] Starting call test_eval_125...
[GENERATOR] Call test_eval_79 completed in 37.21s
[LOG] generator call logged to generator_test_eval_79_20260222_071448_613.json
[GENERATOR] Starting call test_eval_126...
[GENERATOR] Call test_eval_108 completed in 13.93s
[LOG] generator call logged to generator_test_eval_108_20260222_071450_273.json
[GENERATOR] Starting call test_eval_127...
[GENERATOR] Call test_eval_111 completed in 13.40s
[LOG] generator call logged to generator_test_eval_111_20260222_071451_066.json
[GENERATOR] Starting call test_eval_128...
[GENERATOR] Call test_eval_80 completed in 40.00s
[LOG] generator call logged to generator_test_eval_80_20260222_071452_812.json
[GENERATOR] Starting call test_eval_129...
[GENERATOR] Call test_eval_115 completed in 14.50s
[LOG] generator call logged to generator_test_eval_115_20260222_071453_406.json
[GENERATOR] Starting call test_eval_130...
[GENERATOR] Call test_eval_84 completed in 39.05s
[LOG] generator call logged to generator_test_eval_84_20260222_071455_635.json
[GENERATOR] Starting call test_eval_131...
[GENERATOR] Call test_eval_77 completed in 47.70s
[LOG] generator call logged to generator_test_eval_77_20260222_071457_749.json
[GENERATOR] Starting call test_eval_132...
[GENERATOR] Call test_eval_128 completed in 6.70s
[LOG] generator call logged to generator_test_eval_128_20260222_071457_768.json
[GENERATOR] Starting call test_eval_133...
[GENERATOR] Call test_eval_85 completed in 41.73s
[LOG] generator call logged to generator_test_eval_85_20260222_071459_011.json
[GENERATOR] Starting call test_eval_134...
[GENERATOR] Call test_eval_86 completed in 41.11s
[LOG] generator call logged to generator_test_eval_86_20260222_071500_181.json
[GENERATOR] Starting call test_eval_135...
[GENERATOR] Call test_eval_124 completed in 12.19s
[LOG] generator call logged to generator_test_eval_124_20260222_071500_211.json
[GENERATOR] Starting call test_eval_136...
[GENERATOR] Call test_eval_134 completed in 1.51s
[LOG] generator call logged to generator_test_eval_134_20260222_071500_524.json
[GENERATOR] Starting call test_eval_137...
[GENERATOR] Call test_eval_136 completed in 1.51s
[LOG] generator call logged to generator_test_eval_136_20260222_071501_720.json
[GENERATOR] Starting call test_eval_138...
[GENERATOR] Call test_eval_135 completed in 1.61s
[LOG] generator call logged to generator_test_eval_135_20260222_071501_789.json
[GENERATOR] Starting call test_eval_139...
[GENERATOR] Call test_eval_137 completed in 1.36s
[LOG] generator call logged to generator_test_eval_137_20260222_071501_880.json
[GENERATOR] Starting call test_eval_140...
[GENERATOR] Call test_eval_129 completed in 9.93s
[LOG] generator call logged to generator_test_eval_129_20260222_071502_744.json
[GENERATOR] Starting call test_eval_141...
[GENERATOR] Call test_eval_109 completed in 26.10s
[LOG] generator call logged to generator_test_eval_109_20260222_071503_051.json
[GENERATOR] Starting call test_eval_142...
[GENERATOR] Call test_eval_88 completed in 43.63s
[LOG] generator call logged to generator_test_eval_88_20260222_071503_826.json
[GENERATOR] Starting call test_eval_143...
[GENERATOR] Call test_eval_132 completed in 7.76s
[LOG] generator call logged to generator_test_eval_132_20260222_071505_513.json
[GENERATOR] Starting call test_eval_144...
[GENERATOR] Call test_eval_131 completed in 10.90s
[LOG] generator call logged to generator_test_eval_131_20260222_071506_536.json
[GENERATOR] Starting call test_eval_145...
[GENERATOR] Call test_eval_112 completed in 28.54s
[LOG] generator call logged to generator_test_eval_112_20260222_071506_872.json
[GENERATOR] Starting call test_eval_146...
[GENERATOR] Call test_eval_113 completed in 29.14s
[LOG] generator call logged to generator_test_eval_113_20260222_071507_558.json
[GENERATOR] Starting call test_eval_147...
[GENERATOR] Call test_eval_138 completed in 6.48s
[LOG] generator call logged to generator_test_eval_138_20260222_071508_202.json
[GENERATOR] Starting call test_eval_148...
[GENERATOR] Call test_eval_139 completed in 7.83s
[LOG] generator call logged to generator_test_eval_139_20260222_071509_618.json
[GENERATOR] Starting call test_eval_149...
[GENERATOR] Call test_eval_114 completed in 31.13s
[LOG] generator call logged to generator_test_eval_114_20260222_071509_940.json
[GENERATOR] Starting call test_eval_150...
[GENERATOR] Call test_eval_117 completed in 28.40s
[LOG] generator call logged to generator_test_eval_117_20260222_071510_362.json
[GENERATOR] Starting call test_eval_151...
[GENERATOR] Call test_eval_142 completed in 8.45s
[LOG] generator call logged to generator_test_eval_142_20260222_071511_501.json
[GENERATOR] Starting call test_eval_152...
[GENERATOR] Call test_eval_143 completed in 9.25s
[LOG] generator call logged to generator_test_eval_143_20260222_071513_075.json
[GENERATOR] Starting call test_eval_153...
[GENERATOR] Call test_eval_152 completed in 1.89s
[LOG] generator call logged to generator_test_eval_152_20260222_071513_394.json
[GENERATOR] Starting call test_eval_154...
[GENERATOR] Call test_eval_153 completed in 1.75s
[LOG] generator call logged to generator_test_eval_153_20260222_071514_831.json
[GENERATOR] Starting call test_eval_155...
[GENERATOR] Call test_eval_154 completed in 3.53s
[LOG] generator call logged to generator_test_eval_154_20260222_071516_922.json
[GENERATOR] Starting call test_eval_156...
[GENERATOR] Call test_eval_144 completed in 11.90s
[LOG] generator call logged to generator_test_eval_144_20260222_071517_412.json
[GENERATOR] Starting call test_eval_157...
[GENERATOR] Call test_eval_148 completed in 9.67s
[LOG] generator call logged to generator_test_eval_148_20260222_071517_874.json
[GENERATOR] Starting call test_eval_158...
[GENERATOR] Call test_eval_121 completed in 34.30s
[LOG] generator call logged to generator_test_eval_121_20260222_071519_131.json
[GENERATOR] Starting call test_eval_159...
[GENERATOR] Call test_eval_158 completed in 1.87s
[LOG] generator call logged to generator_test_eval_158_20260222_071519_743.json
[GENERATOR] Starting call test_eval_160...
[GENERATOR] Call test_eval_122 completed in 34.64s
[LOG] generator call logged to generator_test_eval_122_20260222_071519_890.json
[GENERATOR] Starting call test_eval_161...
[GENERATOR] Call test_eval_151 completed in 11.43s
[LOG] generator call logged to generator_test_eval_151_20260222_071521_795.json
[GENERATOR] Starting call test_eval_162...
[GENERATOR] Call test_eval_123 completed in 35.15s
[LOG] generator call logged to generator_test_eval_123_20260222_071522_730.json
[GENERATOR] Starting call test_eval_163...
[GENERATOR] Call test_eval_160 completed in 4.07s
[LOG] generator call logged to generator_test_eval_160_20260222_071523_812.json
[GENERATOR] Starting call test_eval_164...
[GENERATOR] Call test_eval_125 completed in 35.78s
[LOG] generator call logged to generator_test_eval_125_20260222_071523_998.json
[GENERATOR] Starting call test_eval_165...
[GENERATOR] Call test_eval_163 completed in 1.46s
[LOG] generator call logged to generator_test_eval_163_20260222_071524_186.json
[GENERATOR] Starting call test_eval_166...
[GENERATOR] Call test_eval_162 completed in 2.68s
[LOG] generator call logged to generator_test_eval_162_20260222_071524_479.json
[GENERATOR] Starting call test_eval_167...
[GENERATOR] Call test_eval_167 completed in 1.34s
[LOG] generator call logged to generator_test_eval_167_20260222_071525_823.json
[GENERATOR] Starting call test_eval_168...
[GENERATOR] Call test_eval_126 completed in 37.31s
[LOG] generator call logged to generator_test_eval_126_20260222_071525_922.json
[GENERATOR] Starting call test_eval_169...
Progress: 150/1805, Accuracy: 0.260
[GENERATOR] Call test_eval_161 completed in 6.41s
[LOG] generator call logged to generator_test_eval_161_20260222_071526_296.json
[GENERATOR] Starting call test_eval_170...
[GENERATOR] Call test_eval_127 completed in 36.55s
[LOG] generator call logged to generator_test_eval_127_20260222_071526_828.json
[GENERATOR] Starting call test_eval_171...
[GENERATOR] Call test_eval_168 completed in 1.81s
[LOG] generator call logged to generator_test_eval_168_20260222_071527_632.json
[GENERATOR] Starting call test_eval_172...
[GENERATOR] Call test_eval_169 completed in 2.07s
[LOG] generator call logged to generator_test_eval_169_20260222_071527_999.json
[GENERATOR] Starting call test_eval_173...
[GENERATOR] Call test_eval_133 completed in 32.00s
[LOG] generator call logged to generator_test_eval_133_20260222_071529_771.json
[GENERATOR] Starting call test_eval_174...
[GENERATOR] Call test_eval_140 completed in 31.26s
[LOG] generator call logged to generator_test_eval_140_20260222_071533_138.json
[GENERATOR] Starting call test_eval_175...
[GENERATOR] Call test_eval_130 completed in 40.06s
[LOG] generator call logged to generator_test_eval_130_20260222_071533_465.json
[GENERATOR] Starting call test_eval_176...
[GENERATOR] Call test_eval_171 completed in 7.23s
[LOG] generator call logged to generator_test_eval_171_20260222_071534_065.json
[GENERATOR] Starting call test_eval_177...
[GENERATOR] Call test_eval_141 completed in 33.39s
[LOG] generator call logged to generator_test_eval_141_20260222_071536_130.json
[GENERATOR] Starting call test_eval_178...
[GENERATOR] Call test_eval_145 completed in 29.90s
[LOG] generator call logged to generator_test_eval_145_20260222_071536_434.json
[GENERATOR] Starting call test_eval_179...
[GENERATOR] Call test_eval_170 completed in 12.08s
[LOG] generator call logged to generator_test_eval_170_20260222_071538_380.json
[GENERATOR] Starting call test_eval_180...
[GENERATOR] Call test_eval_174 completed in 9.15s
[LOG] generator call logged to generator_test_eval_174_20260222_071538_926.json
[GENERATOR] Starting call test_eval_181...
[GENERATOR] Call test_eval_149 completed in 30.24s
[LOG] generator call logged to generator_test_eval_149_20260222_071539_864.json
[GENERATOR] Starting call test_eval_182...
[GENERATOR] Call test_eval_176 completed in 8.40s
[LOG] generator call logged to generator_test_eval_176_20260222_071541_865.json
[GENERATOR] Starting call test_eval_183...
[GENERATOR] Call test_eval_177 completed in 9.22s
[LOG] generator call logged to generator_test_eval_177_20260222_071543_289.json
[GENERATOR] Starting call test_eval_184...
[GENERATOR] Call test_eval_150 completed in 33.67s
[LOG] generator call logged to generator_test_eval_150_20260222_071543_608.json
[GENERATOR] Starting call test_eval_185...
[GENERATOR] Call test_eval_147 completed in 36.23s
[LOG] generator call logged to generator_test_eval_147_20260222_071543_788.json
[GENERATOR] Starting call test_eval_186...
[GENERATOR] Call test_eval_178 completed in 9.35s
[LOG] generator call logged to generator_test_eval_178_20260222_071545_485.json
[GENERATOR] Starting call test_eval_187...
[GENERATOR] Call test_eval_159 completed in 27.30s
[LOG] generator call logged to generator_test_eval_159_20260222_071546_433.json
[GENERATOR] Starting call test_eval_188...
[GENERATOR] Call test_eval_165 completed in 22.61s
[LOG] generator call logged to generator_test_eval_165_20260222_071546_614.json
[GENERATOR] Starting call test_eval_189...
[GENERATOR] Call test_eval_166 completed in 25.26s
[LOG] generator call logged to generator_test_eval_166_20260222_071549_449.json
[GENERATOR] Starting call test_eval_190...
[GENERATOR] Call test_eval_179 completed in 13.11s
[LOG] generator call logged to generator_test_eval_179_20260222_071549_545.json
[GENERATOR] Starting call test_eval_191...
[GENERATOR] Call test_eval_172 completed in 22.10s
[LOG] generator call logged to generator_test_eval_172_20260222_071549_740.json
[GENERATOR] Starting call test_eval_192...
[GENERATOR] Call test_eval_180 completed in 11.40s
[LOG] generator call logged to generator_test_eval_180_20260222_071549_778.json
[GENERATOR] Starting call test_eval_193...
[GENERATOR] Call test_eval_181 completed in 13.37s
[LOG] generator call logged to generator_test_eval_181_20260222_071552_303.json
[GENERATOR] Starting call test_eval_194...
[GENERATOR] Call test_eval_183 completed in 10.58s
[LOG] generator call logged to generator_test_eval_183_20260222_071552_444.json
[GENERATOR] Starting call test_eval_195...
[GENERATOR] Call test_eval_182 completed in 12.93s
[LOG] generator call logged to generator_test_eval_182_20260222_071552_794.json
[GENERATOR] Starting call test_eval_196...
[GENERATOR] Call test_eval_173 completed in 24.82s
[LOG] generator call logged to generator_test_eval_173_20260222_071552_823.json
[GENERATOR] Starting call test_eval_197...
[GENERATOR] Call test_eval_188 completed in 9.94s
[LOG] generator call logged to generator_test_eval_188_20260222_071556_378.json
[GENERATOR] Starting call test_eval_198...
[GENERATOR] Call test_eval_187 completed in 11.24s
[LOG] generator call logged to generator_test_eval_187_20260222_071556_728.json
[GENERATOR] Starting call test_eval_199...
[GENERATOR] Call test_eval_186 completed in 13.28s
[LOG] generator call logged to generator_test_eval_186_20260222_071557_072.json
[GENERATOR] Starting call test_eval_200...
[GENERATOR] Call test_eval_185 completed in 16.05s
[LOG] generator call logged to generator_test_eval_185_20260222_071559_661.json
[GENERATOR] Starting call test_eval_201...
[GENERATOR] Call test_eval_190 completed in 10.30s
[LOG] generator call logged to generator_test_eval_190_20260222_071559_746.json
[GENERATOR] Starting call test_eval_202...
[GENERATOR] Call test_eval_191 completed in 10.88s
[LOG] generator call logged to generator_test_eval_191_20260222_071600_429.json
[GENERATOR] Starting call test_eval_203...
[GENERATOR] Call test_eval_195 completed in 9.85s
[LOG] generator call logged to generator_test_eval_195_20260222_071602_299.json
[GENERATOR] Starting call test_eval_204...
[GENERATOR] Call test_eval_192 completed in 13.90s
[LOG] generator call logged to generator_test_eval_192_20260222_071603_637.json
[GENERATOR] Starting call test_eval_205...
[GENERATOR] Call test_eval_193 completed in 14.03s
[LOG] generator call logged to generator_test_eval_193_20260222_071603_804.json
[GENERATOR] Starting call test_eval_206...
[GENERATOR] Call test_eval_198 completed in 9.13s
[LOG] generator call logged to generator_test_eval_198_20260222_071605_505.json
[GENERATOR] Starting call test_eval_207...
[GENERATOR] Call test_eval_196 completed in 15.17s
[LOG] generator call logged to generator_test_eval_196_20260222_071607_969.json
[GENERATOR] Starting call test_eval_208...
[GENERATOR] Call test_eval_194 completed in 16.51s
[LOG] generator call logged to generator_test_eval_194_20260222_071608_816.json
[GENERATOR] Starting call test_eval_209...
[GENERATOR] Call test_eval_202 completed in 9.51s
[LOG] generator call logged to generator_test_eval_202_20260222_071609_256.json
[GENERATOR] Starting call test_eval_210...
[GENERATOR] Call test_eval_200 completed in 12.41s
[LOG] generator call logged to generator_test_eval_200_20260222_071609_482.json
[GENERATOR] Starting call test_eval_211...
[GENERATOR] Call test_eval_157 completed in 53.94s
[LOG] generator call logged to generator_test_eval_157_20260222_071611_350.json
[GENERATOR] Starting call test_eval_212...
[GENERATOR] Call test_eval_197 completed in 19.07s
[LOG] generator call logged to generator_test_eval_197_20260222_071611_898.json
[GENERATOR] Starting call test_eval_213...
[GENERATOR] Call test_eval_156 completed in 54.99s
[LOG] generator call logged to generator_test_eval_156_20260222_071611_914.json
[GENERATOR] Starting call test_eval_214...
[GENERATOR] Call test_eval_155 completed in 57.19s
[LOG] generator call logged to generator_test_eval_155_20260222_071612_028.json
[GENERATOR] Starting call test_eval_215...
[GENERATOR] Call test_eval_205 completed in 8.39s
[LOG] generator call logged to generator_test_eval_205_20260222_071612_031.json
[GENERATOR] Starting call test_eval_216...
[GENERATOR] Call test_eval_199 completed in 15.50s
[LOG] generator call logged to generator_test_eval_199_20260222_071612_229.json
[GENERATOR] Starting call test_eval_217...
[GENERATOR] Call test_eval_212 completed in 1.23s
[LOG] generator call logged to generator_test_eval_212_20260222_071612_582.json
[GENERATOR] Starting call test_eval_218...
[GENERATOR] Call test_eval_146 completed in 66.68s
[LOG] generator call logged to generator_test_eval_146_20260222_071613_554.json
[GENERATOR] Starting call test_eval_219...
Progress: 200/1805, Accuracy: 0.260
[GENERATOR] Call test_eval_201 completed in 15.12s
[LOG] generator call logged to generator_test_eval_201_20260222_071614_784.json
[GENERATOR] Starting call test_eval_220...
[GENERATOR] Call test_eval_164 completed in 51.16s
[LOG] generator call logged to generator_test_eval_164_20260222_071614_970.json
[GENERATOR] Starting call test_eval_221...
[GENERATOR] Call test_eval_184 completed in 31.76s
[LOG] generator call logged to generator_test_eval_184_20260222_071615_045.json
[GENERATOR] Starting call test_eval_222...
[GENERATOR] Call test_eval_203 completed in 14.99s
[LOG] generator call logged to generator_test_eval_203_20260222_071615_423.json
[GENERATOR] Starting call test_eval_223...
[GENERATOR] Call test_eval_175 completed in 43.85s
[LOG] generator call logged to generator_test_eval_175_20260222_071616_991.json
[GENERATOR] Starting call test_eval_224...
[GENERATOR] Call test_eval_204 completed in 15.58s
[LOG] generator call logged to generator_test_eval_204_20260222_071617_880.json
[GENERATOR] Starting call test_eval_225...
[GENERATOR] Call test_eval_206 completed in 14.92s
[LOG] generator call logged to generator_test_eval_206_20260222_071618_726.json
[GENERATOR] Starting call test_eval_226...
[GENERATOR] Call test_eval_189 completed in 33.44s
[LOG] generator call logged to generator_test_eval_189_20260222_071620_050.json
[GENERATOR] Starting call test_eval_227...
[GENERATOR] Call test_eval_207 completed in 15.68s
[LOG] generator call logged to generator_test_eval_207_20260222_071621_184.json
[GENERATOR] Starting call test_eval_228...
[GENERATOR] Call test_eval_209 completed in 13.16s
[LOG] generator call logged to generator_test_eval_209_20260222_071621_974.json
[GENERATOR] Starting call test_eval_229...
[GENERATOR] Call test_eval_210 completed in 14.28s
[LOG] generator call logged to generator_test_eval_210_20260222_071623_538.json
[GENERATOR] Starting call test_eval_230...
[GENERATOR] Call test_eval_208 completed in 16.28s
[LOG] generator call logged to generator_test_eval_208_20260222_071624_248.json
[GENERATOR] Starting call test_eval_231...
[GENERATOR] Call test_eval_213 completed in 12.46s
[LOG] generator call logged to generator_test_eval_213_20260222_071624_361.json
[GENERATOR] Starting call test_eval_232...
[GENERATOR] Call test_eval_211 completed in 16.76s
[LOG] generator call logged to generator_test_eval_211_20260222_071626_238.json
[GENERATOR] Starting call test_eval_233...
[GENERATOR] Call test_eval_215 completed in 14.48s
[LOG] generator call logged to generator_test_eval_215_20260222_071626_512.json
[GENERATOR] Starting call test_eval_234...
[GENERATOR] Call test_eval_214 completed in 15.71s
[LOG] generator call logged to generator_test_eval_214_20260222_071627_628.json
[GENERATOR] Starting call test_eval_235...
[GENERATOR] Call test_eval_216 completed in 16.67s
[LOG] generator call logged to generator_test_eval_216_20260222_071628_706.json
[GENERATOR] Starting call test_eval_236...
[GENERATOR] Call test_eval_217 completed in 17.25s
[LOG] generator call logged to generator_test_eval_217_20260222_071629_480.json
[GENERATOR] Starting call test_eval_237...
[GENERATOR] Call test_eval_235 completed in 2.56s
[LOG] generator call logged to generator_test_eval_235_20260222_071630_188.json
[GENERATOR] Starting call test_eval_238...
[GENERATOR] Call test_eval_218 completed in 17.66s
[LOG] generator call logged to generator_test_eval_218_20260222_071630_240.json
[GENERATOR] Starting call test_eval_239...
[GENERATOR] Call test_eval_236 completed in 1.77s
[LOG] generator call logged to generator_test_eval_236_20260222_071630_480.json
[GENERATOR] Starting call test_eval_240...
[GENERATOR] Call test_eval_219 completed in 17.71s
[LOG] generator call logged to generator_test_eval_219_20260222_071631_265.json
[GENERATOR] Starting call test_eval_241...
[GENERATOR] Call test_eval_237 completed in 2.92s
[LOG] generator call logged to generator_test_eval_237_20260222_071632_403.json
[GENERATOR] Starting call test_eval_242...
[GENERATOR] Call test_eval_220 completed in 17.84s
[LOG] generator call logged to generator_test_eval_220_20260222_071632_627.json
[GENERATOR] Starting call test_eval_243...
[GENERATOR] Call test_eval_223 completed in 19.38s
[LOG] generator call logged to generator_test_eval_223_20260222_071634_802.json
[GENERATOR] Starting call test_eval_244...
[GENERATOR] Call test_eval_221 completed in 20.26s
[LOG] generator call logged to generator_test_eval_221_20260222_071635_236.json
[GENERATOR] Starting call test_eval_245...
[GENERATOR] Call test_eval_224 completed in 18.76s
[LOG] generator call logged to generator_test_eval_224_20260222_071635_758.json
[GENERATOR] Starting call test_eval_246...
[GENERATOR] Call test_eval_222 completed in 22.01s
[LOG] generator call logged to generator_test_eval_222_20260222_071637_055.json
[GENERATOR] Starting call test_eval_247...
[GENERATOR] Call test_eval_226 completed in 20.17s
[LOG] generator call logged to generator_test_eval_226_20260222_071638_902.json
[GENERATOR] Starting call test_eval_248...
[GENERATOR] Call test_eval_225 completed in 21.25s
[LOG] generator call logged to generator_test_eval_225_20260222_071639_134.json
[GENERATOR] Starting call test_eval_249...
[GENERATOR] Call test_eval_249 completed in 1.90s
[LOG] generator call logged to generator_test_eval_249_20260222_071641_033.json
[GENERATOR] Starting call test_eval_250...
[GENERATOR] Call test_eval_227 completed in 21.92s
[LOG] generator call logged to generator_test_eval_227_20260222_071641_971.json
[GENERATOR] Starting call test_eval_251...
[GENERATOR] Call test_eval_228 completed in 20.95s
[LOG] generator call logged to generator_test_eval_228_20260222_071642_139.json
[GENERATOR] Starting call test_eval_252...
[GENERATOR] Call test_eval_232 completed in 19.05s
[LOG] generator call logged to generator_test_eval_232_20260222_071643_411.json
[GENERATOR] Starting call test_eval_253...
[GENERATOR] Call test_eval_238 completed in 13.73s
[LOG] generator call logged to generator_test_eval_238_20260222_071643_916.json
[GENERATOR] Starting call test_eval_254...
[GENERATOR] Call test_eval_251 completed in 2.14s
[LOG] generator call logged to generator_test_eval_251_20260222_071644_107.json
[GENERATOR] Starting call test_eval_255...
[GENERATOR] Call test_eval_230 completed in 21.80s
[LOG] generator call logged to generator_test_eval_230_20260222_071645_335.json
[GENERATOR] Starting call test_eval_256...
[GENERATOR] Call test_eval_229 completed in 23.66s
[LOG] generator call logged to generator_test_eval_229_20260222_071645_638.json
[GENERATOR] Starting call test_eval_257...
[GENERATOR] Call test_eval_240 completed in 16.09s
[LOG] generator call logged to generator_test_eval_240_20260222_071646_570.json
[GENERATOR] Starting call test_eval_258...
[GENERATOR] Call test_eval_242 completed in 14.48s
[LOG] generator call logged to generator_test_eval_242_20260222_071646_887.json
[GENERATOR] Starting call test_eval_259...
[GENERATOR] Call test_eval_231 completed in 24.58s
[LOG] generator call logged to generator_test_eval_231_20260222_071648_831.json
[GENERATOR] Starting call test_eval_260...
[GENERATOR] Call test_eval_233 completed in 23.31s
[LOG] generator call logged to generator_test_eval_233_20260222_071649_549.json
[GENERATOR] Starting call test_eval_261...
[GENERATOR] Call test_eval_247 completed in 12.86s
[LOG] generator call logged to generator_test_eval_247_20260222_071649_914.json
[GENERATOR] Starting call test_eval_262...
[GENERATOR] Call test_eval_246 completed in 14.49s
[LOG] generator call logged to generator_test_eval_246_20260222_071650_247.json
[GENERATOR] Starting call test_eval_263...
[GENERATOR] Call test_eval_239 completed in 22.91s
[LOG] generator call logged to generator_test_eval_239_20260222_071653_157.json
[GENERATOR] Starting call test_eval_264...
[GENERATOR] Call test_eval_250 completed in 12.13s
[LOG] generator call logged to generator_test_eval_250_20260222_071653_164.json
[GENERATOR] Starting call test_eval_265...
[GENERATOR] Call test_eval_234 completed in 26.67s
[LOG] generator call logged to generator_test_eval_234_20260222_071653_190.json
[GENERATOR] Starting call test_eval_266...
[GENERATOR] Call test_eval_248 completed in 14.58s
[LOG] generator call logged to generator_test_eval_248_20260222_071653_485.json
[GENERATOR] Starting call test_eval_267...
[GENERATOR] Call test_eval_241 completed in 24.33s
[LOG] generator call logged to generator_test_eval_241_20260222_071655_595.json
[GENERATOR] Starting call test_eval_268...
[GENERATOR] Call test_eval_252 completed in 13.62s
[LOG] generator call logged to generator_test_eval_252_20260222_071655_757.json
[GENERATOR] Starting call test_eval_269...
Progress: 250/1805, Accuracy: 0.276
[GENERATOR] Call test_eval_253 completed in 12.47s
[LOG] generator call logged to generator_test_eval_253_20260222_071655_885.json
[GENERATOR] Starting call test_eval_270...
[GENERATOR] Call test_eval_243 completed in 23.68s
[LOG] generator call logged to generator_test_eval_243_20260222_071656_306.json
[GENERATOR] Starting call test_eval_271...
[GENERATOR] Call test_eval_254 completed in 14.39s
[LOG] generator call logged to generator_test_eval_254_20260222_071658_308.json
[GENERATOR] Starting call test_eval_272...
[GENERATOR] Call test_eval_244 completed in 23.76s
[LOG] generator call logged to generator_test_eval_244_20260222_071658_565.json
[GENERATOR] Starting call test_eval_273...
[GENERATOR] Call test_eval_245 completed in 24.07s
[LOG] generator call logged to generator_test_eval_245_20260222_071659_309.json
[GENERATOR] Starting call test_eval_274...
[GENERATOR] Call test_eval_256 completed in 14.01s
[LOG] generator call logged to generator_test_eval_256_20260222_071659_350.json
[GENERATOR] Starting call test_eval_275...
[GENERATOR] Call test_eval_255 completed in 17.31s
[LOG] generator call logged to generator_test_eval_255_20260222_071701_413.json
[GENERATOR] Starting call test_eval_276...
[GENERATOR] Call test_eval_258 completed in 15.28s
[LOG] generator call logged to generator_test_eval_258_20260222_071701_855.json
[GENERATOR] Starting call test_eval_277...
[GENERATOR] Call test_eval_257 completed in 16.55s
[LOG] generator call logged to generator_test_eval_257_20260222_071702_192.json
[GENERATOR] Starting call test_eval_278...
[GENERATOR] Call test_eval_261 completed in 14.41s
[LOG] generator call logged to generator_test_eval_261_20260222_071703_962.json
[GENERATOR] Starting call test_eval_279...
[GENERATOR] Call test_eval_259 completed in 18.15s
[LOG] generator call logged to generator_test_eval_259_20260222_071705_034.json
[GENERATOR] Starting call test_eval_280...
[GENERATOR] Call test_eval_262 completed in 16.23s
[LOG] generator call logged to generator_test_eval_262_20260222_071706_147.json
[GENERATOR] Starting call test_eval_281...
[GENERATOR] Call test_eval_260 completed in 17.33s
[LOG] generator call logged to generator_test_eval_260_20260222_071706_159.json
[GENERATOR] Starting call test_eval_282...
[GENERATOR] Call test_eval_263 completed in 17.35s
[LOG] generator call logged to generator_test_eval_263_20260222_071707_598.json
[GENERATOR] Starting call test_eval_283...
[GENERATOR] Call test_eval_266 completed in 14.64s
[LOG] generator call logged to generator_test_eval_266_20260222_071707_833.json
[GENERATOR] Starting call test_eval_284...
[GENERATOR] Call test_eval_268 completed in 13.59s
[LOG] generator call logged to generator_test_eval_268_20260222_071709_182.json
[GENERATOR] Starting call test_eval_285...
[GENERATOR] Call test_eval_264 completed in 16.91s
[LOG] generator call logged to generator_test_eval_264_20260222_071710_069.json
[GENERATOR] Starting call test_eval_286...
[GENERATOR] Call test_eval_269 completed in 14.99s
[LOG] generator call logged to generator_test_eval_269_20260222_071710_752.json
[GENERATOR] Starting call test_eval_287...
[GENERATOR] Call test_eval_271 completed in 16.44s
[LOG] generator call logged to generator_test_eval_271_20260222_071712_742.json
[GENERATOR] Starting call test_eval_288...
[GENERATOR] Call test_eval_265 completed in 19.61s
[LOG] generator call logged to generator_test_eval_265_20260222_071712_779.json
[GENERATOR] Starting call test_eval_289...
[GENERATOR] Call test_eval_267 completed in 19.60s
[LOG] generator call logged to generator_test_eval_267_20260222_071713_089.json
[GENERATOR] Starting call test_eval_290...
[GENERATOR] Call test_eval_272 completed in 15.27s
[LOG] generator call logged to generator_test_eval_272_20260222_071713_584.json
[GENERATOR] Starting call test_eval_291...
[GENERATOR] Call test_eval_273 completed in 17.71s
[LOG] generator call logged to generator_test_eval_273_20260222_071716_274.json
[GENERATOR] Starting call test_eval_292...
[GENERATOR] Call test_eval_278 completed in 14.15s
[LOG] generator call logged to generator_test_eval_278_20260222_071716_342.json
[GENERATOR] Starting call test_eval_293...
[GENERATOR] Call test_eval_276 completed in 15.06s
[LOG] generator call logged to generator_test_eval_276_20260222_071716_472.json
[GENERATOR] Starting call test_eval_294...
[GENERATOR] Call test_eval_270 completed in 20.88s
[LOG] generator call logged to generator_test_eval_270_20260222_071716_769.json
[GENERATOR] Starting call test_eval_295...
[GENERATOR] Call test_eval_274 completed in 21.03s
[LOG] generator call logged to generator_test_eval_274_20260222_071720_338.json
[GENERATOR] Starting call test_eval_296...
[GENERATOR] Call test_eval_279 completed in 16.72s
[LOG] generator call logged to generator_test_eval_279_20260222_071720_682.json
[GENERATOR] Starting call test_eval_297...
[GENERATOR] Call test_eval_275 completed in 21.66s
[LOG] generator call logged to generator_test_eval_275_20260222_071721_013.json
[GENERATOR] Starting call test_eval_298...
[GENERATOR] Call test_eval_282 completed in 16.31s
[LOG] generator call logged to generator_test_eval_282_20260222_071722_470.json
[GENERATOR] Starting call test_eval_299...
[GENERATOR] Call test_eval_284 completed in 15.97s
[LOG] generator call logged to generator_test_eval_284_20260222_071723_800.json
[GENERATOR] Starting call test_eval_300...
[GENERATOR] Call test_eval_280 completed in 19.43s
[LOG] generator call logged to generator_test_eval_280_20260222_071724_467.json
[GENERATOR] Starting call test_eval_301...
[GENERATOR] Call test_eval_277 completed in 23.81s
[LOG] generator call logged to generator_test_eval_277_20260222_071725_665.json
[GENERATOR] Starting call test_eval_302...
[GENERATOR] Call test_eval_283 completed in 19.60s
[LOG] generator call logged to generator_test_eval_283_20260222_071727_202.json
[GENERATOR] Starting call test_eval_303...
[GENERATOR] Call test_eval_287 completed in 16.88s
[LOG] generator call logged to generator_test_eval_287_20260222_071727_628.json
[GENERATOR] Starting call test_eval_304...
[GENERATOR] Call test_eval_281 completed in 23.24s
[LOG] generator call logged to generator_test_eval_281_20260222_071729_387.json
[GENERATOR] Starting call test_eval_305...
[GENERATOR] Call test_eval_290 completed in 17.32s
[LOG] generator call logged to generator_test_eval_290_20260222_071730_410.json
[GENERATOR] Starting call test_eval_306...
[GENERATOR] Call test_eval_289 completed in 17.79s
[LOG] generator call logged to generator_test_eval_289_20260222_071730_572.json
[GENERATOR] Starting call test_eval_307...
[GENERATOR] Call test_eval_285 completed in 21.64s
[LOG] generator call logged to generator_test_eval_285_20260222_071730_827.json
[GENERATOR] Starting call test_eval_308...
[GENERATOR] Call test_eval_286 completed in 22.52s
[LOG] generator call logged to generator_test_eval_286_20260222_071732_588.json
[GENERATOR] Starting call test_eval_309...
[GENERATOR] Call test_eval_292 completed in 17.51s
[LOG] generator call logged to generator_test_eval_292_20260222_071733_790.json
[GENERATOR] Starting call test_eval_310...
[GENERATOR] Call test_eval_291 completed in 20.60s
[LOG] generator call logged to generator_test_eval_291_20260222_071734_182.json
[GENERATOR] Starting call test_eval_311...
[GENERATOR] Call test_eval_288 completed in 22.64s
[LOG] generator call logged to generator_test_eval_288_20260222_071735_382.json
[GENERATOR] Starting call test_eval_312...
[GENERATOR] Call test_eval_297 completed in 15.46s
[LOG] generator call logged to generator_test_eval_297_20260222_071736_142.json
[GENERATOR] Starting call test_eval_313...
[GENERATOR] Call test_eval_293 completed in 20.57s
[LOG] generator call logged to generator_test_eval_293_20260222_071736_909.json
[GENERATOR] Starting call test_eval_314...
[GENERATOR] Call test_eval_302 completed in 12.11s
[LOG] generator call logged to generator_test_eval_302_20260222_071737_778.json
[GENERATOR] Starting call test_eval_315...
[GENERATOR] Call test_eval_294 completed in 21.40s
[LOG] generator call logged to generator_test_eval_294_20260222_071737_875.json
[GENERATOR] Starting call test_eval_316...
[GENERATOR] Call test_eval_304 completed in 12.84s
[GENERATOR] Call test_eval_295 completed in 23.70s
[LOG] generator call logged to generator_test_eval_304_20260222_071740_466.json
[GENERATOR] Starting call test_eval_317...
[LOG] generator call logged to generator_test_eval_295_20260222_071740_466.json
[GENERATOR] Starting call test_eval_318...
[GENERATOR] Call test_eval_296 completed in 20.92s
[LOG] generator call logged to generator_test_eval_296_20260222_071741_260.json
[GENERATOR] Starting call test_eval_319...
Progress: 300/1805, Accuracy: 0.283
[GENERATOR] Call test_eval_305 completed in 12.67s
[LOG] generator call logged to generator_test_eval_305_20260222_071742_055.json
[GENERATOR] Starting call test_eval_320...
[GENERATOR] Call test_eval_298 completed in 23.22s
[LOG] generator call logged to generator_test_eval_298_20260222_071744_230.json
[GENERATOR] Starting call test_eval_321...
[GENERATOR] Call test_eval_301 completed in 20.07s
[LOG] generator call logged to generator_test_eval_301_20260222_071744_538.json
[GENERATOR] Starting call test_eval_322...
[GENERATOR] Call test_eval_307 completed in 15.91s
[LOG] generator call logged to generator_test_eval_307_20260222_071746_489.json
[GENERATOR] Starting call test_eval_323...
[GENERATOR] Call test_eval_308 completed in 15.70s
[LOG] generator call logged to generator_test_eval_308_20260222_071746_528.json
[GENERATOR] Starting call test_eval_324...
[GENERATOR] Call test_eval_300 completed in 23.09s
[LOG] generator call logged to generator_test_eval_300_20260222_071746_895.json
[GENERATOR] Starting call test_eval_325...
[GENERATOR] Call test_eval_299 completed in 24.92s
[LOG] generator call logged to generator_test_eval_299_20260222_071747_396.json
[GENERATOR] Starting call test_eval_326...
[GENERATOR] Call test_eval_313 completed in 13.21s
[LOG] generator call logged to generator_test_eval_313_20260222_071749_356.json
[GENERATOR] Starting call test_eval_327...
[GENERATOR] Call test_eval_312 completed in 14.27s
[LOG] generator call logged to generator_test_eval_312_20260222_071749_657.json
[GENERATOR] Starting call test_eval_328...
[GENERATOR] Call test_eval_306 completed in 20.17s
[LOG] generator call logged to generator_test_eval_306_20260222_071750_583.json
[GENERATOR] Starting call test_eval_329...
[GENERATOR] Call test_eval_303 completed in 23.79s
[LOG] generator call logged to generator_test_eval_303_20260222_071750_991.json
[GENERATOR] Starting call test_eval_330...
[GENERATOR] Call test_eval_318 completed in 13.08s
[LOG] generator call logged to generator_test_eval_318_20260222_071753_552.json
[GENERATOR] Starting call test_eval_331...
[GENERATOR] Call test_eval_309 completed in 21.66s
[LOG] generator call logged to generator_test_eval_309_20260222_071754_246.json
[GENERATOR] Starting call test_eval_332...
[GENERATOR] Call test_eval_319 completed in 16.16s
[LOG] generator call logged to generator_test_eval_319_20260222_071757_419.json
[GENERATOR] Starting call test_eval_333...
[GENERATOR] Call test_eval_310 completed in 23.71s
[LOG] generator call logged to generator_test_eval_310_20260222_071757_504.json
[GENERATOR] Starting call test_eval_334...
[GENERATOR] Call test_eval_320 completed in 15.82s
[LOG] generator call logged to generator_test_eval_320_20260222_071757_872.json
[GENERATOR] Starting call test_eval_335...
[GENERATOR] Call test_eval_311 completed in 25.96s
[LOG] generator call logged to generator_test_eval_311_20260222_071800_143.json
[GENERATOR] Starting call test_eval_336...
[GENERATOR] Call test_eval_321 completed in 16.38s
[LOG] generator call logged to generator_test_eval_321_20260222_071800_614.json
[GENERATOR] Starting call test_eval_337...
[GENERATOR] Call test_eval_314 completed in 24.23s
[LOG] generator call logged to generator_test_eval_314_20260222_071801_143.json
[GENERATOR] Starting call test_eval_338...
[GENERATOR] Call test_eval_323 completed in 15.76s
[LOG] generator call logged to generator_test_eval_323_20260222_071802_254.json
[GENERATOR] Starting call test_eval_339...
[GENERATOR] Call test_eval_315 completed in 25.46s
[LOG] generator call logged to generator_test_eval_315_20260222_071803_237.json
[GENERATOR] Starting call test_eval_340...
[GENERATOR] Call test_eval_325 completed in 16.97s
[LOG] generator call logged to generator_test_eval_325_20260222_071803_866.json
[GENERATOR] Starting call test_eval_341...
[GENERATOR] Call test_eval_316 completed in 26.03s
[LOG] generator call logged to generator_test_eval_316_20260222_071803_909.json
[GENERATOR] Starting call test_eval_342...
[GENERATOR] Call test_eval_331 completed in 11.51s
[LOG] generator call logged to generator_test_eval_331_20260222_071805_067.json
[GENERATOR] Starting call test_eval_343...
[GENERATOR] Call test_eval_322 completed in 22.25s
[LOG] generator call logged to generator_test_eval_322_20260222_071806_793.json
[GENERATOR] Starting call test_eval_344...
[GENERATOR] Call test_eval_317 completed in 26.47s
[LOG] generator call logged to generator_test_eval_317_20260222_071806_941.json
[GENERATOR] Starting call test_eval_345...
[GENERATOR] Call test_eval_333 completed in 10.36s
[LOG] generator call logged to generator_test_eval_333_20260222_071807_786.json
[GENERATOR] Starting call test_eval_346...
[GENERATOR] Call test_eval_332 completed in 13.55s
[LOG] generator call logged to generator_test_eval_332_20260222_071807_794.json
[GENERATOR] Starting call test_eval_347...
[GENERATOR] Call test_eval_324 completed in 24.12s
[LOG] generator call logged to generator_test_eval_324_20260222_071810_656.json
[GENERATOR] Starting call test_eval_348...
[GENERATOR] Call test_eval_334 completed in 13.28s
[LOG] generator call logged to generator_test_eval_334_20260222_071810_783.json
[GENERATOR] Starting call test_eval_349...
[GENERATOR] Call test_eval_341 completed in 7.37s
[LOG] generator call logged to generator_test_eval_341_20260222_071811_234.json
[GENERATOR] Starting call test_eval_350...
[GENERATOR] Call test_eval_327 completed in 24.47s
[LOG] generator call logged to generator_test_eval_327_20260222_071813_829.json
[GENERATOR] Starting call test_eval_351...
[GENERATOR] Call test_eval_342 completed in 11.30s
[LOG] generator call logged to generator_test_eval_342_20260222_071815_214.json
[GENERATOR] Starting call test_eval_352...
[GENERATOR] Call test_eval_328 completed in 27.10s
[LOG] generator call logged to generator_test_eval_328_20260222_071816_759.json
[GENERATOR] Starting call test_eval_353...
[GENERATOR] Call test_eval_326 completed in 30.03s
[LOG] generator call logged to generator_test_eval_326_20260222_071817_425.json
[GENERATOR] Starting call test_eval_354...
[GENERATOR] Call test_eval_351 completed in 5.14s
[LOG] generator call logged to generator_test_eval_351_20260222_071818_974.json
[GENERATOR] Starting call test_eval_355...
[GENERATOR] Call test_eval_346 completed in 11.50s
[LOG] generator call logged to generator_test_eval_346_20260222_071819_290.json
[GENERATOR] Starting call test_eval_356...
[GENERATOR] Call test_eval_345 completed in 12.43s
[LOG] generator call logged to generator_test_eval_345_20260222_071819_378.json
[GENERATOR] Starting call test_eval_357...
[GENERATOR] Call test_eval_329 completed in 28.90s
[LOG] generator call logged to generator_test_eval_329_20260222_071819_487.json
[GENERATOR] Starting call test_eval_358...
[GENERATOR] Call test_eval_330 completed in 29.80s
[LOG] generator call logged to generator_test_eval_330_20260222_071820_791.json
[GENERATOR] Starting call test_eval_359...
[GENERATOR] Call test_eval_352 completed in 6.87s
[LOG] generator call logged to generator_test_eval_352_20260222_071822_088.json
[GENERATOR] Starting call test_eval_360...
[GENERATOR] Call test_eval_335 completed in 24.52s
[LOG] generator call logged to generator_test_eval_335_20260222_071822_391.json
[GENERATOR] Starting call test_eval_361...
[GENERATOR] Call test_eval_348 completed in 12.08s
[LOG] generator call logged to generator_test_eval_348_20260222_071822_736.json
[GENERATOR] Starting call test_eval_362...
[GENERATOR] Call test_eval_350 completed in 12.22s
[LOG] generator call logged to generator_test_eval_350_20260222_071823_453.json
[GENERATOR] Starting call test_eval_363...
[GENERATOR] Call test_eval_355 completed in 5.02s
[LOG] generator call logged to generator_test_eval_355_20260222_071823_998.json
[GENERATOR] Starting call test_eval_364...
[GENERATOR] Call test_eval_356 completed in 6.10s
[LOG] generator call logged to generator_test_eval_356_20260222_071825_386.json
[GENERATOR] Starting call test_eval_365...
[GENERATOR] Call test_eval_336 completed in 26.02s
[LOG] generator call logged to generator_test_eval_336_20260222_071826_165.json
[GENERATOR] Starting call test_eval_366...
[GENERATOR] Call test_eval_353 completed in 9.45s
[LOG] generator call logged to generator_test_eval_353_20260222_071826_214.json
[GENERATOR] Starting call test_eval_367...
[GENERATOR] Call test_eval_357 completed in 7.35s
[LOG] generator call logged to generator_test_eval_357_20260222_071826_731.json
[GENERATOR] Starting call test_eval_368...
[GENERATOR] Call test_eval_363 completed in 3.82s
[LOG] generator call logged to generator_test_eval_363_20260222_071827_276.json
[GENERATOR] Starting call test_eval_369...
Progress: 350/1805, Accuracy: 0.280
[GENERATOR] Call test_eval_337 completed in 27.10s
[LOG] generator call logged to generator_test_eval_337_20260222_071827_717.json
[GENERATOR] Starting call test_eval_370...
[GENERATOR] Call test_eval_354 completed in 10.31s
[LOG] generator call logged to generator_test_eval_354_20260222_071827_741.json
[GENERATOR] Starting call test_eval_371...
[GENERATOR] Call test_eval_359 completed in 8.80s
[LOG] generator call logged to generator_test_eval_359_20260222_071829_594.json
[GENERATOR] Starting call test_eval_372...
[GENERATOR] Call test_eval_367 completed in 3.70s
[LOG] generator call logged to generator_test_eval_367_20260222_071829_911.json
[GENERATOR] Starting call test_eval_373...
[GENERATOR] Call test_eval_358 completed in 10.60s
[LOG] generator call logged to generator_test_eval_358_20260222_071830_091.json
[GENERATOR] Starting call test_eval_374...
[GENERATOR] Call test_eval_339 completed in 28.54s
[LOG] generator call logged to generator_test_eval_339_20260222_071830_793.json
[GENERATOR] Starting call test_eval_375...
[GENERATOR] Call test_eval_364 completed in 7.23s
[LOG] generator call logged to generator_test_eval_364_20260222_071831_231.json
[GENERATOR] Starting call test_eval_376...
[GENERATOR] Call test_eval_338 completed in 30.19s
[LOG] generator call logged to generator_test_eval_338_20260222_071831_329.json
[GENERATOR] Starting call test_eval_377...
[GENERATOR] Call test_eval_372 completed in 5.12s
[LOG] generator call logged to generator_test_eval_372_20260222_071834_715.json
[GENERATOR] Starting call test_eval_378...
[GENERATOR] Call test_eval_340 completed in 32.67s
[LOG] generator call logged to generator_test_eval_340_20260222_071835_908.json
[GENERATOR] Starting call test_eval_379...
[GENERATOR] Call test_eval_343 completed in 30.93s
[LOG] generator call logged to generator_test_eval_343_20260222_071836_002.json
[GENERATOR] Starting call test_eval_380...
[GENERATOR] Call test_eval_370 completed in 8.99s
[LOG] generator call logged to generator_test_eval_370_20260222_071836_710.json
[GENERATOR] Starting call test_eval_381...
[GENERATOR] Call test_eval_374 completed in 7.70s
[LOG] generator call logged to generator_test_eval_374_20260222_071837_790.json
[GENERATOR] Starting call test_eval_382...
[GENERATOR] Call test_eval_381 completed in 2.21s
[LOG] generator call logged to generator_test_eval_381_20260222_071838_916.json
[GENERATOR] Starting call test_eval_383...
[GENERATOR] Call test_eval_376 completed in 8.67s
[LOG] generator call logged to generator_test_eval_376_20260222_071839_899.json
[GENERATOR] Starting call test_eval_384...
[GENERATOR] Call test_eval_347 completed in 32.14s
[LOG] generator call logged to generator_test_eval_347_20260222_071839_936.json
[GENERATOR] Starting call test_eval_385...
[GENERATOR] Call test_eval_344 completed in 34.06s
[LOG] generator call logged to generator_test_eval_344_20260222_071840_853.json
[GENERATOR] Starting call test_eval_386...
[GENERATOR] Call test_eval_378 completed in 7.37s
[LOG] generator call logged to generator_test_eval_378_20260222_071842_091.json
[GENERATOR] Starting call test_eval_387...
[GENERATOR] Call test_eval_383 completed in 3.89s
[LOG] generator call logged to generator_test_eval_383_20260222_071842_807.json
[GENERATOR] Starting call test_eval_388...
[GENERATOR] Call test_eval_349 completed in 32.48s
[LOG] generator call logged to generator_test_eval_349_20260222_071843_266.json
[GENERATOR] Starting call test_eval_389...
[GENERATOR] Call test_eval_360 completed in 21.53s
[LOG] generator call logged to generator_test_eval_360_20260222_071843_618.json
[GENERATOR] Starting call test_eval_390...
[GENERATOR] Call test_eval_386 completed in 4.75s
[LOG] generator call logged to generator_test_eval_386_20260222_071845_608.json
[GENERATOR] Starting call test_eval_391...
[GENERATOR] Call test_eval_361 completed in 24.72s
[GENERATOR] Call test_eval_384 completed in 7.21s
[LOG] generator call logged to generator_test_eval_361_20260222_071847_111.json
[GENERATOR] Starting call test_eval_392...
[LOG] generator call logged to generator_test_eval_384_20260222_071847_112.json
[GENERATOR] Starting call test_eval_393...
[GENERATOR] Call test_eval_387 completed in 7.68s
[LOG] generator call logged to generator_test_eval_387_20260222_071849_771.json
[GENERATOR] Starting call test_eval_394...
[GENERATOR] Call test_eval_365 completed in 24.69s
[LOG] generator call logged to generator_test_eval_365_20260222_071850_078.json
[GENERATOR] Starting call test_eval_395...
[GENERATOR] Call test_eval_362 completed in 28.15s
[LOG] generator call logged to generator_test_eval_362_20260222_071850_897.json
[GENERATOR] Starting call test_eval_396...
[GENERATOR] Call test_eval_389 completed in 7.80s
[LOG] generator call logged to generator_test_eval_389_20260222_071851_072.json
[GENERATOR] Starting call test_eval_397...
[GENERATOR] Call test_eval_366 completed in 26.78s
[LOG] generator call logged to generator_test_eval_366_20260222_071852_945.json
[GENERATOR] Starting call test_eval_398...
[GENERATOR] Call test_eval_393 completed in 9.42s
[LOG] generator call logged to generator_test_eval_393_20260222_071856_531.json
[GENERATOR] Starting call test_eval_399...
[GENERATOR] Call test_eval_391 completed in 11.25s
[LOG] generator call logged to generator_test_eval_391_20260222_071856_863.json
[GENERATOR] Starting call test_eval_400...
[GENERATOR] Call test_eval_368 completed in 30.82s
[GENERATOR] Call test_eval_369 completed in 30.28s
[LOG] generator call logged to generator_test_eval_369_20260222_071857_556.json
[GENERATOR] Starting call test_eval_401...
[LOG] generator call logged to generator_test_eval_368_20260222_071857_555.json
[GENERATOR] Starting call test_eval_402...
[GENERATOR] Call test_eval_373 completed in 30.29s
[LOG] generator call logged to generator_test_eval_373_20260222_071900_204.json
[GENERATOR] Starting call test_eval_403...
[GENERATOR] Call test_eval_398 completed in 10.13s
[LOG] generator call logged to generator_test_eval_398_20260222_071903_083.json
[GENERATOR] Starting call test_eval_404...
[GENERATOR] Call test_eval_375 completed in 32.73s
[LOG] generator call logged to generator_test_eval_375_20260222_071903_526.json
[GENERATOR] Starting call test_eval_405...
[GENERATOR] Call test_eval_377 completed in 35.03s
[LOG] generator call logged to generator_test_eval_377_20260222_071906_356.json
[GENERATOR] Starting call test_eval_406...
[GENERATOR] Call test_eval_394 completed in 17.32s
[LOG] generator call logged to generator_test_eval_394_20260222_071907_089.json
[GENERATOR] Starting call test_eval_407...
[GENERATOR] Call test_eval_379 completed in 33.54s
[LOG] generator call logged to generator_test_eval_379_20260222_071909_448.json
[GENERATOR] Starting call test_eval_408...
[GENERATOR] Call test_eval_399 completed in 13.92s
[LOG] generator call logged to generator_test_eval_399_20260222_071910_451.json
[GENERATOR] Starting call test_eval_409...
[GENERATOR] Call test_eval_401 completed in 13.27s
[LOG] generator call logged to generator_test_eval_401_20260222_071910_830.json
[GENERATOR] Starting call test_eval_410...
[GENERATOR] Call test_eval_371 completed in 43.63s
[LOG] generator call logged to generator_test_eval_371_20260222_071911_378.json
[GENERATOR] Starting call test_eval_411...
[GENERATOR] Call test_eval_380 completed in 36.51s
[LOG] generator call logged to generator_test_eval_380_20260222_071912_516.json
[GENERATOR] Starting call test_eval_412...
[GENERATOR] Call test_eval_402 completed in 15.65s
[LOG] generator call logged to generator_test_eval_402_20260222_071913_215.json
[GENERATOR] Starting call test_eval_413...
[GENERATOR] Call test_eval_405 completed in 10.40s
[LOG] generator call logged to generator_test_eval_405_20260222_071913_931.json
[GENERATOR] Starting call test_eval_414...
[GENERATOR] Call test_eval_385 completed in 35.41s
[LOG] generator call logged to generator_test_eval_385_20260222_071915_351.json
[GENERATOR] Starting call test_eval_415...
[GENERATOR] Call test_eval_414 completed in 3.10s
[LOG] generator call logged to generator_test_eval_414_20260222_071917_034.json
[GENERATOR] Starting call test_eval_416...
[GENERATOR] Call test_eval_410 completed in 6.79s
[LOG] generator call logged to generator_test_eval_410_20260222_071917_624.json
[GENERATOR] Starting call test_eval_417...
[GENERATOR] Call test_eval_388 completed in 35.32s
[LOG] generator call logged to generator_test_eval_388_20260222_071918_134.json
[GENERATOR] Starting call test_eval_418...
[GENERATOR] Call test_eval_415 completed in 6.16s
[LOG] generator call logged to generator_test_eval_415_20260222_071921_511.json
[GENERATOR] Starting call test_eval_419...
Progress: 400/1805, Accuracy: 0.280
[GENERATOR] Call test_eval_390 completed in 38.51s
[LOG] generator call logged to generator_test_eval_390_20260222_071922_129.json
[GENERATOR] Starting call test_eval_420...
[GENERATOR] Call test_eval_417 completed in 4.61s
[LOG] generator call logged to generator_test_eval_417_20260222_071922_236.json
[GENERATOR] Starting call test_eval_421...
[GENERATOR] Call test_eval_382 completed in 45.64s
[LOG] generator call logged to generator_test_eval_382_20260222_071923_435.json
[GENERATOR] Starting call test_eval_422...
[GENERATOR] Call test_eval_421 completed in 2.66s
[LOG] generator call logged to generator_test_eval_421_20260222_071924_894.json
[GENERATOR] Starting call test_eval_423...
[GENERATOR] Call test_eval_422 completed in 2.29s
[LOG] generator call logged to generator_test_eval_422_20260222_071925_722.json
[GENERATOR] Starting call test_eval_424...
[GENERATOR] Call test_eval_418 completed in 8.26s
[LOG] generator call logged to generator_test_eval_418_20260222_071926_394.json
[GENERATOR] Starting call test_eval_425...
[GENERATOR] Call test_eval_395 completed in 38.94s
[LOG] generator call logged to generator_test_eval_395_20260222_071929_016.json
[GENERATOR] Starting call test_eval_426...
[GENERATOR] Call test_eval_392 completed in 43.14s
[LOG] generator call logged to generator_test_eval_392_20260222_071930_258.json
[GENERATOR] Starting call test_eval_427...
[GENERATOR] Call test_eval_425 completed in 6.14s
[LOG] generator call logged to generator_test_eval_425_20260222_071932_537.json
[GENERATOR] Starting call test_eval_428...
[GENERATOR] Call test_eval_396 completed in 43.58s
[LOG] generator call logged to generator_test_eval_396_20260222_071934_476.json
[GENERATOR] Starting call test_eval_429...
[GENERATOR] Call test_eval_397 completed in 44.63s
[LOG] generator call logged to generator_test_eval_397_20260222_071935_706.json
[GENERATOR] Starting call test_eval_430...
[GENERATOR] Call test_eval_426 completed in 8.98s
[LOG] generator call logged to generator_test_eval_426_20260222_071938_002.json
[GENERATOR] Starting call test_eval_431...
[GENERATOR] Call test_eval_400 completed in 42.67s
[LOG] generator call logged to generator_test_eval_400_20260222_071939_533.json
[GENERATOR] Starting call test_eval_432...
[GENERATOR] Call test_eval_403 completed in 40.51s
[LOG] generator call logged to generator_test_eval_403_20260222_071940_715.json
[GENERATOR] Starting call test_eval_433...
[GENERATOR] Call test_eval_431 completed in 5.83s
[LOG] generator call logged to generator_test_eval_431_20260222_071943_840.json
[GENERATOR] Starting call test_eval_434...
[GENERATOR] Call test_eval_406 completed in 37.51s
[LOG] generator call logged to generator_test_eval_406_20260222_071943_869.json
[GENERATOR] Starting call test_eval_435...
[GENERATOR] Call test_eval_407 completed in 40.33s
[LOG] generator call logged to generator_test_eval_407_20260222_071947_422.json
[GENERATOR] Starting call test_eval_436...
[GENERATOR] Call test_eval_404 completed in 45.44s
[LOG] generator call logged to generator_test_eval_404_20260222_071948_529.json
[GENERATOR] Starting call test_eval_437...
[GENERATOR] Call test_eval_432 completed in 10.45s
[LOG] generator call logged to generator_test_eval_432_20260222_071949_983.json
[GENERATOR] Starting call test_eval_438...
[GENERATOR] Call test_eval_409 completed in 41.38s
[LOG] generator call logged to generator_test_eval_409_20260222_071951_834.json
[GENERATOR] Starting call test_eval_439...
[GENERATOR] Call test_eval_408 completed in 45.34s
[LOG] generator call logged to generator_test_eval_408_20260222_071954_792.json
[GENERATOR] Starting call test_eval_440...
[GENERATOR] Call test_eval_411 completed in 45.00s
[LOG] generator call logged to generator_test_eval_411_20260222_071956_378.json
[GENERATOR] Starting call test_eval_441...
[GENERATOR] Call test_eval_412 completed in 45.22s
[LOG] generator call logged to generator_test_eval_412_20260222_071957_736.json
[GENERATOR] Starting call test_eval_442...
[GENERATOR] Call test_eval_413 completed in 46.13s
[LOG] generator call logged to generator_test_eval_413_20260222_071959_344.json
[GENERATOR] Starting call test_eval_443...
[GENERATOR] Call test_eval_439 completed in 8.75s
[LOG] generator call logged to generator_test_eval_439_20260222_072000_583.json
[GENERATOR] Starting call test_eval_444...
[GENERATOR] Call test_eval_416 completed in 44.03s
[LOG] generator call logged to generator_test_eval_416_20260222_072001_065.json
[GENERATOR] Starting call test_eval_445...
[GENERATOR] Call test_eval_419 completed in 40.96s
[LOG] generator call logged to generator_test_eval_419_20260222_072002_476.json
[GENERATOR] Starting call test_eval_446...
[GENERATOR] Call test_eval_420 completed in 41.66s
[LOG] generator call logged to generator_test_eval_420_20260222_072003_791.json
[GENERATOR] Starting call test_eval_447...
[GENERATOR] Call test_eval_443 completed in 4.49s
[LOG] generator call logged to generator_test_eval_443_20260222_072003_838.json
[GENERATOR] Starting call test_eval_448...
[GENERATOR] Call test_eval_423 completed in 40.75s
[LOG] generator call logged to generator_test_eval_423_20260222_072005_645.json
[GENERATOR] Starting call test_eval_449...
[GENERATOR] Call test_eval_445 completed in 7.65s
[LOG] generator call logged to generator_test_eval_445_20260222_072008_717.json
[GENERATOR] Starting call test_eval_450...
[GENERATOR] Call test_eval_427 completed in 39.10s
[LOG] generator call logged to generator_test_eval_427_20260222_072009_357.json
[GENERATOR] Starting call test_eval_451...
[GENERATOR] Call test_eval_444 completed in 9.14s
[LOG] generator call logged to generator_test_eval_444_20260222_072009_723.json
[GENERATOR] Starting call test_eval_452...
[GENERATOR] Call test_eval_447 completed in 8.00s
[LOG] generator call logged to generator_test_eval_447_20260222_072011_789.json
[GENERATOR] Starting call test_eval_453...
[GENERATOR] Call test_eval_428 completed in 39.87s
[LOG] generator call logged to generator_test_eval_428_20260222_072012_407.json
[GENERATOR] Starting call test_eval_454...
[GENERATOR] Call test_eval_448 completed in 9.08s
[LOG] generator call logged to generator_test_eval_448_20260222_072012_924.json
[GENERATOR] Starting call test_eval_455...
[GENERATOR] Call test_eval_424 completed in 47.91s
[LOG] generator call logged to generator_test_eval_424_20260222_072013_637.json
[GENERATOR] Starting call test_eval_456...
[GENERATOR] Call test_eval_450 completed in 6.44s
[LOG] generator call logged to generator_test_eval_450_20260222_072015_162.json
[GENERATOR] Starting call test_eval_457...
[GENERATOR] Call test_eval_429 completed in 40.75s
[LOG] generator call logged to generator_test_eval_429_20260222_072015_229.json
[GENERATOR] Starting call test_eval_458...
[GENERATOR] Call test_eval_453 completed in 3.97s
[LOG] generator call logged to generator_test_eval_453_20260222_072015_758.json
[GENERATOR] Starting call test_eval_459...
[GENERATOR] Call test_eval_457 completed in 1.95s
[GENERATOR] Call test_eval_430 completed in 41.41s
[LOG] generator call logged to generator_test_eval_430_20260222_072017_119.json
[GENERATOR] Starting call test_eval_460...
[LOG] generator call logged to generator_test_eval_457_20260222_072017_118.json
[GENERATOR] Starting call test_eval_461...
[GENERATOR] Call test_eval_454 completed in 5.42s
[LOG] generator call logged to generator_test_eval_454_20260222_072017_831.json
[GENERATOR] Starting call test_eval_462...
[GENERATOR] Call test_eval_433 completed in 39.06s
[LOG] generator call logged to generator_test_eval_433_20260222_072019_777.json
[GENERATOR] Starting call test_eval_463...
[GENERATOR] Call test_eval_455 completed in 7.16s
[LOG] generator call logged to generator_test_eval_455_20260222_072020_087.json
[GENERATOR] Starting call test_eval_464...
[GENERATOR] Call test_eval_434 completed in 36.34s
[LOG] generator call logged to generator_test_eval_434_20260222_072020_181.json
[GENERATOR] Starting call test_eval_465...
[GENERATOR] Call test_eval_456 completed in 7.78s
[LOG] generator call logged to generator_test_eval_456_20260222_072021_419.json
[GENERATOR] Starting call test_eval_466...
[GENERATOR] Call test_eval_462 completed in 5.37s
[LOG] generator call logged to generator_test_eval_462_20260222_072023_201.json
[GENERATOR] Starting call test_eval_467...
[GENERATOR] Call test_eval_463 completed in 3.69s
[LOG] generator call logged to generator_test_eval_463_20260222_072023_467.json
[GENERATOR] Starting call test_eval_468...
[GENERATOR] Call test_eval_465 completed in 3.89s
[LOG] generator call logged to generator_test_eval_465_20260222_072024_074.json
[GENERATOR] Starting call test_eval_469...
Progress: 450/1805, Accuracy: 0.284
[GENERATOR] Call test_eval_464 completed in 4.14s
[LOG] generator call logged to generator_test_eval_464_20260222_072024_227.json
[GENERATOR] Starting call test_eval_470...
[GENERATOR] Call test_eval_435 completed in 40.41s
[LOG] generator call logged to generator_test_eval_435_20260222_072024_276.json
[GENERATOR] Starting call test_eval_471...
[GENERATOR] Call test_eval_468 completed in 1.43s
[LOG] generator call logged to generator_test_eval_468_20260222_072024_898.json
[GENERATOR] Starting call test_eval_472...
[GENERATOR] Call test_eval_466 completed in 4.81s
[LOG] generator call logged to generator_test_eval_466_20260222_072026_233.json
[GENERATOR] Starting call test_eval_473...
[GENERATOR] Call test_eval_437 completed in 40.98s
[LOG] generator call logged to generator_test_eval_437_20260222_072029_508.json
[GENERATOR] Starting call test_eval_474...
[GENERATOR] Call test_eval_436 completed in 42.30s
[LOG] generator call logged to generator_test_eval_436_20260222_072029_726.json
[GENERATOR] Starting call test_eval_475...
[GENERATOR] Call test_eval_469 completed in 5.85s
[LOG] generator call logged to generator_test_eval_469_20260222_072029_927.json
[GENERATOR] Starting call test_eval_476...
[GENERATOR] Call test_eval_467 completed in 6.82s
[LOG] generator call logged to generator_test_eval_467_20260222_072030_028.json
[GENERATOR] Starting call test_eval_477...
[GENERATOR] Call test_eval_471 completed in 5.75s
[LOG] generator call logged to generator_test_eval_471_20260222_072030_031.json
[GENERATOR] Starting call test_eval_478...
[GENERATOR] Call test_eval_470 completed in 5.97s
[LOG] generator call logged to generator_test_eval_470_20260222_072030_203.json
[GENERATOR] Starting call test_eval_479...
[GENERATOR] Call test_eval_473 completed in 6.82s
[LOG] generator call logged to generator_test_eval_473_20260222_072033_051.json
[GENERATOR] Starting call test_eval_480...
[GENERATOR] Call test_eval_440 completed in 39.10s
[LOG] generator call logged to generator_test_eval_440_20260222_072033_894.json
[GENERATOR] Starting call test_eval_481...
[GENERATOR] Call test_eval_438 completed in 44.98s
[LOG] generator call logged to generator_test_eval_438_20260222_072034_966.json
[GENERATOR] Starting call test_eval_482...
[GENERATOR] Call test_eval_474 completed in 5.53s
[LOG] generator call logged to generator_test_eval_474_20260222_072035_043.json
[GENERATOR] Starting call test_eval_483...
[GENERATOR] Call test_eval_475 completed in 5.99s
[LOG] generator call logged to generator_test_eval_475_20260222_072035_716.json
[GENERATOR] Starting call test_eval_484...
[GENERATOR] Call test_eval_472 completed in 11.65s
[LOG] generator call logged to generator_test_eval_472_20260222_072036_549.json
[GENERATOR] Starting call test_eval_485...
[GENERATOR] Call test_eval_441 completed in 41.37s
[LOG] generator call logged to generator_test_eval_441_20260222_072037_751.json
[GENERATOR] Starting call test_eval_486...
[GENERATOR] Call test_eval_477 completed in 8.20s
[LOG] generator call logged to generator_test_eval_477_20260222_072038_233.json
[GENERATOR] Starting call test_eval_487...
[GENERATOR] Call test_eval_442 completed in 43.25s
[LOG] generator call logged to generator_test_eval_442_20260222_072040_987.json
[GENERATOR] Starting call test_eval_488...
[GENERATOR] Call test_eval_446 completed in 39.69s
[LOG] generator call logged to generator_test_eval_446_20260222_072042_166.json
[GENERATOR] Starting call test_eval_489...
[GENERATOR] Call test_eval_449 completed in 38.20s
[LOG] generator call logged to generator_test_eval_449_20260222_072043_844.json
[GENERATOR] Starting call test_eval_490...
[GENERATOR] Call test_eval_480 completed in 10.90s
[LOG] generator call logged to generator_test_eval_480_20260222_072043_954.json
[GENERATOR] Starting call test_eval_491...
[GENERATOR] Call test_eval_451 completed in 35.92s
[LOG] generator call logged to generator_test_eval_451_20260222_072045_279.json
[GENERATOR] Starting call test_eval_492...
[GENERATOR] Call test_eval_478 completed in 16.32s
[LOG] generator call logged to generator_test_eval_478_20260222_072046_349.json
[GENERATOR] Starting call test_eval_493...
[GENERATOR] Call test_eval_481 completed in 13.02s
[LOG] generator call logged to generator_test_eval_481_20260222_072046_916.json
[GENERATOR] Starting call test_eval_494...
[GENERATOR] Call test_eval_452 completed in 37.74s
[LOG] generator call logged to generator_test_eval_452_20260222_072047_461.json
[GENERATOR] Starting call test_eval_495...
[GENERATOR] Call test_eval_458 completed in 33.73s
[LOG] generator call logged to generator_test_eval_458_20260222_072048_966.json
[GENERATOR] Starting call test_eval_496...
[GENERATOR] Call test_eval_484 completed in 13.34s
[LOG] generator call logged to generator_test_eval_484_20260222_072049_055.json
[GENERATOR] Starting call test_eval_497...
[GENERATOR] Call test_eval_495 completed in 1.84s
[LOG] generator call logged to generator_test_eval_495_20260222_072049_306.json
[GENERATOR] Starting call test_eval_498...
[GENERATOR] Call test_eval_485 completed in 13.47s
[LOG] generator call logged to generator_test_eval_485_20260222_072050_025.json
[GENERATOR] Starting call test_eval_499...
[GENERATOR] Call test_eval_498 completed in 1.40s
[LOG] generator call logged to generator_test_eval_498_20260222_072050_704.json
[GENERATOR] Starting call test_eval_500...
[GENERATOR] Call test_eval_492 completed in 8.73s
[LOG] generator call logged to generator_test_eval_492_20260222_072054_007.json
[GENERATOR] Starting call test_eval_501...
[GENERATOR] Call test_eval_459 completed in 38.29s
[LOG] generator call logged to generator_test_eval_459_20260222_072054_052.json
[GENERATOR] Starting call test_eval_502...
[GENERATOR] Call test_eval_496 completed in 5.18s
[LOG] generator call logged to generator_test_eval_496_20260222_072054_149.json
[GENERATOR] Starting call test_eval_503...
[GENERATOR] Call test_eval_497 completed in 5.18s
[LOG] generator call logged to generator_test_eval_497_20260222_072054_241.json
[GENERATOR] Starting call test_eval_504...
[GENERATOR] Call test_eval_490 completed in 11.26s
[LOG] generator call logged to generator_test_eval_490_20260222_072055_107.json
[GENERATOR] Starting call test_eval_505...
[GENERATOR] Call test_eval_461 completed in 38.50s
[LOG] generator call logged to generator_test_eval_461_20260222_072055_619.json
[GENERATOR] Starting call test_eval_506...
[GENERATOR] Call test_eval_460 completed in 39.11s
[LOG] generator call logged to generator_test_eval_460_20260222_072056_231.json
[GENERATOR] Starting call test_eval_507...
[GENERATOR] Call test_eval_500 completed in 6.76s
[LOG] generator call logged to generator_test_eval_500_20260222_072057_464.json
[GENERATOR] Starting call test_eval_508...
[GENERATOR] Call test_eval_476 completed in 28.93s
[LOG] generator call logged to generator_test_eval_476_20260222_072058_853.json
[GENERATOR] Starting call test_eval_509...
[GENERATOR] Call test_eval_503 completed in 6.39s
[LOG] generator call logged to generator_test_eval_503_20260222_072100_535.json
[GENERATOR] Starting call test_eval_510...
[GENERATOR] Call test_eval_502 completed in 6.72s
[LOG] generator call logged to generator_test_eval_502_20260222_072100_773.json
[GENERATOR] Starting call test_eval_511...
[GENERATOR] Call test_eval_479 completed in 30.76s
[LOG] generator call logged to generator_test_eval_479_20260222_072100_961.json
[GENERATOR] Starting call test_eval_512...
[GENERATOR] Call test_eval_504 completed in 7.73s
[LOG] generator call logged to generator_test_eval_504_20260222_072101_969.json
[GENERATOR] Starting call test_eval_513...
[GENERATOR] Call test_eval_482 completed in 27.41s
[LOG] generator call logged to generator_test_eval_482_20260222_072102_376.json
[GENERATOR] Starting call test_eval_514...
[GENERATOR] Call test_eval_505 completed in 8.37s
[LOG] generator call logged to generator_test_eval_505_20260222_072103_475.json
[GENERATOR] Starting call test_eval_515...
[GENERATOR] Call test_eval_483 completed in 28.77s
[LOG] generator call logged to generator_test_eval_483_20260222_072103_814.json
[GENERATOR] Starting call test_eval_516...
[GENERATOR] Call test_eval_506 completed in 8.91s
[LOG] generator call logged to generator_test_eval_506_20260222_072104_529.json
[GENERATOR] Starting call test_eval_517...
[GENERATOR] Call test_eval_486 completed in 27.49s
[LOG] generator call logged to generator_test_eval_486_20260222_072105_242.json
[GENERATOR] Starting call test_eval_518...
[GENERATOR] Call test_eval_487 completed in 28.34s
[LOG] generator call logged to generator_test_eval_487_20260222_072106_579.json
[GENERATOR] Starting call test_eval_519...
Progress: 500/1805, Accuracy: 0.300
[GENERATOR] Call test_eval_488 completed in 27.40s
[LOG] generator call logged to generator_test_eval_488_20260222_072108_383.json
[GENERATOR] Starting call test_eval_520...
[GENERATOR] Call test_eval_509 completed in 9.69s
[LOG] generator call logged to generator_test_eval_509_20260222_072108_540.json
[GENERATOR] Starting call test_eval_521...
[GENERATOR] Call test_eval_508 completed in 12.25s
[LOG] generator call logged to generator_test_eval_508_20260222_072109_720.json
[GENERATOR] Starting call test_eval_522...
[GENERATOR] Call test_eval_489 completed in 27.59s
[LOG] generator call logged to generator_test_eval_489_20260222_072109_754.json
[GENERATOR] Starting call test_eval_523...
[GENERATOR] Call test_eval_491 completed in 27.75s
[LOG] generator call logged to generator_test_eval_491_20260222_072111_710.json
[GENERATOR] Starting call test_eval_524...
[GENERATOR] Call test_eval_510 completed in 11.51s
[LOG] generator call logged to generator_test_eval_510_20260222_072112_047.json
[GENERATOR] Starting call test_eval_525...
[GENERATOR] Call test_eval_513 completed in 10.54s
[LOG] generator call logged to generator_test_eval_513_20260222_072112_514.json
[GENERATOR] Starting call test_eval_526...
[GENERATOR] Call test_eval_493 completed in 27.58s
[LOG] generator call logged to generator_test_eval_493_20260222_072113_933.json
[GENERATOR] Starting call test_eval_527...
[GENERATOR] Call test_eval_494 completed in 27.85s
[LOG] generator call logged to generator_test_eval_494_20260222_072114_769.json
[GENERATOR] Starting call test_eval_528...
[GENERATOR] Call test_eval_516 completed in 12.15s
[LOG] generator call logged to generator_test_eval_516_20260222_072115_963.json
[GENERATOR] Starting call test_eval_529...
[GENERATOR] Call test_eval_515 completed in 12.61s
[LOG] generator call logged to generator_test_eval_515_20260222_072116_083.json
[GENERATOR] Starting call test_eval_530...
[GENERATOR] Call test_eval_501 completed in 23.42s
[LOG] generator call logged to generator_test_eval_501_20260222_072117_425.json
[GENERATOR] Starting call test_eval_531...
[GENERATOR] Call test_eval_499 completed in 28.53s
[LOG] generator call logged to generator_test_eval_499_20260222_072118_555.json
[GENERATOR] Starting call test_eval_532...
[GENERATOR] Call test_eval_517 completed in 15.19s
[LOG] generator call logged to generator_test_eval_517_20260222_072119_724.json
[GENERATOR] Starting call test_eval_533...
[GENERATOR] Call test_eval_519 completed in 13.86s
[LOG] generator call logged to generator_test_eval_519_20260222_072120_436.json
[GENERATOR] Starting call test_eval_534...
[GENERATOR] Call test_eval_511 completed in 20.69s
[LOG] generator call logged to generator_test_eval_511_20260222_072121_465.json
[GENERATOR] Starting call test_eval_535...
[GENERATOR] Call test_eval_507 completed in 26.92s
[LOG] generator call logged to generator_test_eval_507_20260222_072123_147.json
[GENERATOR] Starting call test_eval_536...
[GENERATOR] Call test_eval_521 completed in 15.03s
[LOG] generator call logged to generator_test_eval_521_20260222_072123_573.json
[GENERATOR] Starting call test_eval_537...
[GENERATOR] Call test_eval_512 completed in 25.16s
[LOG] generator call logged to generator_test_eval_512_20260222_072126_122.json
[GENERATOR] Starting call test_eval_538...
[GENERATOR] Call test_eval_523 completed in 17.14s
[LOG] generator call logged to generator_test_eval_523_20260222_072126_899.json
[GENERATOR] Starting call test_eval_539...
[GENERATOR] Call test_eval_514 completed in 26.21s
[LOG] generator call logged to generator_test_eval_514_20260222_072128_584.json
[GENERATOR] Starting call test_eval_540...
[GENERATOR] Call test_eval_525 completed in 17.67s
[GENERATOR] Call test_eval_522 completed in 20.00s
[LOG] generator call logged to generator_test_eval_525_20260222_072129_720.json
[GENERATOR] Starting call test_eval_541...
[LOG] generator call logged to generator_test_eval_522_20260222_072129_721.json
[GENERATOR] Starting call test_eval_542...
[GENERATOR] Call test_eval_518 completed in 24.52s
[LOG] generator call logged to generator_test_eval_518_20260222_072129_762.json
[GENERATOR] Starting call test_eval_543...
[GENERATOR] Call test_eval_524 completed in 21.09s
[LOG] generator call logged to generator_test_eval_524_20260222_072132_798.json
[GENERATOR] Starting call test_eval_544...
[GENERATOR] Call test_eval_527 completed in 19.14s
[LOG] generator call logged to generator_test_eval_527_20260222_072133_080.json
[GENERATOR] Starting call test_eval_545...
[GENERATOR] Call test_eval_530 completed in 19.57s
[LOG] generator call logged to generator_test_eval_530_20260222_072135_656.json
[GENERATOR] Starting call test_eval_546...
[GENERATOR] Call test_eval_531 completed in 18.50s
[LOG] generator call logged to generator_test_eval_531_20260222_072135_930.json
[GENERATOR] Starting call test_eval_547...
[GENERATOR] Call test_eval_526 completed in 23.50s
[LOG] generator call logged to generator_test_eval_526_20260222_072136_015.json
[GENERATOR] Starting call test_eval_548...
[GENERATOR] Call test_eval_520 completed in 28.77s
[LOG] generator call logged to generator_test_eval_520_20260222_072137_153.json
[GENERATOR] Starting call test_eval_549...
[GENERATOR] Call test_eval_528 completed in 24.06s
[LOG] generator call logged to generator_test_eval_528_20260222_072138_834.json
[GENERATOR] Starting call test_eval_550...
[GENERATOR] Call test_eval_529 completed in 25.14s
[LOG] generator call logged to generator_test_eval_529_20260222_072141_109.json
[GENERATOR] Starting call test_eval_551...
[GENERATOR] Call test_eval_533 completed in 21.93s
[LOG] generator call logged to generator_test_eval_533_20260222_072141_658.json
[GENERATOR] Starting call test_eval_552...
[GENERATOR] Call test_eval_534 completed in 22.70s
[LOG] generator call logged to generator_test_eval_534_20260222_072143_134.json
[GENERATOR] Starting call test_eval_553...
[GENERATOR] Call test_eval_536 completed in 22.03s
[LOG] generator call logged to generator_test_eval_536_20260222_072145_182.json
[GENERATOR] Starting call test_eval_554...
[GENERATOR] Call test_eval_535 completed in 24.21s
[LOG] generator call logged to generator_test_eval_535_20260222_072145_676.json
[GENERATOR] Starting call test_eval_555...
[GENERATOR] Call test_eval_537 completed in 22.43s
[LOG] generator call logged to generator_test_eval_537_20260222_072145_999.json
[GENERATOR] Starting call test_eval_556...
[GENERATOR] Call test_eval_538 completed in 21.86s
[LOG] generator call logged to generator_test_eval_538_20260222_072147_981.json
[GENERATOR] Starting call test_eval_557...
[GENERATOR] Call test_eval_539 completed in 21.91s
[LOG] generator call logged to generator_test_eval_539_20260222_072148_814.json
[GENERATOR] Starting call test_eval_558...
[GENERATOR] Call test_eval_541 completed in 19.56s
[LOG] generator call logged to generator_test_eval_541_20260222_072149_278.json
[GENERATOR] Starting call test_eval_559...
[GENERATOR] Call test_eval_532 completed in 32.79s
[LOG] generator call logged to generator_test_eval_532_20260222_072151_344.json
[GENERATOR] Starting call test_eval_560...
[GENERATOR] Call test_eval_540 completed in 23.17s
[LOG] generator call logged to generator_test_eval_540_20260222_072151_756.json
[GENERATOR] Starting call test_eval_561...
[GENERATOR] Call test_eval_550 completed in 13.51s
[LOG] generator call logged to generator_test_eval_550_20260222_072152_350.json
[GENERATOR] Starting call test_eval_562...
[GENERATOR] Call test_eval_542 completed in 24.71s
[LOG] generator call logged to generator_test_eval_542_20260222_072154_432.json
[GENERATOR] Starting call test_eval_563...
[GENERATOR] Call test_eval_548 completed in 18.49s
[LOG] generator call logged to generator_test_eval_548_20260222_072154_505.json
[GENERATOR] Starting call test_eval_564...
[GENERATOR] Call test_eval_543 completed in 24.88s
[LOG] generator call logged to generator_test_eval_543_20260222_072154_648.json
[GENERATOR] Starting call test_eval_565...
[GENERATOR] Call test_eval_552 completed in 13.69s
[LOG] generator call logged to generator_test_eval_552_20260222_072155_353.json
[GENERATOR] Starting call test_eval_566...
[GENERATOR] Call test_eval_553 completed in 14.13s
[LOG] generator call logged to generator_test_eval_553_20260222_072157_266.json
[GENERATOR] Starting call test_eval_567...
[GENERATOR] Call test_eval_545 completed in 25.25s
[LOG] generator call logged to generator_test_eval_545_20260222_072158_335.json
[GENERATOR] Starting call test_eval_568...
[GENERATOR] Call test_eval_555 completed in 15.59s
[LOG] generator call logged to generator_test_eval_555_20260222_072201_269.json
[GENERATOR] Starting call test_eval_569...
Progress: 550/1805, Accuracy: 0.304
[GENERATOR] Call test_eval_544 completed in 28.99s
[LOG] generator call logged to generator_test_eval_544_20260222_072201_792.json
[GENERATOR] Starting call test_eval_570...
[GENERATOR] Call test_eval_554 completed in 17.41s
[LOG] generator call logged to generator_test_eval_554_20260222_072202_590.json
[GENERATOR] Starting call test_eval_571...
[GENERATOR] Call test_eval_546 completed in 28.92s
[LOG] generator call logged to generator_test_eval_546_20260222_072204_580.json
[GENERATOR] Starting call test_eval_572...
[GENERATOR] Call test_eval_559 completed in 15.31s
[LOG] generator call logged to generator_test_eval_559_20260222_072204_591.json
[GENERATOR] Starting call test_eval_573...
[GENERATOR] Call test_eval_547 completed in 30.18s
[LOG] generator call logged to generator_test_eval_547_20260222_072206_111.json
[GENERATOR] Starting call test_eval_574...
[GENERATOR] Call test_eval_563 completed in 13.29s
[LOG] generator call logged to generator_test_eval_563_20260222_072207_727.json
[GENERATOR] Starting call test_eval_575...
[GENERATOR] Call test_eval_549 completed in 30.87s
[LOG] generator call logged to generator_test_eval_549_20260222_072208_022.json
[GENERATOR] Starting call test_eval_576...
[GENERATOR] Call test_eval_551 completed in 28.24s
[LOG] generator call logged to generator_test_eval_551_20260222_072209_349.json
[GENERATOR] Starting call test_eval_577...
[GENERATOR] Call test_eval_565 completed in 15.78s
[LOG] generator call logged to generator_test_eval_565_20260222_072210_435.json
[GENERATOR] Starting call test_eval_578...
[GENERATOR] Call test_eval_556 completed in 25.04s
[LOG] generator call logged to generator_test_eval_556_20260222_072211_039.json
[GENERATOR] Starting call test_eval_579...
[GENERATOR] Call test_eval_562 completed in 21.00s
[LOG] generator call logged to generator_test_eval_562_20260222_072213_349.json
[GENERATOR] Starting call test_eval_580...
[GENERATOR] Call test_eval_566 completed in 18.83s
[LOG] generator call logged to generator_test_eval_566_20260222_072214_181.json
[GENERATOR] Starting call test_eval_581...
[GENERATOR] Call test_eval_557 completed in 26.86s
[LOG] generator call logged to generator_test_eval_557_20260222_072214_847.json
[GENERATOR] Starting call test_eval_582...
[GENERATOR] Call test_eval_567 completed in 18.56s
[LOG] generator call logged to generator_test_eval_567_20260222_072215_828.json
[GENERATOR] Starting call test_eval_583...
[GENERATOR] Call test_eval_558 completed in 27.08s
[LOG] generator call logged to generator_test_eval_558_20260222_072215_900.json
[GENERATOR] Starting call test_eval_584...
[GENERATOR] Call test_eval_568 completed in 19.41s
[LOG] generator call logged to generator_test_eval_568_20260222_072217_743.json
[GENERATOR] Starting call test_eval_585...
[GENERATOR] Call test_eval_569 completed in 17.91s
[LOG] generator call logged to generator_test_eval_569_20260222_072219_177.json
[GENERATOR] Starting call test_eval_586...
[GENERATOR] Call test_eval_561 completed in 27.46s
[LOG] generator call logged to generator_test_eval_561_20260222_072219_217.json
[GENERATOR] Starting call test_eval_587...
[GENERATOR] Call test_eval_560 completed in 28.01s
[LOG] generator call logged to generator_test_eval_560_20260222_072219_351.json
[GENERATOR] Starting call test_eval_588...
[GENERATOR] Call test_eval_571 completed in 17.92s
[LOG] generator call logged to generator_test_eval_571_20260222_072220_513.json
[GENERATOR] Starting call test_eval_589...
[GENERATOR] Call test_eval_572 completed in 17.46s
[LOG] generator call logged to generator_test_eval_572_20260222_072222_043.json
[GENERATOR] Starting call test_eval_590...
[GENERATOR] Call test_eval_570 completed in 20.97s
[LOG] generator call logged to generator_test_eval_570_20260222_072222_764.json
[GENERATOR] Starting call test_eval_591...
[GENERATOR] Call test_eval_564 completed in 29.28s
[LOG] generator call logged to generator_test_eval_564_20260222_072223_788.json
[GENERATOR] Starting call test_eval_592...
[GENERATOR] Call test_eval_576 completed in 17.93s
[LOG] generator call logged to generator_test_eval_576_20260222_072225_955.json
[GENERATOR] Starting call test_eval_593...
[GENERATOR] Call test_eval_573 completed in 21.55s
[LOG] generator call logged to generator_test_eval_573_20260222_072226_141.json
[GENERATOR] Starting call test_eval_594...
[GENERATOR] Call test_eval_574 completed in 21.05s
[LOG] generator call logged to generator_test_eval_574_20260222_072227_163.json
[GENERATOR] Starting call test_eval_595...
[GENERATOR] Call test_eval_580 completed in 15.43s
[LOG] generator call logged to generator_test_eval_580_20260222_072228_777.json
[GENERATOR] Starting call test_eval_596...
[GENERATOR] Call test_eval_581 completed in 14.60s
[LOG] generator call logged to generator_test_eval_581_20260222_072228_785.json
[GENERATOR] Starting call test_eval_597...
[GENERATOR] Call test_eval_577 completed in 20.67s
[LOG] generator call logged to generator_test_eval_577_20260222_072230_024.json
[GENERATOR] Starting call test_eval_598...
[GENERATOR] Call test_eval_582 completed in 16.93s
[LOG] generator call logged to generator_test_eval_582_20260222_072231_777.json
[GENERATOR] Starting call test_eval_599...
[GENERATOR] Call test_eval_584 completed in 16.59s
[LOG] generator call logged to generator_test_eval_584_20260222_072232_492.json
[GENERATOR] Starting call test_eval_600...
[GENERATOR] Call test_eval_578 completed in 22.60s
[LOG] generator call logged to generator_test_eval_578_20260222_072233_034.json
[GENERATOR] Starting call test_eval_601...
[GENERATOR] Call test_eval_579 completed in 24.76s
[LOG] generator call logged to generator_test_eval_579_20260222_072235_795.json
[GENERATOR] Starting call test_eval_602...
[GENERATOR] Call test_eval_587 completed in 17.98s
[LOG] generator call logged to generator_test_eval_587_20260222_072237_198.json
[GENERATOR] Starting call test_eval_603...
[GENERATOR] Call test_eval_588 completed in 18.74s
[LOG] generator call logged to generator_test_eval_588_20260222_072238_094.json
[GENERATOR] Starting call test_eval_604...
[GENERATOR] Call test_eval_583 completed in 23.30s
[LOG] generator call logged to generator_test_eval_583_20260222_072239_126.json
[GENERATOR] Starting call test_eval_605...
[GENERATOR] Call test_eval_604 completed in 1.89s
[LOG] generator call logged to generator_test_eval_604_20260222_072239_990.json
[GENERATOR] Starting call test_eval_606...
[GENERATOR] Call test_eval_603 completed in 3.28s
[LOG] generator call logged to generator_test_eval_603_20260222_072240_479.json
[GENERATOR] Starting call test_eval_607...
[GENERATOR] Call test_eval_575 completed in 33.15s
[LOG] generator call logged to generator_test_eval_575_20260222_072240_883.json
[GENERATOR] Starting call test_eval_608...
[GENERATOR] Call test_eval_593 completed in 15.33s
[LOG] generator call logged to generator_test_eval_593_20260222_072241_282.json
[GENERATOR] Starting call test_eval_609...
[GENERATOR] Call test_eval_590 completed in 19.67s
[LOG] generator call logged to generator_test_eval_590_20260222_072241_714.json
[GENERATOR] Starting call test_eval_610...
[GENERATOR] Call test_eval_585 completed in 24.57s
[LOG] generator call logged to generator_test_eval_585_20260222_072242_318.json
[GENERATOR] Starting call test_eval_611...
[GENERATOR] Call test_eval_586 completed in 24.38s
[LOG] generator call logged to generator_test_eval_586_20260222_072243_557.json
[GENERATOR] Starting call test_eval_612...
[GENERATOR] Call test_eval_596 completed in 15.59s
[GENERATOR] Call test_eval_600 completed in 11.87s
[LOG] generator call logged to generator_test_eval_600_20260222_072244_367.json
[GENERATOR] Starting call test_eval_613...
[LOG] generator call logged to generator_test_eval_596_20260222_072244_367.json
[GENERATOR] Starting call test_eval_614...
[GENERATOR] Call test_eval_614 completed in 2.15s
[LOG] generator call logged to generator_test_eval_614_20260222_072246_520.json
[GENERATOR] Starting call test_eval_615...
[GENERATOR] Call test_eval_612 completed in 3.38s
[LOG] generator call logged to generator_test_eval_612_20260222_072246_940.json
[GENERATOR] Starting call test_eval_616...
[GENERATOR] Call test_eval_591 completed in 24.23s
[LOG] generator call logged to generator_test_eval_591_20260222_072246_994.json
[GENERATOR] Starting call test_eval_617...
[GENERATOR] Call test_eval_605 completed in 8.12s
[LOG] generator call logged to generator_test_eval_605_20260222_072247_251.json
[GENERATOR] Starting call test_eval_618...
[GENERATOR] Call test_eval_602 completed in 11.56s
[LOG] generator call logged to generator_test_eval_602_20260222_072247_359.json
[GENERATOR] Starting call test_eval_619...
Progress: 600/1805, Accuracy: 0.315
[GENERATOR] Call test_eval_592 completed in 26.01s
[GENERATOR] Call test_eval_613 completed in 5.43s
[LOG] generator call logged to generator_test_eval_613_20260222_072249_800.json
[GENERATOR] Starting call test_eval_620...
[LOG] generator call logged to generator_test_eval_592_20260222_072249_799.json
[GENERATOR] Starting call test_eval_621...
[GENERATOR] Call test_eval_606 completed in 10.04s
[LOG] generator call logged to generator_test_eval_606_20260222_072250_030.json
[GENERATOR] Starting call test_eval_622...
[GENERATOR] Call test_eval_589 completed in 30.50s
[LOG] generator call logged to generator_test_eval_589_20260222_072251_012.json
[GENERATOR] Starting call test_eval_623...
[GENERATOR] Call test_eval_610 completed in 11.56s
[LOG] generator call logged to generator_test_eval_610_20260222_072253_277.json
[GENERATOR] Starting call test_eval_624...
[GENERATOR] Call test_eval_594 completed in 27.62s
[LOG] generator call logged to generator_test_eval_594_20260222_072253_765.json
[GENERATOR] Starting call test_eval_625...
[GENERATOR] Call test_eval_611 completed in 13.66s
[LOG] generator call logged to generator_test_eval_611_20260222_072255_979.json
[GENERATOR] Starting call test_eval_626...
[GENERATOR] Call test_eval_597 completed in 28.78s
[LOG] generator call logged to generator_test_eval_597_20260222_072257_569.json
[GENERATOR] Starting call test_eval_627...
[GENERATOR] Call test_eval_615 completed in 12.22s
[LOG] generator call logged to generator_test_eval_615_20260222_072258_744.json
[GENERATOR] Starting call test_eval_628...
[GENERATOR] Call test_eval_616 completed in 13.62s
[LOG] generator call logged to generator_test_eval_616_20260222_072300_565.json
[GENERATOR] Starting call test_eval_629...
[GENERATOR] Call test_eval_595 completed in 33.55s
[LOG] generator call logged to generator_test_eval_595_20260222_072300_718.json
[GENERATOR] Starting call test_eval_630...
[GENERATOR] Call test_eval_598 completed in 31.17s
[LOG] generator call logged to generator_test_eval_598_20260222_072301_195.json
[GENERATOR] Starting call test_eval_631...
[GENERATOR] Call test_eval_617 completed in 15.29s
[LOG] generator call logged to generator_test_eval_617_20260222_072302_289.json
[GENERATOR] Starting call test_eval_632...
[GENERATOR] Call test_eval_599 completed in 32.65s
[LOG] generator call logged to generator_test_eval_599_20260222_072304_430.json
[GENERATOR] Starting call test_eval_633...
[GENERATOR] Call test_eval_618 completed in 17.23s
[LOG] generator call logged to generator_test_eval_618_20260222_072304_485.json
[GENERATOR] Starting call test_eval_634...
[GENERATOR] Call test_eval_620 completed in 15.32s
[LOG] generator call logged to generator_test_eval_620_20260222_072305_119.json
[GENERATOR] Starting call test_eval_635...
[GENERATOR] Call test_eval_607 completed in 26.92s
[LOG] generator call logged to generator_test_eval_607_20260222_072307_404.json
[GENERATOR] Starting call test_eval_636...
[GENERATOR] Call test_eval_624 completed in 14.66s
[LOG] generator call logged to generator_test_eval_624_20260222_072307_940.json
[GENERATOR] Starting call test_eval_637...
[GENERATOR] Call test_eval_622 completed in 18.01s
[LOG] generator call logged to generator_test_eval_622_20260222_072308_039.json
[GENERATOR] Starting call test_eval_638...
[GENERATOR] Call test_eval_601 completed in 36.46s
[LOG] generator call logged to generator_test_eval_601_20260222_072309_492.json
[GENERATOR] Starting call test_eval_639...
[GENERATOR] Call test_eval_608 completed in 29.08s
[LOG] generator call logged to generator_test_eval_608_20260222_072309_970.json
[GENERATOR] Starting call test_eval_640...
[GENERATOR] Call test_eval_627 completed in 13.13s
[LOG] generator call logged to generator_test_eval_627_20260222_072310_703.json
[GENERATOR] Starting call test_eval_641...
[GENERATOR] Call test_eval_628 completed in 12.18s
[LOG] generator call logged to generator_test_eval_628_20260222_072310_923.json
[GENERATOR] Starting call test_eval_642...
[GENERATOR] Call test_eval_609 completed in 31.04s
[LOG] generator call logged to generator_test_eval_609_20260222_072312_325.json
[GENERATOR] Starting call test_eval_643...
[GENERATOR] Call test_eval_619 completed in 25.62s
[LOG] generator call logged to generator_test_eval_619_20260222_072312_978.json
[GENERATOR] Starting call test_eval_644...
[GENERATOR] Call test_eval_633 completed in 10.66s
[LOG] generator call logged to generator_test_eval_633_20260222_072315_088.json
[GENERATOR] Starting call test_eval_645...
[GENERATOR] Call test_eval_629 completed in 14.60s
[LOG] generator call logged to generator_test_eval_629_20260222_072315_167.json
[GENERATOR] Starting call test_eval_646...
[GENERATOR] Call test_eval_621 completed in 25.80s
[LOG] generator call logged to generator_test_eval_621_20260222_072315_600.json
[GENERATOR] Starting call test_eval_647...
[GENERATOR] Call test_eval_623 completed in 25.35s
[LOG] generator call logged to generator_test_eval_623_20260222_072316_365.json
[GENERATOR] Starting call test_eval_648...
[GENERATOR] Call test_eval_635 completed in 12.91s
[LOG] generator call logged to generator_test_eval_635_20260222_072318_032.json
[GENERATOR] Starting call test_eval_649...
[GENERATOR] Call test_eval_625 completed in 24.70s
[LOG] generator call logged to generator_test_eval_625_20260222_072318_469.json
[GENERATOR] Starting call test_eval_650...
[GENERATOR] Call test_eval_638 completed in 11.72s
[LOG] generator call logged to generator_test_eval_638_20260222_072319_759.json
[GENERATOR] Starting call test_eval_651...
[GENERATOR] Call test_eval_639 completed in 12.46s
[LOG] generator call logged to generator_test_eval_639_20260222_072321_953.json
[GENERATOR] Starting call test_eval_652...
[GENERATOR] Call test_eval_630 completed in 21.44s
[LOG] generator call logged to generator_test_eval_630_20260222_072322_166.json
[GENERATOR] Starting call test_eval_653...
[GENERATOR] Call test_eval_642 completed in 11.60s
[LOG] generator call logged to generator_test_eval_642_20260222_072322_524.json
[GENERATOR] Starting call test_eval_654...
[GENERATOR] Call test_eval_626 completed in 28.72s
[LOG] generator call logged to generator_test_eval_626_20260222_072324_696.json
[GENERATOR] Starting call test_eval_655...
[GENERATOR] Call test_eval_645 completed in 10.48s
[LOG] generator call logged to generator_test_eval_645_20260222_072325_575.json
[GENERATOR] Starting call test_eval_656...
[GENERATOR] Call test_eval_631 completed in 24.53s
[LOG] generator call logged to generator_test_eval_631_20260222_072325_726.json
[GENERATOR] Starting call test_eval_657...
[GENERATOR] Call test_eval_632 completed in 25.08s
[LOG] generator call logged to generator_test_eval_632_20260222_072327_374.json
[GENERATOR] Starting call test_eval_658...
[GENERATOR] Call test_eval_646 completed in 12.80s
[LOG] generator call logged to generator_test_eval_646_20260222_072327_966.json
[GENERATOR] Starting call test_eval_659...
[GENERATOR] Call test_eval_634 completed in 24.88s
[LOG] generator call logged to generator_test_eval_634_20260222_072329_361.json
[GENERATOR] Starting call test_eval_660...
[GENERATOR] Call test_eval_636 completed in 23.60s
[LOG] generator call logged to generator_test_eval_636_20260222_072331_003.json
[GENERATOR] Starting call test_eval_661...
[GENERATOR] Call test_eval_653 completed in 9.31s
[LOG] generator call logged to generator_test_eval_653_20260222_072331_475.json
[GENERATOR] Starting call test_eval_662...
[GENERATOR] Call test_eval_637 completed in 25.07s
[LOG] generator call logged to generator_test_eval_637_20260222_072333_011.json
[GENERATOR] Starting call test_eval_663...
[GENERATOR] Call test_eval_647 completed in 18.54s
[LOG] generator call logged to generator_test_eval_647_20260222_072334_137.json
[GENERATOR] Starting call test_eval_664...
[GENERATOR] Call test_eval_640 completed in 25.33s
[GENERATOR] Call test_eval_654 completed in 12.77s
[LOG] generator call logged to generator_test_eval_654_20260222_072335_300.json
[GENERATOR] Starting call test_eval_665...
[LOG] generator call logged to generator_test_eval_640_20260222_072335_299.json
[GENERATOR] Starting call test_eval_666...
[GENERATOR] Call test_eval_641 completed in 26.19s
[LOG] generator call logged to generator_test_eval_641_20260222_072336_898.json
[GENERATOR] Starting call test_eval_667...
[GENERATOR] Call test_eval_655 completed in 12.62s
[LOG] generator call logged to generator_test_eval_655_20260222_072337_313.json
[GENERATOR] Starting call test_eval_668...
[GENERATOR] Call test_eval_643 completed in 25.83s
[LOG] generator call logged to generator_test_eval_643_20260222_072338_163.json
[GENERATOR] Starting call test_eval_669...
Progress: 650/1805, Accuracy: 0.314
[GENERATOR] Call test_eval_659 completed in 10.77s
[LOG] generator call logged to generator_test_eval_659_20260222_072338_741.json
[GENERATOR] Starting call test_eval_670...
[GENERATOR] Call test_eval_660 completed in 11.33s
[LOG] generator call logged to generator_test_eval_660_20260222_072340_691.json
[GENERATOR] Starting call test_eval_671...
[GENERATOR] Call test_eval_644 completed in 27.78s
[LOG] generator call logged to generator_test_eval_644_20260222_072340_761.json
[GENERATOR] Starting call test_eval_672...
[GENERATOR] Call test_eval_648 completed in 25.26s
[LOG] generator call logged to generator_test_eval_648_20260222_072341_626.json
[GENERATOR] Starting call test_eval_673...
[GENERATOR] Call test_eval_663 completed in 10.39s
[LOG] generator call logged to generator_test_eval_663_20260222_072343_404.json
[GENERATOR] Starting call test_eval_674...
[GENERATOR] Call test_eval_667 completed in 7.27s
[LOG] generator call logged to generator_test_eval_667_20260222_072344_172.json
[GENERATOR] Starting call test_eval_675...
[GENERATOR] Call test_eval_649 completed in 27.98s
[LOG] generator call logged to generator_test_eval_649_20260222_072346_016.json
[GENERATOR] Starting call test_eval_676...
[GENERATOR] Call test_eval_669 completed in 9.53s
[LOG] generator call logged to generator_test_eval_669_20260222_072347_700.json
[GENERATOR] Starting call test_eval_677...
[GENERATOR] Call test_eval_668 completed in 10.95s
[LOG] generator call logged to generator_test_eval_668_20260222_072348_269.json
[GENERATOR] Starting call test_eval_678...
[GENERATOR] Call test_eval_650 completed in 31.39s
[LOG] generator call logged to generator_test_eval_650_20260222_072349_858.json
[GENERATOR] Starting call test_eval_679...
[GENERATOR] Call test_eval_670 completed in 13.11s
[LOG] generator call logged to generator_test_eval_670_20260222_072351_850.json
[GENERATOR] Starting call test_eval_680...
[GENERATOR] Call test_eval_651 completed in 32.71s
[LOG] generator call logged to generator_test_eval_651_20260222_072352_467.json
[GENERATOR] Starting call test_eval_681...
[GENERATOR] Call test_eval_652 completed in 30.60s
[LOG] generator call logged to generator_test_eval_652_20260222_072352_554.json
[GENERATOR] Starting call test_eval_682...
[GENERATOR] Call test_eval_671 completed in 12.08s
[LOG] generator call logged to generator_test_eval_671_20260222_072352_769.json
[GENERATOR] Starting call test_eval_683...
[GENERATOR] Call test_eval_672 completed in 14.67s
[LOG] generator call logged to generator_test_eval_672_20260222_072355_436.json
[GENERATOR] Starting call test_eval_684...
[GENERATOR] Call test_eval_656 completed in 30.02s
[LOG] generator call logged to generator_test_eval_656_20260222_072355_598.json
[GENERATOR] Starting call test_eval_685...
[GENERATOR] Call test_eval_657 completed in 30.09s
[LOG] generator call logged to generator_test_eval_657_20260222_072355_821.json
[GENERATOR] Starting call test_eval_686...
[GENERATOR] Call test_eval_674 completed in 13.29s
[LOG] generator call logged to generator_test_eval_674_20260222_072356_698.json
[GENERATOR] Starting call test_eval_687...
[GENERATOR] Call test_eval_682 completed in 5.82s
[LOG] generator call logged to generator_test_eval_682_20260222_072358_377.json
[GENERATOR] Starting call test_eval_688...
[GENERATOR] Call test_eval_658 completed in 31.57s
[LOG] generator call logged to generator_test_eval_658_20260222_072358_945.json
[GENERATOR] Starting call test_eval_689...
[GENERATOR] Call test_eval_683 completed in 7.48s
[LOG] generator call logged to generator_test_eval_683_20260222_072400_249.json
[GENERATOR] Starting call test_eval_690...
[GENERATOR] Call test_eval_661 completed in 29.70s
[LOG] generator call logged to generator_test_eval_661_20260222_072400_705.json
[GENERATOR] Starting call test_eval_691...
[GENERATOR] Call test_eval_686 completed in 5.64s
[LOG] generator call logged to generator_test_eval_686_20260222_072401_461.json
[GENERATOR] Starting call test_eval_692...
[GENERATOR] Call test_eval_688 completed in 5.04s
[LOG] generator call logged to generator_test_eval_688_20260222_072403_423.json
[GENERATOR] Starting call test_eval_693...
[GENERATOR] Call test_eval_690 completed in 4.34s
[LOG] generator call logged to generator_test_eval_690_20260222_072404_593.json
[GENERATOR] Starting call test_eval_694...
[GENERATOR] Call test_eval_662 completed in 34.00s
[LOG] generator call logged to generator_test_eval_662_20260222_072405_473.json
[GENERATOR] Starting call test_eval_695...
[GENERATOR] Call test_eval_691 completed in 5.99s
[LOG] generator call logged to generator_test_eval_691_20260222_072406_700.json
[GENERATOR] Starting call test_eval_696...
[GENERATOR] Call test_eval_664 completed in 34.40s
[LOG] generator call logged to generator_test_eval_664_20260222_072408_543.json
[GENERATOR] Starting call test_eval_697...
[GENERATOR] Call test_eval_692 completed in 7.24s
[LOG] generator call logged to generator_test_eval_692_20260222_072408_708.json
[GENERATOR] Starting call test_eval_698...
[GENERATOR] Call test_eval_665 completed in 35.38s
[LOG] generator call logged to generator_test_eval_665_20260222_072410_680.json
[GENERATOR] Starting call test_eval_699...
[GENERATOR] Call test_eval_694 completed in 6.61s
[LOG] generator call logged to generator_test_eval_694_20260222_072411_203.json
[GENERATOR] Starting call test_eval_700...
[GENERATOR] Call test_eval_666 completed in 37.40s
[LOG] generator call logged to generator_test_eval_666_20260222_072412_702.json
[GENERATOR] Starting call test_eval_701...
[GENERATOR] Call test_eval_695 completed in 7.70s
[LOG] generator call logged to generator_test_eval_695_20260222_072413_180.json
[GENERATOR] Starting call test_eval_702...
[GENERATOR] Call test_eval_673 completed in 32.34s
[LOG] generator call logged to generator_test_eval_673_20260222_072413_970.json
[GENERATOR] Starting call test_eval_703...
[GENERATOR] Call test_eval_699 completed in 4.87s
[LOG] generator call logged to generator_test_eval_699_20260222_072415_553.json
[GENERATOR] Starting call test_eval_704...
[GENERATOR] Call test_eval_702 completed in 2.65s
[LOG] generator call logged to generator_test_eval_702_20260222_072415_827.json
[GENERATOR] Starting call test_eval_705...
[GENERATOR] Call test_eval_675 completed in 31.99s
[LOG] generator call logged to generator_test_eval_675_20260222_072416_163.json
[GENERATOR] Starting call test_eval_706...
[GENERATOR] Call test_eval_676 completed in 30.74s
[LOG] generator call logged to generator_test_eval_676_20260222_072416_756.json
[GENERATOR] Starting call test_eval_707...
[GENERATOR] Call test_eval_677 completed in 31.80s
[LOG] generator call logged to generator_test_eval_677_20260222_072419_505.json
[GENERATOR] Starting call test_eval_708...
[GENERATOR] Call test_eval_678 completed in 32.19s
[LOG] generator call logged to generator_test_eval_678_20260222_072420_458.json
[GENERATOR] Starting call test_eval_709...
[GENERATOR] Call test_eval_679 completed in 33.32s
[LOG] generator call logged to generator_test_eval_679_20260222_072423_183.json
[GENERATOR] Starting call test_eval_710...
[GENERATOR] Call test_eval_706 completed in 8.35s
[LOG] generator call logged to generator_test_eval_706_20260222_072424_518.json
[GENERATOR] Starting call test_eval_711...
[GENERATOR] Call test_eval_680 completed in 32.84s
[LOG] generator call logged to generator_test_eval_680_20260222_072424_692.json
[GENERATOR] Starting call test_eval_712...
[GENERATOR] Call test_eval_710 completed in 4.71s
[LOG] generator call logged to generator_test_eval_710_20260222_072427_897.json
[GENERATOR] Starting call test_eval_713...
[GENERATOR] Call test_eval_681 completed in 35.94s
[LOG] generator call logged to generator_test_eval_681_20260222_072428_406.json
[GENERATOR] Starting call test_eval_714...
[GENERATOR] Call test_eval_684 completed in 34.49s
[LOG] generator call logged to generator_test_eval_684_20260222_072429_932.json
[GENERATOR] Starting call test_eval_715...
[GENERATOR] Call test_eval_711 completed in 6.11s
[LOG] generator call logged to generator_test_eval_711_20260222_072430_633.json
[GENERATOR] Starting call test_eval_716...
[GENERATOR] Call test_eval_685 completed in 35.62s
[LOG] generator call logged to generator_test_eval_685_20260222_072431_218.json
[GENERATOR] Starting call test_eval_717...
[GENERATOR] Call test_eval_687 completed in 36.32s
[LOG] generator call logged to generator_test_eval_687_20260222_072433_017.json
[GENERATOR] Starting call test_eval_718...
[GENERATOR] Call test_eval_715 completed in 3.49s
[LOG] generator call logged to generator_test_eval_715_20260222_072433_423.json
[GENERATOR] Starting call test_eval_719...
Progress: 700/1805, Accuracy: 0.317
[GENERATOR] Call test_eval_689 completed in 35.25s
[LOG] generator call logged to generator_test_eval_689_20260222_072434_196.json
[GENERATOR] Starting call test_eval_720...
[GENERATOR] Call test_eval_718 completed in 1.72s
[LOG] generator call logged to generator_test_eval_718_20260222_072434_737.json
[GENERATOR] Starting call test_eval_721...
[GENERATOR] Call test_eval_716 completed in 6.27s
[LOG] generator call logged to generator_test_eval_716_20260222_072436_908.json
[GENERATOR] Starting call test_eval_722...
[GENERATOR] Call test_eval_696 completed in 30.52s
[LOG] generator call logged to generator_test_eval_696_20260222_072437_221.json
[GENERATOR] Starting call test_eval_723...
[GENERATOR] Call test_eval_693 completed in 34.51s
[LOG] generator call logged to generator_test_eval_693_20260222_072437_933.json
[GENERATOR] Starting call test_eval_724...
[GENERATOR] Call test_eval_723 completed in 2.55s
[LOG] generator call logged to generator_test_eval_723_20260222_072439_777.json
[GENERATOR] Starting call test_eval_725...
[GENERATOR] Call test_eval_720 completed in 5.59s
[LOG] generator call logged to generator_test_eval_720_20260222_072439_788.json
[GENERATOR] Starting call test_eval_726...
[GENERATOR] Call test_eval_717 completed in 10.76s
[LOG] generator call logged to generator_test_eval_717_20260222_072441_978.json
[GENERATOR] Starting call test_eval_727...
[GENERATOR] Call test_eval_721 completed in 8.19s
[LOG] generator call logged to generator_test_eval_721_20260222_072442_929.json
[GENERATOR] Starting call test_eval_728...
[GENERATOR] Call test_eval_724 completed in 6.80s
[LOG] generator call logged to generator_test_eval_724_20260222_072444_738.json
[GENERATOR] Starting call test_eval_729...
[GENERATOR] Call test_eval_698 completed in 36.69s
[LOG] generator call logged to generator_test_eval_698_20260222_072445_404.json
[GENERATOR] Starting call test_eval_730...
[GENERATOR] Call test_eval_725 completed in 6.60s
[LOG] generator call logged to generator_test_eval_725_20260222_072446_383.json
[GENERATOR] Starting call test_eval_731...
[GENERATOR] Call test_eval_726 completed in 8.18s
[LOG] generator call logged to generator_test_eval_726_20260222_072447_970.json
[GENERATOR] Starting call test_eval_732...
[GENERATOR] Call test_eval_728 completed in 6.78s
[LOG] generator call logged to generator_test_eval_728_20260222_072449_708.json
[GENERATOR] Starting call test_eval_733...
[GENERATOR] Call test_eval_730 completed in 5.02s
[LOG] generator call logged to generator_test_eval_730_20260222_072450_423.json
[GENERATOR] Starting call test_eval_734...
[GENERATOR] Call test_eval_731 completed in 5.78s
[LOG] generator call logged to generator_test_eval_731_20260222_072452_160.json
[GENERATOR] Starting call test_eval_735...
[GENERATOR] Call test_eval_735 completed in 2.86s
[LOG] generator call logged to generator_test_eval_735_20260222_072455_022.json
[GENERATOR] Starting call test_eval_736...
[GENERATOR] Call test_eval_700 completed in 44.78s
[LOG] generator call logged to generator_test_eval_700_20260222_072455_985.json
[GENERATOR] Starting call test_eval_737...
[GENERATOR] Call test_eval_736 completed in 1.95s
[LOG] generator call logged to generator_test_eval_736_20260222_072456_979.json
[GENERATOR] Starting call test_eval_738...
[GENERATOR] Call test_eval_697 completed in 49.46s
[LOG] generator call logged to generator_test_eval_697_20260222_072458_005.json
[GENERATOR] Starting call test_eval_739...
[GENERATOR] Call test_eval_737 completed in 2.56s
[LOG] generator call logged to generator_test_eval_737_20260222_072458_548.json
[GENERATOR] Starting call test_eval_740...
[GENERATOR] Call test_eval_740 completed in 1.29s
[LOG] generator call logged to generator_test_eval_740_20260222_072459_836.json
[GENERATOR] Starting call test_eval_741...
[GENERATOR] Call test_eval_738 completed in 3.35s
[LOG] generator call logged to generator_test_eval_738_20260222_072500_327.json
[GENERATOR] Starting call test_eval_742...
[GENERATOR] Call test_eval_703 completed in 46.69s
[LOG] generator call logged to generator_test_eval_703_20260222_072500_661.json
[GENERATOR] Starting call test_eval_743...
[GENERATOR] Call test_eval_701 completed in 48.74s
[LOG] generator call logged to generator_test_eval_701_20260222_072501_446.json
[GENERATOR] Starting call test_eval_744...
[GENERATOR] Call test_eval_704 completed in 47.02s
[LOG] generator call logged to generator_test_eval_704_20260222_072502_575.json
[GENERATOR] Starting call test_eval_745...
[GENERATOR] Call test_eval_742 completed in 2.59s
[LOG] generator call logged to generator_test_eval_742_20260222_072502_918.json
[GENERATOR] Starting call test_eval_746...
[GENERATOR] Call test_eval_705 completed in 47.60s
[LOG] generator call logged to generator_test_eval_705_20260222_072503_434.json
[GENERATOR] Starting call test_eval_747...
[GENERATOR] Call test_eval_741 completed in 5.18s
[GENERATOR] Call test_eval_746 completed in 2.10s
[LOG] generator call logged to generator_test_eval_746_20260222_072505_018.json
[GENERATOR] Starting call test_eval_748...
[LOG] generator call logged to generator_test_eval_741_20260222_072505_017.json
[GENERATOR] Starting call test_eval_749...
[GENERATOR] Call test_eval_745 completed in 2.45s
[LOG] generator call logged to generator_test_eval_745_20260222_072505_027.json
[GENERATOR] Starting call test_eval_750...
[GENERATOR] Call test_eval_744 completed in 4.24s
[LOG] generator call logged to generator_test_eval_744_20260222_072505_693.json
[GENERATOR] Starting call test_eval_751...
[GENERATOR] Call test_eval_747 completed in 2.58s
[LOG] generator call logged to generator_test_eval_747_20260222_072506_010.json
[GENERATOR] Starting call test_eval_752...
[GENERATOR] Call test_eval_708 completed in 47.20s
[LOG] generator call logged to generator_test_eval_708_20260222_072506_703.json
[GENERATOR] Starting call test_eval_753...
[GENERATOR] Call test_eval_750 completed in 2.29s
[LOG] generator call logged to generator_test_eval_750_20260222_072507_321.json
[GENERATOR] Starting call test_eval_754...
[GENERATOR] Call test_eval_749 completed in 3.07s
[LOG] generator call logged to generator_test_eval_749_20260222_072508_092.json
[GENERATOR] Starting call test_eval_755...
[GENERATOR] Call test_eval_707 completed in 51.59s
[LOG] generator call logged to generator_test_eval_707_20260222_072508_348.json
[GENERATOR] Starting call test_eval_756...
[GENERATOR] Call test_eval_748 completed in 3.54s
[LOG] generator call logged to generator_test_eval_748_20260222_072508_565.json
[GENERATOR] Starting call test_eval_757...
[GENERATOR] Call test_eval_752 completed in 3.56s
[LOG] generator call logged to generator_test_eval_752_20260222_072509_575.json
[GENERATOR] Starting call test_eval_758...
[GENERATOR] Call test_eval_756 completed in 1.63s
[LOG] generator call logged to generator_test_eval_756_20260222_072509_984.json
[GENERATOR] Starting call test_eval_759...
[GENERATOR] Call test_eval_709 completed in 50.14s
[LOG] generator call logged to generator_test_eval_709_20260222_072510_602.json
[GENERATOR] Starting call test_eval_760...
[GENERATOR] Call test_eval_754 completed in 3.29s
[LOG] generator call logged to generator_test_eval_754_20260222_072510_619.json
[GENERATOR] Starting call test_eval_761...
[GENERATOR] Call test_eval_753 completed in 4.21s
[LOG] generator call logged to generator_test_eval_753_20260222_072510_909.json
[GENERATOR] Starting call test_eval_762...
[GENERATOR] Call test_eval_712 completed in 46.83s
[LOG] generator call logged to generator_test_eval_712_20260222_072511_521.json
[GENERATOR] Starting call test_eval_763...
[GENERATOR] Call test_eval_757 completed in 4.65s
[LOG] generator call logged to generator_test_eval_757_20260222_072513_221.json
[GENERATOR] Starting call test_eval_764...
[GENERATOR] Call test_eval_713 completed in 45.54s
[LOG] generator call logged to generator_test_eval_713_20260222_072513_443.json
[GENERATOR] Starting call test_eval_765...
[GENERATOR] Call test_eval_759 completed in 3.64s
[LOG] generator call logged to generator_test_eval_759_20260222_072513_622.json
[GENERATOR] Starting call test_eval_766...
[GENERATOR] Call test_eval_714 completed in 45.74s
[LOG] generator call logged to generator_test_eval_714_20260222_072514_144.json
[GENERATOR] Starting call test_eval_767...
[GENERATOR] Call test_eval_719 completed in 43.05s
[LOG] generator call logged to generator_test_eval_719_20260222_072516_470.json
[GENERATOR] Starting call test_eval_768...
[GENERATOR] Call test_eval_767 completed in 2.90s
[LOG] generator call logged to generator_test_eval_767_20260222_072517_050.json
[GENERATOR] Starting call test_eval_769...
Progress: 750/1805, Accuracy: 0.321
[GENERATOR] Call test_eval_761 completed in 7.15s
[LOG] generator call logged to generator_test_eval_761_20260222_072517_769.json
[GENERATOR] Starting call test_eval_770...
[GENERATOR] Call test_eval_722 completed in 40.95s
[LOG] generator call logged to generator_test_eval_722_20260222_072517_864.json
[GENERATOR] Starting call test_eval_771...
[GENERATOR] Call test_eval_762 completed in 7.12s
[LOG] generator call logged to generator_test_eval_762_20260222_072518_032.json
[GENERATOR] Starting call test_eval_772...
[GENERATOR] Call test_eval_727 completed in 37.12s
[LOG] generator call logged to generator_test_eval_727_20260222_072519_098.json
[GENERATOR] Starting call test_eval_773...
[GENERATOR] Call test_eval_766 completed in 7.11s
[LOG] generator call logged to generator_test_eval_766_20260222_072520_734.json
[GENERATOR] Starting call test_eval_774...
[GENERATOR] Call test_eval_768 completed in 4.63s
[LOG] generator call logged to generator_test_eval_768_20260222_072521_105.json
[GENERATOR] Starting call test_eval_775...
[GENERATOR] Call test_eval_732 completed in 33.96s
[LOG] generator call logged to generator_test_eval_732_20260222_072521_936.json
[GENERATOR] Starting call test_eval_776...
[GENERATOR] Call test_eval_772 completed in 6.08s
[LOG] generator call logged to generator_test_eval_772_20260222_072524_115.json
[GENERATOR] Starting call test_eval_777...
[GENERATOR] Call test_eval_769 completed in 7.11s
[LOG] generator call logged to generator_test_eval_769_20260222_072524_159.json
[GENERATOR] Starting call test_eval_778...
[GENERATOR] Call test_eval_733 completed in 36.23s
[LOG] generator call logged to generator_test_eval_733_20260222_072525_940.json
[GENERATOR] Starting call test_eval_779...
[GENERATOR] Call test_eval_729 completed in 41.42s
[LOG] generator call logged to generator_test_eval_729_20260222_072526_155.json
[GENERATOR] Starting call test_eval_780...
[GENERATOR] Call test_eval_774 completed in 7.00s
[LOG] generator call logged to generator_test_eval_774_20260222_072527_735.json
[GENERATOR] Starting call test_eval_781...
[GENERATOR] Call test_eval_739 completed in 30.97s
[LOG] generator call logged to generator_test_eval_739_20260222_072528_979.json
[GENERATOR] Starting call test_eval_782...
[GENERATOR] Call test_eval_734 completed in 38.73s
[LOG] generator call logged to generator_test_eval_734_20260222_072529_153.json
[GENERATOR] Starting call test_eval_783...
[GENERATOR] Call test_eval_776 completed in 8.11s
[LOG] generator call logged to generator_test_eval_776_20260222_072530_051.json
[GENERATOR] Starting call test_eval_784...
[GENERATOR] Call test_eval_751 completed in 27.94s
[GENERATOR] Call test_eval_743 completed in 32.98s
[LOG] generator call logged to generator_test_eval_751_20260222_072533_638.json
[GENERATOR] Starting call test_eval_785...
[LOG] generator call logged to generator_test_eval_743_20260222_072533_639.json
[GENERATOR] Starting call test_eval_786...
[GENERATOR] Call test_eval_777 completed in 10.03s
[LOG] generator call logged to generator_test_eval_777_20260222_072534_149.json
[GENERATOR] Starting call test_eval_787...
[GENERATOR] Call test_eval_758 completed in 27.03s
[LOG] generator call logged to generator_test_eval_758_20260222_072536_603.json
[GENERATOR] Starting call test_eval_788...
[GENERATOR] Call test_eval_755 completed in 28.62s
[LOG] generator call logged to generator_test_eval_755_20260222_072536_710.json
[GENERATOR] Starting call test_eval_789...
[GENERATOR] Call test_eval_778 completed in 14.17s
[LOG] generator call logged to generator_test_eval_778_20260222_072538_332.json
[GENERATOR] Starting call test_eval_790...
[GENERATOR] Call test_eval_763 completed in 28.56s
[LOG] generator call logged to generator_test_eval_763_20260222_072540_086.json
[GENERATOR] Starting call test_eval_791...
[GENERATOR] Call test_eval_779 completed in 14.32s
[LOG] generator call logged to generator_test_eval_779_20260222_072540_265.json
[GENERATOR] Starting call test_eval_792...
[GENERATOR] Call test_eval_760 completed in 30.18s
[LOG] generator call logged to generator_test_eval_760_20260222_072540_784.json
[GENERATOR] Starting call test_eval_793...
[GENERATOR] Call test_eval_780 completed in 14.95s
[LOG] generator call logged to generator_test_eval_780_20260222_072541_110.json
[GENERATOR] Starting call test_eval_794...
[GENERATOR] Call test_eval_781 completed in 15.54s
[LOG] generator call logged to generator_test_eval_781_20260222_072543_281.json
[GENERATOR] Starting call test_eval_795...
[GENERATOR] Call test_eval_764 completed in 30.57s
[LOG] generator call logged to generator_test_eval_764_20260222_072543_797.json
[GENERATOR] Starting call test_eval_796...
[GENERATOR] Call test_eval_765 completed in 30.36s
[LOG] generator call logged to generator_test_eval_765_20260222_072543_806.json
[GENERATOR] Starting call test_eval_797...
[GENERATOR] Call test_eval_786 completed in 11.01s
[LOG] generator call logged to generator_test_eval_786_20260222_072544_657.json
[GENERATOR] Starting call test_eval_798...
[GENERATOR] Call test_eval_785 completed in 13.08s
[LOG] generator call logged to generator_test_eval_785_20260222_072546_720.json
[GENERATOR] Starting call test_eval_799...
[GENERATOR] Call test_eval_770 completed in 29.38s
[LOG] generator call logged to generator_test_eval_770_20260222_072547_151.json
[GENERATOR] Starting call test_eval_800...
[GENERATOR] Call test_eval_771 completed in 29.32s
[LOG] generator call logged to generator_test_eval_771_20260222_072547_186.json
[GENERATOR] Starting call test_eval_801...
[GENERATOR] Call test_eval_788 completed in 13.31s
[LOG] generator call logged to generator_test_eval_788_20260222_072549_920.json
[GENERATOR] Starting call test_eval_802...
[GENERATOR] Call test_eval_775 completed in 29.43s
[LOG] generator call logged to generator_test_eval_775_20260222_072550_535.json
[GENERATOR] Starting call test_eval_803...
[GENERATOR] Call test_eval_791 completed in 10.99s
[LOG] generator call logged to generator_test_eval_791_20260222_072551_077.json
[GENERATOR] Starting call test_eval_804...
[GENERATOR] Call test_eval_773 completed in 32.15s
[LOG] generator call logged to generator_test_eval_773_20260222_072551_245.json
[GENERATOR] Starting call test_eval_805...
[GENERATOR] Call test_eval_796 completed in 9.19s
[LOG] generator call logged to generator_test_eval_796_20260222_072552_992.json
[GENERATOR] Starting call test_eval_806...
[GENERATOR] Call test_eval_782 completed in 24.18s
[LOG] generator call logged to generator_test_eval_782_20260222_072553_156.json
[GENERATOR] Starting call test_eval_807...
[GENERATOR] Call test_eval_797 completed in 9.85s
[LOG] generator call logged to generator_test_eval_797_20260222_072553_653.json
[GENERATOR] Starting call test_eval_808...
[GENERATOR] Call test_eval_783 completed in 27.01s
[LOG] generator call logged to generator_test_eval_783_20260222_072556_169.json
[GENERATOR] Starting call test_eval_809...
[GENERATOR] Call test_eval_784 completed in 26.43s
[LOG] generator call logged to generator_test_eval_784_20260222_072556_483.json
[GENERATOR] Starting call test_eval_810...
[GENERATOR] Call test_eval_803 completed in 7.28s
[LOG] generator call logged to generator_test_eval_803_20260222_072557_819.json
[GENERATOR] Starting call test_eval_811...
[GENERATOR] Call test_eval_798 completed in 13.29s
[LOG] generator call logged to generator_test_eval_798_20260222_072557_946.json
[GENERATOR] Starting call test_eval_812...
[GENERATOR] Call test_eval_787 completed in 25.34s
[LOG] generator call logged to generator_test_eval_787_20260222_072559_488.json
[GENERATOR] Starting call test_eval_813...
[GENERATOR] Call test_eval_807 completed in 7.68s
[LOG] generator call logged to generator_test_eval_807_20260222_072600_839.json
[GENERATOR] Starting call test_eval_814...
[GENERATOR] Call test_eval_789 completed in 25.72s
[LOG] generator call logged to generator_test_eval_789_20260222_072602_428.json
[GENERATOR] Starting call test_eval_815...
[GENERATOR] Call test_eval_792 completed in 26.47s
[LOG] generator call logged to generator_test_eval_792_20260222_072606_737.json
[GENERATOR] Starting call test_eval_816...
[GENERATOR] Call test_eval_813 completed in 7.34s
[LOG] generator call logged to generator_test_eval_813_20260222_072606_829.json
[GENERATOR] Starting call test_eval_817...
[GENERATOR] Call test_eval_790 completed in 29.57s
[LOG] generator call logged to generator_test_eval_790_20260222_072607_900.json
[GENERATOR] Starting call test_eval_818...
[GENERATOR] Call test_eval_814 completed in 8.69s
[LOG] generator call logged to generator_test_eval_814_20260222_072609_531.json
[GENERATOR] Starting call test_eval_819...
Progress: 800/1805, Accuracy: 0.319
[GENERATOR] Call test_eval_794 completed in 29.49s
[LOG] generator call logged to generator_test_eval_794_20260222_072610_605.json
[GENERATOR] Starting call test_eval_820...
[GENERATOR] Call test_eval_816 completed in 5.91s
[LOG] generator call logged to generator_test_eval_816_20260222_072612_652.json
[GENERATOR] Starting call test_eval_821...
[GENERATOR] Call test_eval_795 completed in 30.08s
[LOG] generator call logged to generator_test_eval_795_20260222_072613_366.json
[GENERATOR] Starting call test_eval_822...
[GENERATOR] Call test_eval_817 completed in 8.42s
[LOG] generator call logged to generator_test_eval_817_20260222_072615_250.json
[GENERATOR] Starting call test_eval_823...
[GENERATOR] Call test_eval_793 completed in 34.59s
[LOG] generator call logged to generator_test_eval_793_20260222_072615_381.json
[GENERATOR] Starting call test_eval_824...
[GENERATOR] Call test_eval_799 completed in 31.58s
[LOG] generator call logged to generator_test_eval_799_20260222_072618_307.json
[GENERATOR] Starting call test_eval_825...
[GENERATOR] Call test_eval_820 completed in 7.72s
[LOG] generator call logged to generator_test_eval_820_20260222_072618_330.json
[GENERATOR] Starting call test_eval_826...
[GENERATOR] Call test_eval_818 completed in 10.62s
[LOG] generator call logged to generator_test_eval_818_20260222_072618_519.json
[GENERATOR] Starting call test_eval_827...
[GENERATOR] Call test_eval_800 completed in 32.46s
[LOG] generator call logged to generator_test_eval_800_20260222_072619_616.json
[GENERATOR] Starting call test_eval_828...
[GENERATOR] Call test_eval_801 completed in 33.99s
[LOG] generator call logged to generator_test_eval_801_20260222_072621_175.json
[GENERATOR] Starting call test_eval_829...
[GENERATOR] Call test_eval_822 completed in 7.91s
[LOG] generator call logged to generator_test_eval_822_20260222_072621_281.json
[GENERATOR] Starting call test_eval_830...
[GENERATOR] Call test_eval_823 completed in 8.28s
[LOG] generator call logged to generator_test_eval_823_20260222_072623_532.json
[GENERATOR] Starting call test_eval_831...
[GENERATOR] Call test_eval_802 completed in 33.65s
[LOG] generator call logged to generator_test_eval_802_20260222_072623_574.json
[GENERATOR] Starting call test_eval_832...
[GENERATOR] Call test_eval_824 completed in 9.41s
[LOG] generator call logged to generator_test_eval_824_20260222_072624_795.json
[GENERATOR] Starting call test_eval_833...
[GENERATOR] Call test_eval_804 completed in 34.27s
[LOG] generator call logged to generator_test_eval_804_20260222_072625_352.json
[GENERATOR] Starting call test_eval_834...
[GENERATOR] Call test_eval_827 completed in 9.08s
[LOG] generator call logged to generator_test_eval_827_20260222_072627_600.json
[GENERATOR] Starting call test_eval_835...
[GENERATOR] Call test_eval_805 completed in 37.31s
[LOG] generator call logged to generator_test_eval_805_20260222_072628_554.json
[GENERATOR] Starting call test_eval_836...
[GENERATOR] Call test_eval_826 completed in 10.24s
[LOG] generator call logged to generator_test_eval_826_20260222_072628_569.json
[GENERATOR] Starting call test_eval_837...
[GENERATOR] Call test_eval_806 completed in 35.61s
[LOG] generator call logged to generator_test_eval_806_20260222_072628_603.json
[GENERATOR] Starting call test_eval_838...
[GENERATOR] Call test_eval_831 completed in 7.64s
[GENERATOR] Call test_eval_829 completed in 10.00s
[LOG] generator call logged to generator_test_eval_831_20260222_072631_176.json
[GENERATOR] Starting call test_eval_839...
[LOG] generator call logged to generator_test_eval_829_20260222_072631_177.json
[GENERATOR] Starting call test_eval_840...
[GENERATOR] Call test_eval_808 completed in 37.74s
[LOG] generator call logged to generator_test_eval_808_20260222_072631_397.json
[GENERATOR] Starting call test_eval_841...
[GENERATOR] Call test_eval_809 completed in 35.70s
[LOG] generator call logged to generator_test_eval_809_20260222_072631_871.json
[GENERATOR] Starting call test_eval_842...
[GENERATOR] Call test_eval_811 completed in 38.28s
[LOG] generator call logged to generator_test_eval_811_20260222_072636_102.json
[GENERATOR] Starting call test_eval_843...
[GENERATOR] Call test_eval_810 completed in 40.88s
[LOG] generator call logged to generator_test_eval_810_20260222_072637_364.json
[GENERATOR] Starting call test_eval_844...
[GENERATOR] Call test_eval_834 completed in 12.06s
[LOG] generator call logged to generator_test_eval_834_20260222_072637_420.json
[GENERATOR] Starting call test_eval_845...
[GENERATOR] Call test_eval_812 completed in 41.17s
[LOG] generator call logged to generator_test_eval_812_20260222_072639_119.json
[GENERATOR] Starting call test_eval_846...
[GENERATOR] Call test_eval_837 completed in 11.69s
[LOG] generator call logged to generator_test_eval_837_20260222_072640_256.json
[GENERATOR] Starting call test_eval_847...
[GENERATOR] Call test_eval_815 completed in 38.18s
[LOG] generator call logged to generator_test_eval_815_20260222_072640_607.json
[GENERATOR] Starting call test_eval_848...
[GENERATOR] Call test_eval_819 completed in 32.61s
[LOG] generator call logged to generator_test_eval_819_20260222_072642_145.json
[GENERATOR] Starting call test_eval_849...
[GENERATOR] Call test_eval_838 completed in 15.69s
[LOG] generator call logged to generator_test_eval_838_20260222_072644_295.json
[GENERATOR] Starting call test_eval_850...
[GENERATOR] Call test_eval_825 completed in 26.70s
[LOG] generator call logged to generator_test_eval_825_20260222_072645_012.json
[GENERATOR] Starting call test_eval_851...
[GENERATOR] Call test_eval_821 completed in 32.50s
[LOG] generator call logged to generator_test_eval_821_20260222_072645_157.json
[GENERATOR] Starting call test_eval_852...
[GENERATOR] Call test_eval_840 completed in 16.49s
[LOG] generator call logged to generator_test_eval_840_20260222_072647_671.json
[GENERATOR] Starting call test_eval_853...
[GENERATOR] Call test_eval_830 completed in 26.70s
[LOG] generator call logged to generator_test_eval_830_20260222_072647_985.json
[GENERATOR] Starting call test_eval_854...
[GENERATOR] Call test_eval_828 completed in 29.59s
[LOG] generator call logged to generator_test_eval_828_20260222_072649_210.json
[GENERATOR] Starting call test_eval_855...
[GENERATOR] Call test_eval_832 completed in 28.81s
[LOG] generator call logged to generator_test_eval_832_20260222_072652_385.json
[GENERATOR] Starting call test_eval_856...
[GENERATOR] Call test_eval_841 completed in 21.10s
[LOG] generator call logged to generator_test_eval_841_20260222_072652_504.json
[GENERATOR] Starting call test_eval_857...
[GENERATOR] Call test_eval_839 completed in 21.43s
[LOG] generator call logged to generator_test_eval_839_20260222_072652_613.json
[GENERATOR] Starting call test_eval_858...
[GENERATOR] Call test_eval_833 completed in 28.23s
[LOG] generator call logged to generator_test_eval_833_20260222_072653_025.json
[GENERATOR] Starting call test_eval_859...
[GENERATOR] Call test_eval_835 completed in 27.65s
[LOG] generator call logged to generator_test_eval_835_20260222_072655_252.json
[GENERATOR] Starting call test_eval_860...
[GENERATOR] Call test_eval_836 completed in 26.88s
[LOG] generator call logged to generator_test_eval_836_20260222_072655_431.json
[GENERATOR] Starting call test_eval_861...
[GENERATOR] Call test_eval_845 completed in 22.36s
[LOG] generator call logged to generator_test_eval_845_20260222_072659_783.json
[GENERATOR] Starting call test_eval_862...
[GENERATOR] Call test_eval_843 completed in 24.65s
[LOG] generator call logged to generator_test_eval_843_20260222_072700_756.json
[GENERATOR] Starting call test_eval_863...
[GENERATOR] Call test_eval_842 completed in 29.35s
[LOG] generator call logged to generator_test_eval_842_20260222_072701_225.json
[GENERATOR] Starting call test_eval_864...
[GENERATOR] Call test_eval_844 completed in 24.23s
[LOG] generator call logged to generator_test_eval_844_20260222_072701_600.json
[GENERATOR] Starting call test_eval_865...
[GENERATOR] Call test_eval_847 completed in 23.71s
[LOG] generator call logged to generator_test_eval_847_20260222_072703_963.json
[GENERATOR] Starting call test_eval_866...
[GENERATOR] Call test_eval_848 completed in 24.27s
[LOG] generator call logged to generator_test_eval_848_20260222_072704_874.json
[GENERATOR] Starting call test_eval_867...
[GENERATOR] Call test_eval_849 completed in 23.24s
[LOG] generator call logged to generator_test_eval_849_20260222_072705_389.json
[GENERATOR] Starting call test_eval_868...
[GENERATOR] Call test_eval_846 completed in 27.29s
[LOG] generator call logged to generator_test_eval_846_20260222_072706_414.json
[GENERATOR] Starting call test_eval_869...
Progress: 850/1805, Accuracy: 0.318
[GENERATOR] Call test_eval_850 completed in 23.45s
[LOG] generator call logged to generator_test_eval_850_20260222_072707_745.json
[GENERATOR] Starting call test_eval_870...
[GENERATOR] Call test_eval_851 completed in 23.37s
[LOG] generator call logged to generator_test_eval_851_20260222_072708_387.json
[GENERATOR] Starting call test_eval_871...
[GENERATOR] Call test_eval_853 completed in 21.71s
[LOG] generator call logged to generator_test_eval_853_20260222_072709_383.json
[GENERATOR] Starting call test_eval_872...
[GENERATOR] Call test_eval_852 completed in 25.46s
[LOG] generator call logged to generator_test_eval_852_20260222_072710_617.json
[GENERATOR] Starting call test_eval_873...
[GENERATOR] Call test_eval_855 completed in 21.96s
[LOG] generator call logged to generator_test_eval_855_20260222_072711_172.json
[GENERATOR] Starting call test_eval_874...
[GENERATOR] Call test_eval_856 completed in 20.79s
[LOG] generator call logged to generator_test_eval_856_20260222_072713_179.json
[GENERATOR] Starting call test_eval_875...
[GENERATOR] Call test_eval_854 completed in 25.25s
[LOG] generator call logged to generator_test_eval_854_20260222_072713_238.json
[GENERATOR] Starting call test_eval_876...
[GENERATOR] Call test_eval_857 completed in 21.18s
[LOG] generator call logged to generator_test_eval_857_20260222_072713_684.json
[GENERATOR] Starting call test_eval_877...
[GENERATOR] Call test_eval_858 completed in 21.32s
[LOG] generator call logged to generator_test_eval_858_20260222_072713_937.json
[GENERATOR] Starting call test_eval_878...
[GENERATOR] Call test_eval_859 completed in 22.91s
[LOG] generator call logged to generator_test_eval_859_20260222_072715_935.json
[GENERATOR] Starting call test_eval_879...
[GENERATOR] Call test_eval_860 completed in 21.02s
[LOG] generator call logged to generator_test_eval_860_20260222_072716_273.json
[GENERATOR] Starting call test_eval_880...
[GENERATOR] Call test_eval_878 completed in 2.78s
[GENERATOR] Call test_eval_862 completed in 16.94s
[LOG] generator call logged to generator_test_eval_878_20260222_072716_719.json
[GENERATOR] Starting call test_eval_881...
[LOG] generator call logged to generator_test_eval_862_20260222_072716_720.json
[GENERATOR] Starting call test_eval_882...
[GENERATOR] Call test_eval_877 completed in 3.58s
[LOG] generator call logged to generator_test_eval_877_20260222_072717_263.json
[GENERATOR] Starting call test_eval_883...
[GENERATOR] Call test_eval_863 completed in 17.02s
[LOG] generator call logged to generator_test_eval_863_20260222_072717_780.json
[GENERATOR] Starting call test_eval_884...
[GENERATOR] Call test_eval_879 completed in 3.05s
[LOG] generator call logged to generator_test_eval_879_20260222_072718_983.json
[GENERATOR] Starting call test_eval_885...
[GENERATOR] Call test_eval_881 completed in 2.46s
[LOG] generator call logged to generator_test_eval_881_20260222_072719_187.json
[GENERATOR] Starting call test_eval_886...
[GENERATOR] Call test_eval_883 completed in 2.09s
[LOG] generator call logged to generator_test_eval_883_20260222_072719_359.json
[GENERATOR] Starting call test_eval_887...
[GENERATOR] Call test_eval_861 completed in 24.13s
[LOG] generator call logged to generator_test_eval_861_20260222_072719_565.json
[GENERATOR] Starting call test_eval_888...
[GENERATOR] Call test_eval_880 completed in 3.53s
[LOG] generator call logged to generator_test_eval_880_20260222_072719_805.json
[GENERATOR] Starting call test_eval_889...
[GENERATOR] Call test_eval_884 completed in 2.03s
[LOG] generator call logged to generator_test_eval_884_20260222_072719_817.json
[GENERATOR] Starting call test_eval_890...
[GENERATOR] Call test_eval_865 completed in 20.37s
[LOG] generator call logged to generator_test_eval_865_20260222_072721_975.json
[GENERATOR] Starting call test_eval_891...
[GENERATOR] Call test_eval_866 completed in 19.23s
[LOG] generator call logged to generator_test_eval_866_20260222_072723_194.json
[GENERATOR] Starting call test_eval_892...
[GENERATOR] Call test_eval_864 completed in 23.59s
[LOG] generator call logged to generator_test_eval_864_20260222_072724_821.json
[GENERATOR] Starting call test_eval_893...
[GENERATOR] Call test_eval_867 completed in 21.67s
[LOG] generator call logged to generator_test_eval_867_20260222_072726_546.json
[GENERATOR] Starting call test_eval_894...
[GENERATOR] Call test_eval_870 completed in 20.72s
[LOG] generator call logged to generator_test_eval_870_20260222_072728_470.json
[GENERATOR] Starting call test_eval_895...
[GENERATOR] Call test_eval_871 completed in 21.33s
[LOG] generator call logged to generator_test_eval_871_20260222_072729_721.json
[GENERATOR] Starting call test_eval_896...
[GENERATOR] Call test_eval_869 completed in 23.60s
[LOG] generator call logged to generator_test_eval_869_20260222_072730_016.json
[GENERATOR] Starting call test_eval_897...
[GENERATOR] Call test_eval_868 completed in 25.40s
[LOG] generator call logged to generator_test_eval_868_20260222_072730_787.json
[GENERATOR] Starting call test_eval_898...
[GENERATOR] Call test_eval_873 completed in 21.36s
[LOG] generator call logged to generator_test_eval_873_20260222_072731_984.json
[GENERATOR] Starting call test_eval_899...
[GENERATOR] Call test_eval_875 completed in 20.10s
[LOG] generator call logged to generator_test_eval_875_20260222_072733_281.json
[GENERATOR] Starting call test_eval_900...
[GENERATOR] Call test_eval_872 completed in 24.71s
[LOG] generator call logged to generator_test_eval_872_20260222_072734_098.json
[GENERATOR] Starting call test_eval_901...
[GENERATOR] Call test_eval_885 completed in 17.12s
[LOG] generator call logged to generator_test_eval_885_20260222_072736_101.json
[GENERATOR] Starting call test_eval_902...
[GENERATOR] Call test_eval_887 completed in 17.86s
[LOG] generator call logged to generator_test_eval_887_20260222_072737_225.json
[GENERATOR] Starting call test_eval_903...
[GENERATOR] Call test_eval_902 completed in 1.51s
[LOG] generator call logged to generator_test_eval_902_20260222_072737_608.json
[GENERATOR] Starting call test_eval_904...
[GENERATOR] Call test_eval_874 completed in 26.53s
[LOG] generator call logged to generator_test_eval_874_20260222_072737_708.json
[GENERATOR] Starting call test_eval_905...
[GENERATOR] Call test_eval_888 completed in 19.41s
[LOG] generator call logged to generator_test_eval_888_20260222_072738_978.json
[GENERATOR] Starting call test_eval_906...
[GENERATOR] Call test_eval_890 completed in 21.00s
[LOG] generator call logged to generator_test_eval_890_20260222_072740_820.json
[GENERATOR] Starting call test_eval_907...
[GENERATOR] Call test_eval_876 completed in 27.66s
[LOG] generator call logged to generator_test_eval_876_20260222_072740_904.json
[GENERATOR] Starting call test_eval_908...
[GENERATOR] Call test_eval_882 completed in 24.40s
[LOG] generator call logged to generator_test_eval_882_20260222_072741_127.json
[GENERATOR] Starting call test_eval_909...
[GENERATOR] Call test_eval_889 completed in 22.24s
[LOG] generator call logged to generator_test_eval_889_20260222_072742_051.json
[GENERATOR] Starting call test_eval_910...
[GENERATOR] Call test_eval_886 completed in 24.42s
[LOG] generator call logged to generator_test_eval_886_20260222_072743_606.json
[GENERATOR] Starting call test_eval_911...
[GENERATOR] Call test_eval_891 completed in 21.64s
[LOG] generator call logged to generator_test_eval_891_20260222_072743_613.json
[GENERATOR] Starting call test_eval_912...
[GENERATOR] Call test_eval_892 completed in 21.21s
[LOG] generator call logged to generator_test_eval_892_20260222_072744_401.json
[GENERATOR] Starting call test_eval_913...
[GENERATOR] Call test_eval_893 completed in 21.24s
[LOG] generator call logged to generator_test_eval_893_20260222_072746_061.json
[GENERATOR] Starting call test_eval_914...
[GENERATOR] Call test_eval_895 completed in 19.19s
[LOG] generator call logged to generator_test_eval_895_20260222_072747_664.json
[GENERATOR] Starting call test_eval_915...
[GENERATOR] Call test_eval_898 completed in 17.54s
[LOG] generator call logged to generator_test_eval_898_20260222_072748_325.json
[GENERATOR] Starting call test_eval_916...
[GENERATOR] Call test_eval_894 completed in 22.48s
[LOG] generator call logged to generator_test_eval_894_20260222_072749_023.json
[GENERATOR] Starting call test_eval_917...
[GENERATOR] Call test_eval_900 completed in 15.94s
[LOG] generator call logged to generator_test_eval_900_20260222_072749_220.json
[GENERATOR] Starting call test_eval_918...
[GENERATOR] Call test_eval_901 completed in 17.00s
[LOG] generator call logged to generator_test_eval_901_20260222_072751_096.json
[GENERATOR] Starting call test_eval_919...
Progress: 900/1805, Accuracy: 0.312
[GENERATOR] Call test_eval_896 completed in 22.87s
[LOG] generator call logged to generator_test_eval_896_20260222_072752_596.json
[GENERATOR] Starting call test_eval_920...
[GENERATOR] Call test_eval_904 completed in 15.60s
[LOG] generator call logged to generator_test_eval_904_20260222_072753_211.json
[GENERATOR] Starting call test_eval_921...
[GENERATOR] Call test_eval_897 completed in 24.52s
[LOG] generator call logged to generator_test_eval_897_20260222_072754_541.json
[GENERATOR] Starting call test_eval_922...
[GENERATOR] Call test_eval_905 completed in 17.45s
[LOG] generator call logged to generator_test_eval_905_20260222_072755_156.json
[GENERATOR] Starting call test_eval_923...
[GENERATOR] Call test_eval_899 completed in 23.40s
[LOG] generator call logged to generator_test_eval_899_20260222_072755_382.json
[GENERATOR] Starting call test_eval_924...
[GENERATOR] Call test_eval_906 completed in 18.02s
[LOG] generator call logged to generator_test_eval_906_20260222_072757_003.json
[GENERATOR] Starting call test_eval_925...
[GENERATOR] Call test_eval_903 completed in 20.54s
[LOG] generator call logged to generator_test_eval_903_20260222_072757_770.json
[GENERATOR] Starting call test_eval_926...
[GENERATOR] Call test_eval_907 completed in 17.92s
[LOG] generator call logged to generator_test_eval_907_20260222_072758_740.json
[GENERATOR] Starting call test_eval_927...
[GENERATOR] Call test_eval_909 completed in 17.80s
[LOG] generator call logged to generator_test_eval_909_20260222_072758_933.json
[GENERATOR] Starting call test_eval_928...
[GENERATOR] Call test_eval_927 completed in 1.63s
[LOG] generator call logged to generator_test_eval_927_20260222_072800_375.json
[GENERATOR] Starting call test_eval_929...
[GENERATOR] Call test_eval_908 completed in 19.75s
[LOG] generator call logged to generator_test_eval_908_20260222_072800_655.json
[GENERATOR] Starting call test_eval_930...
[GENERATOR] Call test_eval_928 completed in 1.84s
[LOG] generator call logged to generator_test_eval_928_20260222_072800_770.json
[GENERATOR] Starting call test_eval_931...
[GENERATOR] Call test_eval_910 completed in 19.46s
[LOG] generator call logged to generator_test_eval_910_20260222_072801_508.json
[GENERATOR] Starting call test_eval_932...
[GENERATOR] Call test_eval_929 completed in 1.23s
[LOG] generator call logged to generator_test_eval_929_20260222_072801_603.json
[GENERATOR] Starting call test_eval_933...
[GENERATOR] Call test_eval_930 completed in 1.46s
[LOG] generator call logged to generator_test_eval_930_20260222_072802_122.json
[GENERATOR] Starting call test_eval_934...
[GENERATOR] Call test_eval_916 completed in 13.81s
[LOG] generator call logged to generator_test_eval_916_20260222_072802_136.json
[GENERATOR] Starting call test_eval_935...
[GENERATOR] Call test_eval_931 completed in 1.56s
[LOG] generator call logged to generator_test_eval_931_20260222_072802_337.json
[GENERATOR] Starting call test_eval_936...
[GENERATOR] Call test_eval_913 completed in 18.25s
[LOG] generator call logged to generator_test_eval_913_20260222_072802_657.json
[GENERATOR] Starting call test_eval_937...
[GENERATOR] Call test_eval_933 completed in 1.60s
[LOG] generator call logged to generator_test_eval_933_20260222_072803_206.json
[GENERATOR] Starting call test_eval_938...
[GENERATOR] Call test_eval_932 completed in 1.88s
[LOG] generator call logged to generator_test_eval_932_20260222_072803_387.json
[GENERATOR] Starting call test_eval_939...
[GENERATOR] Call test_eval_912 completed in 21.11s
[LOG] generator call logged to generator_test_eval_912_20260222_072804_727.json
[GENERATOR] Starting call test_eval_940...
[GENERATOR] Call test_eval_911 completed in 21.41s
[GENERATOR] Call test_eval_919 completed in 13.93s
[LOG] generator call logged to generator_test_eval_911_20260222_072805_020.json
[GENERATOR] Starting call test_eval_941...
[LOG] generator call logged to generator_test_eval_919_20260222_072805_027.json
[GENERATOR] Starting call test_eval_942...
[GENERATOR] Call test_eval_920 completed in 13.16s
[LOG] generator call logged to generator_test_eval_920_20260222_072805_762.json
[GENERATOR] Starting call test_eval_943...
[GENERATOR] Call test_eval_940 completed in 1.69s
[LOG] generator call logged to generator_test_eval_940_20260222_072806_417.json
[GENERATOR] Starting call test_eval_944...
[GENERATOR] Call test_eval_921 completed in 14.94s
[LOG] generator call logged to generator_test_eval_921_20260222_072808_150.json
[GENERATOR] Starting call test_eval_945...
[GENERATOR] Call test_eval_915 completed in 20.54s
[LOG] generator call logged to generator_test_eval_915_20260222_072808_206.json
[GENERATOR] Starting call test_eval_946...
[GENERATOR] Call test_eval_922 completed in 14.35s
[LOG] generator call logged to generator_test_eval_922_20260222_072808_890.json
[GENERATOR] Starting call test_eval_947...
[GENERATOR] Call test_eval_923 completed in 16.48s
[LOG] generator call logged to generator_test_eval_923_20260222_072811_639.json
[GENERATOR] Starting call test_eval_948...
[GENERATOR] Call test_eval_917 completed in 22.62s
[LOG] generator call logged to generator_test_eval_917_20260222_072811_644.json
[GENERATOR] Starting call test_eval_949...
[GENERATOR] Call test_eval_914 completed in 25.96s
[LOG] generator call logged to generator_test_eval_914_20260222_072812_027.json
[GENERATOR] Starting call test_eval_950...
[GENERATOR] Call test_eval_924 completed in 16.82s
[LOG] generator call logged to generator_test_eval_924_20260222_072812_204.json
[GENERATOR] Starting call test_eval_951...
[GENERATOR] Call test_eval_918 completed in 25.39s
[LOG] generator call logged to generator_test_eval_918_20260222_072814_609.json
[GENERATOR] Starting call test_eval_952...
[GENERATOR] Call test_eval_926 completed in 17.68s
[LOG] generator call logged to generator_test_eval_926_20260222_072815_451.json
[GENERATOR] Starting call test_eval_953...
[GENERATOR] Call test_eval_925 completed in 19.55s
[LOG] generator call logged to generator_test_eval_925_20260222_072816_558.json
[GENERATOR] Starting call test_eval_954...
[GENERATOR] Call test_eval_936 completed in 14.78s
[LOG] generator call logged to generator_test_eval_936_20260222_072817_118.json
[GENERATOR] Starting call test_eval_955...
[GENERATOR] Call test_eval_953 completed in 2.46s
[LOG] generator call logged to generator_test_eval_953_20260222_072817_912.json
[GENERATOR] Starting call test_eval_956...
[GENERATOR] Call test_eval_934 completed in 17.20s
[LOG] generator call logged to generator_test_eval_934_20260222_072819_323.json
[GENERATOR] Starting call test_eval_957...
[GENERATOR] Call test_eval_935 completed in 17.31s
[LOG] generator call logged to generator_test_eval_935_20260222_072819_452.json
[GENERATOR] Starting call test_eval_958...
[GENERATOR] Call test_eval_954 completed in 2.94s
[LOG] generator call logged to generator_test_eval_954_20260222_072819_502.json
[GENERATOR] Starting call test_eval_959...
[GENERATOR] Call test_eval_937 completed in 17.31s
[LOG] generator call logged to generator_test_eval_937_20260222_072819_974.json
[GENERATOR] Starting call test_eval_960...
[GENERATOR] Call test_eval_939 completed in 18.99s
[LOG] generator call logged to generator_test_eval_939_20260222_072822_382.json
[GENERATOR] Starting call test_eval_961...
[GENERATOR] Call test_eval_938 completed in 19.52s
[LOG] generator call logged to generator_test_eval_938_20260222_072822_731.json
[GENERATOR] Starting call test_eval_962...
[GENERATOR] Call test_eval_943 completed in 17.78s
[LOG] generator call logged to generator_test_eval_943_20260222_072823_545.json
[GENERATOR] Starting call test_eval_963...
[GENERATOR] Call test_eval_942 completed in 20.13s
[LOG] generator call logged to generator_test_eval_942_20260222_072825_159.json
[GENERATOR] Starting call test_eval_964...
[GENERATOR] Call test_eval_947 completed in 16.67s
[LOG] generator call logged to generator_test_eval_947_20260222_072825_564.json
[GENERATOR] Starting call test_eval_965...
[GENERATOR] Call test_eval_944 completed in 22.12s
[LOG] generator call logged to generator_test_eval_944_20260222_072828_540.json
[GENERATOR] Starting call test_eval_966...
[GENERATOR] Call test_eval_951 completed in 17.25s
[LOG] generator call logged to generator_test_eval_951_20260222_072829_461.json
[GENERATOR] Starting call test_eval_967...
[GENERATOR] Call test_eval_950 completed in 17.44s
[LOG] generator call logged to generator_test_eval_950_20260222_072829_468.json
[GENERATOR] Starting call test_eval_968...
[GENERATOR] Call test_eval_941 completed in 25.99s
[LOG] generator call logged to generator_test_eval_941_20260222_072831_011.json
[GENERATOR] Starting call test_eval_969...
Progress: 950/1805, Accuracy: 0.317
[GENERATOR] Call test_eval_958 completed in 12.77s
[LOG] generator call logged to generator_test_eval_958_20260222_072832_227.json
[GENERATOR] Starting call test_eval_970...
[GENERATOR] Call test_eval_957 completed in 13.21s
[LOG] generator call logged to generator_test_eval_957_20260222_072832_532.json
[GENERATOR] Starting call test_eval_971...
[GENERATOR] Call test_eval_945 completed in 25.10s
[LOG] generator call logged to generator_test_eval_945_20260222_072833_250.json
[GENERATOR] Starting call test_eval_972...
[GENERATOR] Call test_eval_946 completed in 25.99s
[LOG] generator call logged to generator_test_eval_946_20260222_072834_196.json
[GENERATOR] Starting call test_eval_973...
[GENERATOR] Call test_eval_959 completed in 15.46s
[LOG] generator call logged to generator_test_eval_959_20260222_072834_967.json
[GENERATOR] Starting call test_eval_974...
[GENERATOR] Call test_eval_960 completed in 15.64s
[LOG] generator call logged to generator_test_eval_960_20260222_072835_621.json
[GENERATOR] Starting call test_eval_975...
[GENERATOR] Call test_eval_949 completed in 25.62s
[LOG] generator call logged to generator_test_eval_949_20260222_072837_266.json
[GENERATOR] Starting call test_eval_976...
[GENERATOR] Call test_eval_948 completed in 27.65s
[LOG] generator call logged to generator_test_eval_948_20260222_072839_291.json
[GENERATOR] Starting call test_eval_977...
[GENERATOR] Call test_eval_961 completed in 17.07s
[LOG] generator call logged to generator_test_eval_961_20260222_072839_452.json
[GENERATOR] Starting call test_eval_978...
[GENERATOR] Call test_eval_952 completed in 26.45s
[LOG] generator call logged to generator_test_eval_952_20260222_072841_059.json
[GENERATOR] Starting call test_eval_979...
[GENERATOR] Call test_eval_977 completed in 2.05s
[LOG] generator call logged to generator_test_eval_977_20260222_072841_340.json
[GENERATOR] Starting call test_eval_980...
[GENERATOR] Call test_eval_962 completed in 19.53s
[LOG] generator call logged to generator_test_eval_962_20260222_072842_260.json
[GENERATOR] Starting call test_eval_981...
[GENERATOR] Call test_eval_955 completed in 25.57s
[LOG] generator call logged to generator_test_eval_955_20260222_072842_695.json
[GENERATOR] Starting call test_eval_982...
[GENERATOR] Call test_eval_965 completed in 17.38s
[LOG] generator call logged to generator_test_eval_965_20260222_072842_943.json
[GENERATOR] Starting call test_eval_983...
[GENERATOR] Call test_eval_979 completed in 1.95s
[LOG] generator call logged to generator_test_eval_979_20260222_072843_008.json
[GENERATOR] Starting call test_eval_984...
[GENERATOR] Call test_eval_956 completed in 26.52s
[LOG] generator call logged to generator_test_eval_956_20260222_072844_437.json
[GENERATOR] Starting call test_eval_985...
[GENERATOR] Call test_eval_966 completed in 16.79s
[LOG] generator call logged to generator_test_eval_966_20260222_072845_332.json
[GENERATOR] Starting call test_eval_986...
[GENERATOR] Call test_eval_963 completed in 21.85s
[LOG] generator call logged to generator_test_eval_963_20260222_072845_392.json
[GENERATOR] Starting call test_eval_987...
[GENERATOR] Call test_eval_968 completed in 16.55s
[LOG] generator call logged to generator_test_eval_968_20260222_072846_019.json
[GENERATOR] Starting call test_eval_988...
[GENERATOR] Call test_eval_964 completed in 21.73s
[LOG] generator call logged to generator_test_eval_964_20260222_072846_893.json
[GENERATOR] Starting call test_eval_989...
[GENERATOR] Call test_eval_967 completed in 18.81s
[LOG] generator call logged to generator_test_eval_967_20260222_072848_277.json
[GENERATOR] Starting call test_eval_990...
[GENERATOR] Call test_eval_970 completed in 16.35s
[LOG] generator call logged to generator_test_eval_970_20260222_072848_580.json
[GENERATOR] Starting call test_eval_991...
[GENERATOR] Call test_eval_969 completed in 18.63s
[LOG] generator call logged to generator_test_eval_969_20260222_072849_644.json
[GENERATOR] Starting call test_eval_992...
[GENERATOR] Call test_eval_971 completed in 17.13s
[LOG] generator call logged to generator_test_eval_971_20260222_072849_660.json
[GENERATOR] Starting call test_eval_993...
[GENERATOR] Call test_eval_974 completed in 16.34s
[LOG] generator call logged to generator_test_eval_974_20260222_072851_307.json
[GENERATOR] Starting call test_eval_994...
[GENERATOR] Call test_eval_972 completed in 18.69s
[LOG] generator call logged to generator_test_eval_972_20260222_072851_947.json
[GENERATOR] Starting call test_eval_995...
[GENERATOR] Call test_eval_980 completed in 11.37s
[LOG] generator call logged to generator_test_eval_980_20260222_072852_711.json
[GENERATOR] Starting call test_eval_996...
[GENERATOR] Call test_eval_973 completed in 18.59s
[LOG] generator call logged to generator_test_eval_973_20260222_072852_791.json
[GENERATOR] Starting call test_eval_997...
[GENERATOR] Call test_eval_981 completed in 12.07s
[LOG] generator call logged to generator_test_eval_981_20260222_072854_336.json
[GENERATOR] Starting call test_eval_998...
[GENERATOR] Call test_eval_982 completed in 13.57s
[LOG] generator call logged to generator_test_eval_982_20260222_072856_267.json
[GENERATOR] Starting call test_eval_999...
[GENERATOR] Call test_eval_976 completed in 19.43s
[LOG] generator call logged to generator_test_eval_976_20260222_072856_699.json
[GENERATOR] Starting call test_eval_1000...
[GENERATOR] Call test_eval_983 completed in 14.17s
[LOG] generator call logged to generator_test_eval_983_20260222_072857_119.json
[GENERATOR] Starting call test_eval_1001...
[GENERATOR] Call test_eval_985 completed in 14.54s
[LOG] generator call logged to generator_test_eval_985_20260222_072858_981.json
[GENERATOR] Starting call test_eval_1002...
[GENERATOR] Call test_eval_978 completed in 21.24s
[LOG] generator call logged to generator_test_eval_978_20260222_072900_693.json
[GENERATOR] Starting call test_eval_1003...
[GENERATOR] Call test_eval_986 completed in 15.38s
[LOG] generator call logged to generator_test_eval_986_20260222_072900_712.json
[GENERATOR] Starting call test_eval_1004...
[GENERATOR] Call test_eval_988 completed in 16.21s
[LOG] generator call logged to generator_test_eval_988_20260222_072902_229.json
[GENERATOR] Starting call test_eval_1005...
[GENERATOR] Call test_eval_975 completed in 27.52s
[LOG] generator call logged to generator_test_eval_975_20260222_072903_147.json
[GENERATOR] Starting call test_eval_1006...
[GENERATOR] Call test_eval_989 completed in 16.77s
[LOG] generator call logged to generator_test_eval_989_20260222_072903_660.json
[GENERATOR] Starting call test_eval_1007...
[GENERATOR] Call test_eval_984 completed in 21.06s
[LOG] generator call logged to generator_test_eval_984_20260222_072904_068.json
[GENERATOR] Starting call test_eval_1008...
[GENERATOR] Call test_eval_990 completed in 17.02s
[LOG] generator call logged to generator_test_eval_990_20260222_072905_300.json
[GENERATOR] Starting call test_eval_1009...
[GENERATOR] Call test_eval_987 completed in 20.82s
[LOG] generator call logged to generator_test_eval_987_20260222_072906_219.json
[GENERATOR] Starting call test_eval_1010...
[GENERATOR] Call test_eval_992 completed in 17.45s
[LOG] generator call logged to generator_test_eval_992_20260222_072907_091.json
[GENERATOR] Starting call test_eval_1011...
[GENERATOR] Call test_eval_995 completed in 16.26s
[LOG] generator call logged to generator_test_eval_995_20260222_072908_210.json
[GENERATOR] Starting call test_eval_1012...
[GENERATOR] Call test_eval_991 completed in 21.07s
[LOG] generator call logged to generator_test_eval_991_20260222_072909_658.json
[GENERATOR] Starting call test_eval_1013...
[GENERATOR] Call test_eval_1003 completed in 11.13s
[LOG] generator call logged to generator_test_eval_1003_20260222_072911_823.json
[GENERATOR] Starting call test_eval_1014...
[GENERATOR] Call test_eval_993 completed in 23.14s
[LOG] generator call logged to generator_test_eval_993_20260222_072912_799.json
[GENERATOR] Starting call test_eval_1015...
[GENERATOR] Call test_eval_994 completed in 22.79s
[LOG] generator call logged to generator_test_eval_994_20260222_072914_103.json
[GENERATOR] Starting call test_eval_1016...
[GENERATOR] Call test_eval_996 completed in 21.97s
[LOG] generator call logged to generator_test_eval_996_20260222_072914_682.json
[GENERATOR] Starting call test_eval_1017...
[GENERATOR] Call test_eval_997 completed in 22.84s
[LOG] generator call logged to generator_test_eval_997_20260222_072915_636.json
[GENERATOR] Starting call test_eval_1018...
[GENERATOR] Call test_eval_998 completed in 23.46s
[LOG] generator call logged to generator_test_eval_998_20260222_072917_794.json
[GENERATOR] Starting call test_eval_1019...
Progress: 1000/1805, Accuracy: 0.316
[GENERATOR] Call test_eval_1005 completed in 15.78s
[LOG] generator call logged to generator_test_eval_1005_20260222_072918_011.json
[GENERATOR] Starting call test_eval_1020...
[GENERATOR] Call test_eval_1000 completed in 23.65s
[GENERATOR] Call test_eval_999 completed in 24.08s
[LOG] generator call logged to generator_test_eval_1000_20260222_072920_354.json
[GENERATOR] Starting call test_eval_1021...
[LOG] generator call logged to generator_test_eval_999_20260222_072920_355.json
[GENERATOR] Starting call test_eval_1022...
[GENERATOR] Call test_eval_1009 completed in 16.79s
[LOG] generator call logged to generator_test_eval_1009_20260222_072922_095.json
[GENERATOR] Starting call test_eval_1023...
[GENERATOR] Call test_eval_1002 completed in 24.24s
[LOG] generator call logged to generator_test_eval_1002_20260222_072923_217.json
[GENERATOR] Starting call test_eval_1024...
[GENERATOR] Call test_eval_1001 completed in 26.61s
[LOG] generator call logged to generator_test_eval_1001_20260222_072923_734.json
[GENERATOR] Starting call test_eval_1025...
[GENERATOR] Call test_eval_1008 completed in 20.34s
[LOG] generator call logged to generator_test_eval_1008_20260222_072924_409.json
[GENERATOR] Starting call test_eval_1026...
[GENERATOR] Call test_eval_1011 completed in 17.98s
[LOG] generator call logged to generator_test_eval_1011_20260222_072925_071.json
[GENERATOR] Starting call test_eval_1027...
[GENERATOR] Call test_eval_1006 completed in 23.76s
[LOG] generator call logged to generator_test_eval_1006_20260222_072926_907.json
[GENERATOR] Starting call test_eval_1028...
[GENERATOR] Call test_eval_1004 completed in 26.44s
[LOG] generator call logged to generator_test_eval_1004_20260222_072927_150.json
[GENERATOR] Starting call test_eval_1029...
[GENERATOR] Call test_eval_1012 completed in 19.21s
[LOG] generator call logged to generator_test_eval_1012_20260222_072927_416.json
[GENERATOR] Starting call test_eval_1030...
[GENERATOR] Call test_eval_1014 completed in 16.14s
[LOG] generator call logged to generator_test_eval_1014_20260222_072927_965.json
[GENERATOR] Starting call test_eval_1031...
[GENERATOR] Call test_eval_1007 completed in 26.32s
[LOG] generator call logged to generator_test_eval_1007_20260222_072929_979.json
[GENERATOR] Starting call test_eval_1032...
[GENERATOR] Call test_eval_1030 completed in 2.72s
[LOG] generator call logged to generator_test_eval_1030_20260222_072930_137.json
[GENERATOR] Starting call test_eval_1033...
[GENERATOR] Call test_eval_1021 completed in 9.98s
[LOG] generator call logged to generator_test_eval_1021_20260222_072930_336.json
[GENERATOR] Starting call test_eval_1034...
[GENERATOR] Call test_eval_1031 completed in 3.13s
[LOG] generator call logged to generator_test_eval_1031_20260222_072931_102.json
[GENERATOR] Starting call test_eval_1035...
[GENERATOR] Call test_eval_1010 completed in 24.91s
[LOG] generator call logged to generator_test_eval_1010_20260222_072931_130.json
[GENERATOR] Starting call test_eval_1036...
[GENERATOR] Call test_eval_1024 completed in 8.06s
[LOG] generator call logged to generator_test_eval_1024_20260222_072931_280.json
[GENERATOR] Starting call test_eval_1037...
[GENERATOR] Call test_eval_1037 completed in 1.36s
[LOG] generator call logged to generator_test_eval_1037_20260222_072932_644.json
[GENERATOR] Starting call test_eval_1038...
[GENERATOR] Call test_eval_1035 completed in 2.17s
[LOG] generator call logged to generator_test_eval_1035_20260222_072933_273.json
[GENERATOR] Starting call test_eval_1039...
[GENERATOR] Call test_eval_1013 completed in 23.85s
[LOG] generator call logged to generator_test_eval_1013_20260222_072933_505.json
[GENERATOR] Starting call test_eval_1040...
[GENERATOR] Call test_eval_1025 completed in 9.99s
[LOG] generator call logged to generator_test_eval_1025_20260222_072933_729.json
[GENERATOR] Starting call test_eval_1041...
[GENERATOR] Call test_eval_1029 completed in 6.83s
[LOG] generator call logged to generator_test_eval_1029_20260222_072933_983.json
[GENERATOR] Starting call test_eval_1042...
[GENERATOR] Call test_eval_1015 completed in 21.58s
[LOG] generator call logged to generator_test_eval_1015_20260222_072934_379.json
[GENERATOR] Starting call test_eval_1043...
[GENERATOR] Call test_eval_1032 completed in 5.44s
[LOG] generator call logged to generator_test_eval_1032_20260222_072935_423.json
[GENERATOR] Starting call test_eval_1044...
[GENERATOR] Call test_eval_1042 completed in 1.49s
[LOG] generator call logged to generator_test_eval_1042_20260222_072935_476.json
[GENERATOR] Starting call test_eval_1045...
[GENERATOR] Call test_eval_1041 completed in 1.92s
[LOG] generator call logged to generator_test_eval_1041_20260222_072935_649.json
[GENERATOR] Starting call test_eval_1046...
[GENERATOR] Call test_eval_1033 completed in 6.03s
[LOG] generator call logged to generator_test_eval_1033_20260222_072936_167.json
[GENERATOR] Starting call test_eval_1047...
[GENERATOR] Call test_eval_1016 completed in 22.41s
[LOG] generator call logged to generator_test_eval_1016_20260222_072936_517.json
[GENERATOR] Starting call test_eval_1048...
[GENERATOR] Call test_eval_1017 completed in 22.64s
[LOG] generator call logged to generator_test_eval_1017_20260222_072937_323.json
[GENERATOR] Starting call test_eval_1049...
[GENERATOR] Call test_eval_1038 completed in 5.04s
[LOG] generator call logged to generator_test_eval_1038_20260222_072937_689.json
[GENERATOR] Starting call test_eval_1050...
[GENERATOR] Call test_eval_1036 completed in 6.69s
[LOG] generator call logged to generator_test_eval_1036_20260222_072937_817.json
[GENERATOR] Starting call test_eval_1051...
[GENERATOR] Call test_eval_1040 completed in 5.26s
[LOG] generator call logged to generator_test_eval_1040_20260222_072938_765.json
[GENERATOR] Starting call test_eval_1052...
[GENERATOR] Call test_eval_1052 completed in 1.73s
[LOG] generator call logged to generator_test_eval_1052_20260222_072940_494.json
[GENERATOR] Starting call test_eval_1053...
[GENERATOR] Call test_eval_1018 completed in 25.85s
[LOG] generator call logged to generator_test_eval_1018_20260222_072941_491.json
[GENERATOR] Starting call test_eval_1054...
[GENERATOR] Call test_eval_1043 completed in 7.17s
[LOG] generator call logged to generator_test_eval_1043_20260222_072941_547.json
[GENERATOR] Starting call test_eval_1055...
[GENERATOR] Call test_eval_1019 completed in 24.83s
[LOG] generator call logged to generator_test_eval_1019_20260222_072942_626.json
[GENERATOR] Starting call test_eval_1056...
[GENERATOR] Call test_eval_1034 completed in 13.93s
[LOG] generator call logged to generator_test_eval_1034_20260222_072944_262.json
[GENERATOR] Starting call test_eval_1057...
[GENERATOR] Call test_eval_1044 completed in 8.93s
[LOG] generator call logged to generator_test_eval_1044_20260222_072944_351.json
[GENERATOR] Starting call test_eval_1058...
[GENERATOR] Call test_eval_1049 completed in 7.12s
[LOG] generator call logged to generator_test_eval_1049_20260222_072944_445.json
[GENERATOR] Starting call test_eval_1059...
[GENERATOR] Call test_eval_1020 completed in 27.32s
[LOG] generator call logged to generator_test_eval_1020_20260222_072945_337.json
[GENERATOR] Starting call test_eval_1060...
[GENERATOR] Call test_eval_1022 completed in 25.26s
[GENERATOR] Call test_eval_1050 completed in 7.93s
[LOG] generator call logged to generator_test_eval_1022_20260222_072945_617.json
[GENERATOR] Starting call test_eval_1061...
[LOG] generator call logged to generator_test_eval_1050_20260222_072945_617.json
[GENERATOR] Starting call test_eval_1062...
[GENERATOR] Call test_eval_1057 completed in 3.22s
[LOG] generator call logged to generator_test_eval_1057_20260222_072947_485.json
[GENERATOR] Starting call test_eval_1063...
[GENERATOR] Call test_eval_1061 completed in 2.02s
[LOG] generator call logged to generator_test_eval_1061_20260222_072947_639.json
[GENERATOR] Starting call test_eval_1064...
[GENERATOR] Call test_eval_1056 completed in 5.84s
[LOG] generator call logged to generator_test_eval_1056_20260222_072948_468.json
[GENERATOR] Starting call test_eval_1065...
[GENERATOR] Call test_eval_1062 completed in 3.08s
[LOG] generator call logged to generator_test_eval_1062_20260222_072948_701.json
[GENERATOR] Starting call test_eval_1066...
[GENERATOR] Call test_eval_1023 completed in 26.88s
[LOG] generator call logged to generator_test_eval_1023_20260222_072948_981.json
[GENERATOR] Starting call test_eval_1067...
[GENERATOR] Call test_eval_1063 completed in 2.11s
[LOG] generator call logged to generator_test_eval_1063_20260222_072949_599.json
[GENERATOR] Starting call test_eval_1068...
[GENERATOR] Call test_eval_1058 completed in 6.42s
[LOG] generator call logged to generator_test_eval_1058_20260222_072950_774.json
[GENERATOR] Starting call test_eval_1069...
Progress: 1050/1805, Accuracy: 0.317
[GENERATOR] Call test_eval_1027 completed in 26.82s
[LOG] generator call logged to generator_test_eval_1027_20260222_072951_892.json
[GENERATOR] Starting call test_eval_1070...
[GENERATOR] Call test_eval_1059 completed in 7.54s
[LOG] generator call logged to generator_test_eval_1059_20260222_072951_985.json
[GENERATOR] Starting call test_eval_1071...
[GENERATOR] Call test_eval_1026 completed in 27.79s
[LOG] generator call logged to generator_test_eval_1026_20260222_072952_204.json
[GENERATOR] Starting call test_eval_1072...
[GENERATOR] Call test_eval_1064 completed in 5.79s
[LOG] generator call logged to generator_test_eval_1064_20260222_072953_425.json
[GENERATOR] Starting call test_eval_1073...
[GENERATOR] Call test_eval_1065 completed in 5.33s
[LOG] generator call logged to generator_test_eval_1065_20260222_072953_794.json
[GENERATOR] Starting call test_eval_1074...
[GENERATOR] Call test_eval_1039 completed in 22.20s
[LOG] generator call logged to generator_test_eval_1039_20260222_072955_474.json
[GENERATOR] Starting call test_eval_1075...
[GENERATOR] Call test_eval_1028 completed in 28.65s
[LOG] generator call logged to generator_test_eval_1028_20260222_072955_560.json
[GENERATOR] Starting call test_eval_1076...
[GENERATOR] Call test_eval_1069 completed in 6.00s
[LOG] generator call logged to generator_test_eval_1069_20260222_072956_781.json
[GENERATOR] Starting call test_eval_1077...
[GENERATOR] Call test_eval_1070 completed in 6.35s
[LOG] generator call logged to generator_test_eval_1070_20260222_072958_242.json
[GENERATOR] Starting call test_eval_1078...
[GENERATOR] Call test_eval_1046 completed in 22.69s
[LOG] generator call logged to generator_test_eval_1046_20260222_072958_344.json
[GENERATOR] Starting call test_eval_1079...
[GENERATOR] Call test_eval_1045 completed in 24.39s
[LOG] generator call logged to generator_test_eval_1045_20260222_072959_868.json
[GENERATOR] Starting call test_eval_1080...
[GENERATOR] Call test_eval_1047 completed in 24.96s
[LOG] generator call logged to generator_test_eval_1047_20260222_073001_131.json
[GENERATOR] Starting call test_eval_1081...
[GENERATOR] Call test_eval_1048 completed in 26.22s
[LOG] generator call logged to generator_test_eval_1048_20260222_073002_744.json
[GENERATOR] Starting call test_eval_1082...
[GENERATOR] Call test_eval_1051 completed in 26.07s
[LOG] generator call logged to generator_test_eval_1051_20260222_073003_892.json
[GENERATOR] Starting call test_eval_1083...
[GENERATOR] Call test_eval_1053 completed in 25.02s
[LOG] generator call logged to generator_test_eval_1053_20260222_073005_511.json
[GENERATOR] Starting call test_eval_1084...
[GENERATOR] Call test_eval_1054 completed in 26.57s
[LOG] generator call logged to generator_test_eval_1054_20260222_073008_064.json
[GENERATOR] Starting call test_eval_1085...
[GENERATOR] Call test_eval_1055 completed in 26.62s
[LOG] generator call logged to generator_test_eval_1055_20260222_073008_168.json
[GENERATOR] Starting call test_eval_1086...
[GENERATOR] Call test_eval_1079 completed in 10.03s
[LOG] generator call logged to generator_test_eval_1079_20260222_073008_379.json
[GENERATOR] Starting call test_eval_1087...
[GENERATOR] Call test_eval_1078 completed in 10.58s
[LOG] generator call logged to generator_test_eval_1078_20260222_073008_827.json
[GENERATOR] Starting call test_eval_1088...
[GENERATOR] Call test_eval_1060 completed in 25.66s
[LOG] generator call logged to generator_test_eval_1060_20260222_073010_995.json
[GENERATOR] Starting call test_eval_1089...
[GENERATOR] Call test_eval_1066 completed in 22.84s
[LOG] generator call logged to generator_test_eval_1066_20260222_073011_538.json
[GENERATOR] Starting call test_eval_1090...
[GENERATOR] Call test_eval_1081 completed in 10.95s
[LOG] generator call logged to generator_test_eval_1081_20260222_073012_083.json
[GENERATOR] Starting call test_eval_1091...
[GENERATOR] Call test_eval_1080 completed in 12.60s
[LOG] generator call logged to generator_test_eval_1080_20260222_073012_474.json
[GENERATOR] Starting call test_eval_1092...
[GENERATOR] Call test_eval_1067 completed in 25.22s
[LOG] generator call logged to generator_test_eval_1067_20260222_073014_202.json
[GENERATOR] Starting call test_eval_1093...
[GENERATOR] Call test_eval_1068 completed in 24.83s
[LOG] generator call logged to generator_test_eval_1068_20260222_073014_426.json
[GENERATOR] Starting call test_eval_1094...
[GENERATOR] Call test_eval_1084 completed in 9.73s
[LOG] generator call logged to generator_test_eval_1084_20260222_073015_242.json
[GENERATOR] Starting call test_eval_1095...
[GENERATOR] Call test_eval_1082 completed in 12.89s
[LOG] generator call logged to generator_test_eval_1082_20260222_073015_634.json
[GENERATOR] Starting call test_eval_1096...
[GENERATOR] Call test_eval_1071 completed in 25.04s
[LOG] generator call logged to generator_test_eval_1071_20260222_073017_030.json
[GENERATOR] Starting call test_eval_1097...
[GENERATOR] Call test_eval_1072 completed in 25.04s
[LOG] generator call logged to generator_test_eval_1072_20260222_073017_246.json
[GENERATOR] Starting call test_eval_1098...
[GENERATOR] Call test_eval_1087 completed in 9.85s
[LOG] generator call logged to generator_test_eval_1087_20260222_073018_233.json
[GENERATOR] Starting call test_eval_1099...
[GENERATOR] Call test_eval_1092 completed in 6.96s
[LOG] generator call logged to generator_test_eval_1092_20260222_073019_437.json
[GENERATOR] Starting call test_eval_1100...
[GENERATOR] Call test_eval_1073 completed in 26.73s
[LOG] generator call logged to generator_test_eval_1073_20260222_073020_160.json
[GENERATOR] Starting call test_eval_1101...
[GENERATOR] Call test_eval_1074 completed in 27.37s
[LOG] generator call logged to generator_test_eval_1074_20260222_073021_163.json
[GENERATOR] Starting call test_eval_1102...
[GENERATOR] Call test_eval_1094 completed in 6.95s
[LOG] generator call logged to generator_test_eval_1094_20260222_073021_379.json
[GENERATOR] Starting call test_eval_1103...
[GENERATOR] Call test_eval_1098 completed in 5.06s
[LOG] generator call logged to generator_test_eval_1098_20260222_073022_305.json
[GENERATOR] Starting call test_eval_1104...
[GENERATOR] Call test_eval_1099 completed in 6.01s
[LOG] generator call logged to generator_test_eval_1099_20260222_073024_250.json
[GENERATOR] Starting call test_eval_1105...
[GENERATOR] Call test_eval_1103 completed in 2.98s
[LOG] generator call logged to generator_test_eval_1103_20260222_073024_364.json
[GENERATOR] Starting call test_eval_1106...
[GENERATOR] Call test_eval_1104 completed in 3.83s
[LOG] generator call logged to generator_test_eval_1104_20260222_073026_132.json
[GENERATOR] Starting call test_eval_1107...
[GENERATOR] Call test_eval_1100 completed in 8.05s
[LOG] generator call logged to generator_test_eval_1100_20260222_073027_492.json
[GENERATOR] Starting call test_eval_1108...
[GENERATOR] Call test_eval_1102 completed in 7.39s
[LOG] generator call logged to generator_test_eval_1102_20260222_073028_551.json
[GENERATOR] Starting call test_eval_1109...
[GENERATOR] Call test_eval_1076 completed in 33.06s
[LOG] generator call logged to generator_test_eval_1076_20260222_073028_619.json
[GENERATOR] Starting call test_eval_1110...
[GENERATOR] Call test_eval_1101 completed in 8.57s
[LOG] generator call logged to generator_test_eval_1101_20260222_073028_732.json
[GENERATOR] Starting call test_eval_1111...
[GENERATOR] Call test_eval_1106 completed in 8.08s
[GENERATOR] Call test_eval_1077 completed in 35.66s
[LOG] generator call logged to generator_test_eval_1106_20260222_073032_443.json
[GENERATOR] Starting call test_eval_1112...
[LOG] generator call logged to generator_test_eval_1077_20260222_073032_445.json
[GENERATOR] Starting call test_eval_1113...
[GENERATOR] Call test_eval_1075 completed in 37.08s
[LOG] generator call logged to generator_test_eval_1075_20260222_073032_554.json
[GENERATOR] Starting call test_eval_1114...
[GENERATOR] Call test_eval_1085 completed in 27.14s
[LOG] generator call logged to generator_test_eval_1085_20260222_073035_207.json
[GENERATOR] Starting call test_eval_1115...
[GENERATOR] Call test_eval_1083 completed in 31.34s
[LOG] generator call logged to generator_test_eval_1083_20260222_073035_237.json
[GENERATOR] Starting call test_eval_1116...
[GENERATOR] Call test_eval_1110 completed in 7.34s
[LOG] generator call logged to generator_test_eval_1110_20260222_073035_964.json
[GENERATOR] Starting call test_eval_1117...
[GENERATOR] Call test_eval_1116 completed in 1.45s
[LOG] generator call logged to generator_test_eval_1116_20260222_073036_686.json
[GENERATOR] Starting call test_eval_1118...
[GENERATOR] Call test_eval_1086 completed in 29.90s
[LOG] generator call logged to generator_test_eval_1086_20260222_073038_072.json
[GENERATOR] Starting call test_eval_1119...
Progress: 1100/1805, Accuracy: 0.327
[GENERATOR] Call test_eval_1105 completed in 13.93s
[LOG] generator call logged to generator_test_eval_1105_20260222_073038_179.json
[GENERATOR] Starting call test_eval_1120...
[GENERATOR] Call test_eval_1088 completed in 30.34s
[LOG] generator call logged to generator_test_eval_1088_20260222_073039_170.json
[GENERATOR] Starting call test_eval_1121...
[GENERATOR] Call test_eval_1118 completed in 2.82s
[LOG] generator call logged to generator_test_eval_1118_20260222_073039_508.json
[GENERATOR] Starting call test_eval_1122...
[GENERATOR] Call test_eval_1114 completed in 8.70s
[LOG] generator call logged to generator_test_eval_1114_20260222_073041_251.json
[GENERATOR] Starting call test_eval_1123...
[GENERATOR] Call test_eval_1112 completed in 8.91s
[LOG] generator call logged to generator_test_eval_1112_20260222_073041_358.json
[GENERATOR] Starting call test_eval_1124...
[GENERATOR] Call test_eval_1090 completed in 30.33s
[LOG] generator call logged to generator_test_eval_1090_20260222_073041_871.json
[GENERATOR] Starting call test_eval_1125...
[GENERATOR] Call test_eval_1125 completed in 1.73s
[LOG] generator call logged to generator_test_eval_1125_20260222_073043_604.json
[GENERATOR] Starting call test_eval_1126...
[GENERATOR] Call test_eval_1123 completed in 3.11s
[LOG] generator call logged to generator_test_eval_1123_20260222_073044_362.json
[GENERATOR] Starting call test_eval_1127...
[GENERATOR] Call test_eval_1089 completed in 34.25s
[LOG] generator call logged to generator_test_eval_1089_20260222_073045_243.json
[GENERATOR] Starting call test_eval_1128...
[GENERATOR] Call test_eval_1120 completed in 7.27s
[LOG] generator call logged to generator_test_eval_1120_20260222_073045_456.json
[GENERATOR] Starting call test_eval_1129...
[GENERATOR] Call test_eval_1124 completed in 5.72s
[LOG] generator call logged to generator_test_eval_1124_20260222_073047_083.json
[GENERATOR] Starting call test_eval_1130...
[GENERATOR] Call test_eval_1091 completed in 36.33s
[GENERATOR] Call test_eval_1126 completed in 4.81s
[LOG] generator call logged to generator_test_eval_1091_20260222_073048_420.json
[GENERATOR] Starting call test_eval_1131...
[LOG] generator call logged to generator_test_eval_1126_20260222_073048_421.json
[GENERATOR] Starting call test_eval_1132...
[GENERATOR] Call test_eval_1127 completed in 5.90s
[LOG] generator call logged to generator_test_eval_1127_20260222_073050_259.json
[GENERATOR] Starting call test_eval_1133...
[GENERATOR] Call test_eval_1093 completed in 37.26s
[LOG] generator call logged to generator_test_eval_1093_20260222_073051_461.json
[GENERATOR] Starting call test_eval_1134...
[GENERATOR] Call test_eval_1128 completed in 7.85s
[LOG] generator call logged to generator_test_eval_1128_20260222_073053_095.json
[GENERATOR] Starting call test_eval_1135...
[GENERATOR] Call test_eval_1095 completed in 38.96s
[LOG] generator call logged to generator_test_eval_1095_20260222_073054_202.json
[GENERATOR] Starting call test_eval_1136...
[GENERATOR] Call test_eval_1131 completed in 5.98s
[LOG] generator call logged to generator_test_eval_1131_20260222_073054_406.json
[GENERATOR] Starting call test_eval_1137...
[GENERATOR] Call test_eval_1096 completed in 39.64s
[LOG] generator call logged to generator_test_eval_1096_20260222_073055_276.json
[GENERATOR] Starting call test_eval_1138...
[GENERATOR] Call test_eval_1133 completed in 6.25s
[LOG] generator call logged to generator_test_eval_1133_20260222_073056_507.json
[GENERATOR] Starting call test_eval_1139...
[GENERATOR] Call test_eval_1107 completed in 32.79s
[LOG] generator call logged to generator_test_eval_1107_20260222_073058_929.json
[GENERATOR] Starting call test_eval_1140...
[GENERATOR] Call test_eval_1097 completed in 42.19s
[LOG] generator call logged to generator_test_eval_1097_20260222_073059_218.json
[GENERATOR] Starting call test_eval_1141...
[GENERATOR] Call test_eval_1134 completed in 8.02s
[LOG] generator call logged to generator_test_eval_1134_20260222_073059_478.json
[GENERATOR] Starting call test_eval_1142...
[GENERATOR] Call test_eval_1137 completed in 5.58s
[LOG] generator call logged to generator_test_eval_1137_20260222_073059_988.json
[GENERATOR] Starting call test_eval_1143...
[GENERATOR] Call test_eval_1109 completed in 33.37s
[LOG] generator call logged to generator_test_eval_1109_20260222_073101_922.json
[GENERATOR] Starting call test_eval_1144...
[GENERATOR] Call test_eval_1138 completed in 6.93s
[LOG] generator call logged to generator_test_eval_1138_20260222_073102_212.json
[GENERATOR] Starting call test_eval_1145...
[GENERATOR] Call test_eval_1139 completed in 6.45s
[LOG] generator call logged to generator_test_eval_1139_20260222_073102_958.json
[GENERATOR] Starting call test_eval_1146...
[GENERATOR] Call test_eval_1140 completed in 6.48s
[LOG] generator call logged to generator_test_eval_1140_20260222_073105_413.json
[GENERATOR] Starting call test_eval_1147...
[GENERATOR] Call test_eval_1142 completed in 6.35s
[LOG] generator call logged to generator_test_eval_1142_20260222_073105_827.json
[GENERATOR] Starting call test_eval_1148...
[GENERATOR] Call test_eval_1108 completed in 39.45s
[LOG] generator call logged to generator_test_eval_1108_20260222_073106_939.json
[GENERATOR] Starting call test_eval_1149...
[GENERATOR] Call test_eval_1144 completed in 6.20s
[LOG] generator call logged to generator_test_eval_1144_20260222_073108_124.json
[GENERATOR] Starting call test_eval_1150...
[GENERATOR] Call test_eval_1145 completed in 6.33s
[LOG] generator call logged to generator_test_eval_1145_20260222_073108_544.json
[GENERATOR] Starting call test_eval_1151...
[GENERATOR] Call test_eval_1111 completed in 40.92s
[LOG] generator call logged to generator_test_eval_1111_20260222_073109_656.json
[GENERATOR] Starting call test_eval_1152...
[GENERATOR] Call test_eval_1146 completed in 7.99s
[LOG] generator call logged to generator_test_eval_1146_20260222_073110_947.json
[GENERATOR] Starting call test_eval_1153...
[GENERATOR] Call test_eval_1147 completed in 5.66s
[LOG] generator call logged to generator_test_eval_1147_20260222_073111_079.json
[GENERATOR] Starting call test_eval_1154...
[GENERATOR] Call test_eval_1153 completed in 1.51s
[LOG] generator call logged to generator_test_eval_1153_20260222_073112_457.json
[GENERATOR] Starting call test_eval_1155...
[GENERATOR] Call test_eval_1113 completed in 40.10s
[LOG] generator call logged to generator_test_eval_1113_20260222_073112_552.json
[GENERATOR] Starting call test_eval_1156...
[GENERATOR] Call test_eval_1150 completed in 6.91s
[LOG] generator call logged to generator_test_eval_1150_20260222_073115_041.json
[GENERATOR] Starting call test_eval_1157...
[GENERATOR] Call test_eval_1115 completed in 40.04s
[LOG] generator call logged to generator_test_eval_1115_20260222_073115_249.json
[GENERATOR] Starting call test_eval_1158...
[GENERATOR] Call test_eval_1117 completed in 40.60s
[LOG] generator call logged to generator_test_eval_1117_20260222_073116_568.json
[GENERATOR] Starting call test_eval_1159...
[GENERATOR] Call test_eval_1158 completed in 2.49s
[LOG] generator call logged to generator_test_eval_1158_20260222_073117_743.json
[GENERATOR] Starting call test_eval_1160...
[GENERATOR] Call test_eval_1151 completed in 10.29s
[LOG] generator call logged to generator_test_eval_1151_20260222_073118_831.json
[GENERATOR] Starting call test_eval_1161...
[GENERATOR] Call test_eval_1119 completed in 41.29s
[LOG] generator call logged to generator_test_eval_1119_20260222_073119_368.json
[GENERATOR] Starting call test_eval_1162...
[GENERATOR] Call test_eval_1121 completed in 40.41s
[LOG] generator call logged to generator_test_eval_1121_20260222_073119_585.json
[GENERATOR] Starting call test_eval_1163...
[GENERATOR] Call test_eval_1160 completed in 2.31s
[LOG] generator call logged to generator_test_eval_1160_20260222_073120_060.json
[GENERATOR] Starting call test_eval_1164...
[GENERATOR] Call test_eval_1161 completed in 2.11s
[LOG] generator call logged to generator_test_eval_1161_20260222_073120_946.json
[GENERATOR] Starting call test_eval_1165...
[GENERATOR] Call test_eval_1152 completed in 12.30s
[LOG] generator call logged to generator_test_eval_1152_20260222_073121_957.json
[GENERATOR] Starting call test_eval_1166...
[GENERATOR] Call test_eval_1122 completed in 44.36s
[LOG] generator call logged to generator_test_eval_1122_20260222_073123_869.json
[GENERATOR] Starting call test_eval_1167...
[GENERATOR] Call test_eval_1149 completed in 17.83s
[LOG] generator call logged to generator_test_eval_1149_20260222_073124_772.json
[GENERATOR] Starting call test_eval_1168...
[GENERATOR] Call test_eval_1129 completed in 40.69s
[LOG] generator call logged to generator_test_eval_1129_20260222_073126_148.json
[GENERATOR] Starting call test_eval_1169...
Progress: 1150/1805, Accuracy: 0.331
[GENERATOR] Call test_eval_1157 completed in 12.41s
[LOG] generator call logged to generator_test_eval_1157_20260222_073127_456.json
[GENERATOR] Starting call test_eval_1170...
[GENERATOR] Call test_eval_1130 completed in 41.02s
[LOG] generator call logged to generator_test_eval_1130_20260222_073128_103.json
[GENERATOR] Starting call test_eval_1171...
[GENERATOR] Call test_eval_1132 completed in 40.37s
[LOG] generator call logged to generator_test_eval_1132_20260222_073128_795.json
[GENERATOR] Starting call test_eval_1172...
[GENERATOR] Call test_eval_1159 completed in 12.70s
[LOG] generator call logged to generator_test_eval_1159_20260222_073129_276.json
[GENERATOR] Starting call test_eval_1173...
[GENERATOR] Call test_eval_1135 completed in 37.72s
[LOG] generator call logged to generator_test_eval_1135_20260222_073130_812.json
[GENERATOR] Starting call test_eval_1174...
[GENERATOR] Call test_eval_1162 completed in 12.57s
[LOG] generator call logged to generator_test_eval_1162_20260222_073131_942.json
[GENERATOR] Starting call test_eval_1175...
[GENERATOR] Call test_eval_1136 completed in 37.79s
[LOG] generator call logged to generator_test_eval_1136_20260222_073131_989.json
[GENERATOR] Starting call test_eval_1176...
[GENERATOR] Call test_eval_1141 completed in 34.87s
[LOG] generator call logged to generator_test_eval_1141_20260222_073134_089.json
[GENERATOR] Starting call test_eval_1177...
[GENERATOR] Call test_eval_1163 completed in 14.70s
[LOG] generator call logged to generator_test_eval_1163_20260222_073134_286.json
[GENERATOR] Starting call test_eval_1178...
[GENERATOR] Call test_eval_1165 completed in 13.96s
[LOG] generator call logged to generator_test_eval_1165_20260222_073134_908.json
[GENERATOR] Starting call test_eval_1179...
[GENERATOR] Call test_eval_1143 completed in 35.20s
[LOG] generator call logged to generator_test_eval_1143_20260222_073135_187.json
[GENERATOR] Starting call test_eval_1180...
[GENERATOR] Call test_eval_1148 completed in 31.64s
[LOG] generator call logged to generator_test_eval_1148_20260222_073137_466.json
[GENERATOR] Starting call test_eval_1181...
[GENERATOR] Call test_eval_1166 completed in 15.81s
[LOG] generator call logged to generator_test_eval_1166_20260222_073137_769.json
[GENERATOR] Starting call test_eval_1182...
[GENERATOR] Call test_eval_1154 completed in 27.72s
[LOG] generator call logged to generator_test_eval_1154_20260222_073138_799.json
[GENERATOR] Starting call test_eval_1183...
[GENERATOR] Call test_eval_1155 completed in 27.77s
[LOG] generator call logged to generator_test_eval_1155_20260222_073140_233.json
[GENERATOR] Starting call test_eval_1184...
[GENERATOR] Call test_eval_1170 completed in 12.96s
[LOG] generator call logged to generator_test_eval_1170_20260222_073140_418.json
[GENERATOR] Starting call test_eval_1185...
[GENERATOR] Call test_eval_1169 completed in 14.80s
[LOG] generator call logged to generator_test_eval_1169_20260222_073140_950.json
[GENERATOR] Starting call test_eval_1186...
[GENERATOR] Call test_eval_1156 completed in 29.08s
[LOG] generator call logged to generator_test_eval_1156_20260222_073141_637.json
[GENERATOR] Starting call test_eval_1187...
[GENERATOR] Call test_eval_1185 completed in 1.76s
[LOG] generator call logged to generator_test_eval_1185_20260222_073142_178.json
[GENERATOR] Starting call test_eval_1188...
[GENERATOR] Call test_eval_1184 completed in 2.01s
[LOG] generator call logged to generator_test_eval_1184_20260222_073142_244.json
[GENERATOR] Starting call test_eval_1189...
[GENERATOR] Call test_eval_1187 completed in 1.97s
[GENERATOR] Call test_eval_1171 completed in 15.50s
[LOG] generator call logged to generator_test_eval_1187_20260222_073143_609.json
[GENERATOR] Starting call test_eval_1190...
[LOG] generator call logged to generator_test_eval_1171_20260222_073143_609.json
[GENERATOR] Starting call test_eval_1191...
[GENERATOR] Call test_eval_1176 completed in 12.13s
[LOG] generator call logged to generator_test_eval_1176_20260222_073144_124.json
[GENERATOR] Starting call test_eval_1192...
[GENERATOR] Call test_eval_1167 completed in 20.66s
[LOG] generator call logged to generator_test_eval_1167_20260222_073144_531.json
[GENERATOR] Starting call test_eval_1193...
[GENERATOR] Call test_eval_1164 completed in 26.83s
[LOG] generator call logged to generator_test_eval_1164_20260222_073146_889.json
[GENERATOR] Starting call test_eval_1194...
[GENERATOR] Call test_eval_1180 completed in 12.11s
[LOG] generator call logged to generator_test_eval_1180_20260222_073147_299.json
[GENERATOR] Starting call test_eval_1195...
[GENERATOR] Call test_eval_1168 completed in 22.83s
[LOG] generator call logged to generator_test_eval_1168_20260222_073147_602.json
[GENERATOR] Starting call test_eval_1196...
[GENERATOR] Call test_eval_1172 completed in 21.27s
[LOG] generator call logged to generator_test_eval_1172_20260222_073150_063.json
[GENERATOR] Starting call test_eval_1197...
[GENERATOR] Call test_eval_1173 completed in 20.93s
[LOG] generator call logged to generator_test_eval_1173_20260222_073150_205.json
[GENERATOR] Starting call test_eval_1198...
[GENERATOR] Call test_eval_1177 completed in 17.58s
[LOG] generator call logged to generator_test_eval_1177_20260222_073151_676.json
[GENERATOR] Starting call test_eval_1199...
[GENERATOR] Call test_eval_1196 completed in 4.12s
[LOG] generator call logged to generator_test_eval_1196_20260222_073151_727.json
[GENERATOR] Starting call test_eval_1200...
[GENERATOR] Call test_eval_1197 completed in 2.25s
[LOG] generator call logged to generator_test_eval_1197_20260222_073152_316.json
[GENERATOR] Starting call test_eval_1201...
[GENERATOR] Call test_eval_1174 completed in 22.32s
[LOG] generator call logged to generator_test_eval_1174_20260222_073153_136.json
[GENERATOR] Starting call test_eval_1202...
[GENERATOR] Call test_eval_1175 completed in 21.40s
[LOG] generator call logged to generator_test_eval_1175_20260222_073153_348.json
[GENERATOR] Starting call test_eval_1203...
[GENERATOR] Call test_eval_1182 completed in 18.50s
[LOG] generator call logged to generator_test_eval_1182_20260222_073156_270.json
[GENERATOR] Starting call test_eval_1204...
[GENERATOR] Call test_eval_1178 completed in 22.19s
[GENERATOR] Call test_eval_1179 completed in 21.57s
[LOG] generator call logged to generator_test_eval_1178_20260222_073156_477.json
[GENERATOR] Starting call test_eval_1205...
[LOG] generator call logged to generator_test_eval_1179_20260222_073156_478.json
[GENERATOR] Starting call test_eval_1206...
[GENERATOR] Call test_eval_1181 completed in 20.48s
[LOG] generator call logged to generator_test_eval_1181_20260222_073157_949.json
[GENERATOR] Starting call test_eval_1207...
[GENERATOR] Call test_eval_1189 completed in 17.34s
[LOG] generator call logged to generator_test_eval_1189_20260222_073159_586.json
[GENERATOR] Starting call test_eval_1208...
[GENERATOR] Call test_eval_1186 completed in 19.09s
[LOG] generator call logged to generator_test_eval_1186_20260222_073200_040.json
[GENERATOR] Starting call test_eval_1209...
[GENERATOR] Call test_eval_1183 completed in 22.11s
[LOG] generator call logged to generator_test_eval_1183_20260222_073200_915.json
[GENERATOR] Starting call test_eval_1210...
[GENERATOR] Call test_eval_1192 completed in 16.89s
[LOG] generator call logged to generator_test_eval_1192_20260222_073201_014.json
[GENERATOR] Starting call test_eval_1211...
[GENERATOR] Call test_eval_1188 completed in 21.16s
[LOG] generator call logged to generator_test_eval_1188_20260222_073203_340.json
[GENERATOR] Starting call test_eval_1212...
[GENERATOR] Call test_eval_1193 completed in 19.15s
[LOG] generator call logged to generator_test_eval_1193_20260222_073203_683.json
[GENERATOR] Starting call test_eval_1213...
[GENERATOR] Call test_eval_1191 completed in 20.18s
[LOG] generator call logged to generator_test_eval_1191_20260222_073203_795.json
[GENERATOR] Starting call test_eval_1214...
[GENERATOR] Call test_eval_1190 completed in 22.74s
[GENERATOR] Call test_eval_1199 completed in 14.68s
[LOG] generator call logged to generator_test_eval_1199_20260222_073206_356.json
[GENERATOR] Starting call test_eval_1215...
[LOG] generator call logged to generator_test_eval_1190_20260222_073206_355.json
[GENERATOR] Starting call test_eval_1216...
[GENERATOR] Call test_eval_1194 completed in 20.17s
[LOG] generator call logged to generator_test_eval_1194_20260222_073207_062.json
[GENERATOR] Starting call test_eval_1217...
[GENERATOR] Call test_eval_1204 completed in 10.97s
[LOG] generator call logged to generator_test_eval_1204_20260222_073207_243.json
[GENERATOR] Starting call test_eval_1218...
[GENERATOR] Call test_eval_1205 completed in 12.73s
[LOG] generator call logged to generator_test_eval_1205_20260222_073209_212.json
[GENERATOR] Starting call test_eval_1219...
Progress: 1200/1805, Accuracy: 0.328
[GENERATOR] Call test_eval_1195 completed in 22.74s
[LOG] generator call logged to generator_test_eval_1195_20260222_073210_036.json
[GENERATOR] Starting call test_eval_1220...
[GENERATOR] Call test_eval_1206 completed in 13.72s
[LOG] generator call logged to generator_test_eval_1206_20260222_073210_199.json
[GENERATOR] Starting call test_eval_1221...
[GENERATOR] Call test_eval_1198 completed in 20.40s
[LOG] generator call logged to generator_test_eval_1198_20260222_073210_610.json
[GENERATOR] Starting call test_eval_1222...
[GENERATOR] Call test_eval_1201 completed in 21.42s
[LOG] generator call logged to generator_test_eval_1201_20260222_073213_735.json
[GENERATOR] Starting call test_eval_1223...
[GENERATOR] Call test_eval_1200 completed in 22.81s
[GENERATOR] Call test_eval_1212 completed in 11.20s
[LOG] generator call logged to generator_test_eval_1200_20260222_073214_539.json
[GENERATOR] Starting call test_eval_1224...
[LOG] generator call logged to generator_test_eval_1212_20260222_073214_540.json
[GENERATOR] Starting call test_eval_1225...
[GENERATOR] Call test_eval_1210 completed in 15.18s
[LOG] generator call logged to generator_test_eval_1210_20260222_073216_092.json
[GENERATOR] Starting call test_eval_1226...
[GENERATOR] Call test_eval_1202 completed in 23.79s
[LOG] generator call logged to generator_test_eval_1202_20260222_073216_925.json
[GENERATOR] Starting call test_eval_1227...
[GENERATOR] Call test_eval_1203 completed in 23.94s
[LOG] generator call logged to generator_test_eval_1203_20260222_073217_288.json
[GENERATOR] Starting call test_eval_1228...
[GENERATOR] Call test_eval_1215 completed in 11.51s
[LOG] generator call logged to generator_test_eval_1215_20260222_073217_872.json
[GENERATOR] Starting call test_eval_1229...
[GENERATOR] Call test_eval_1208 completed in 20.40s
[LOG] generator call logged to generator_test_eval_1208_20260222_073219_987.json
[GENERATOR] Starting call test_eval_1230...
[GENERATOR] Call test_eval_1218 completed in 12.84s
[LOG] generator call logged to generator_test_eval_1218_20260222_073220_082.json
[GENERATOR] Starting call test_eval_1231...
[GENERATOR] Call test_eval_1207 completed in 22.53s
[LOG] generator call logged to generator_test_eval_1207_20260222_073220_476.json
[GENERATOR] Starting call test_eval_1232...
[GENERATOR] Call test_eval_1211 completed in 22.41s
[LOG] generator call logged to generator_test_eval_1211_20260222_073223_428.json
[GENERATOR] Starting call test_eval_1233...
[GENERATOR] Call test_eval_1209 completed in 24.97s
[LOG] generator call logged to generator_test_eval_1209_20260222_073225_012.json
[GENERATOR] Starting call test_eval_1234...
[GENERATOR] Call test_eval_1220 completed in 15.14s
[LOG] generator call logged to generator_test_eval_1220_20260222_073225_178.json
[GENERATOR] Starting call test_eval_1235...
[GENERATOR] Call test_eval_1219 completed in 16.73s
[LOG] generator call logged to generator_test_eval_1219_20260222_073225_941.json
[GENERATOR] Starting call test_eval_1236...
[GENERATOR] Call test_eval_1213 completed in 22.84s
[LOG] generator call logged to generator_test_eval_1213_20260222_073226_526.json
[GENERATOR] Starting call test_eval_1237...
[GENERATOR] Call test_eval_1214 completed in 24.23s
[LOG] generator call logged to generator_test_eval_1214_20260222_073228_024.json
[GENERATOR] Starting call test_eval_1238...
[GENERATOR] Call test_eval_1223 completed in 15.60s
[LOG] generator call logged to generator_test_eval_1223_20260222_073229_339.json
[GENERATOR] Starting call test_eval_1239...
[GENERATOR] Call test_eval_1216 completed in 23.20s
[LOG] generator call logged to generator_test_eval_1216_20260222_073229_559.json
[GENERATOR] Starting call test_eval_1240...
[GENERATOR] Call test_eval_1217 completed in 24.15s
[LOG] generator call logged to generator_test_eval_1217_20260222_073231_218.json
[GENERATOR] Starting call test_eval_1241...
[GENERATOR] Call test_eval_1231 completed in 11.86s
[LOG] generator call logged to generator_test_eval_1231_20260222_073231_941.json
[GENERATOR] Starting call test_eval_1242...
[GENERATOR] Call test_eval_1224 completed in 19.42s
[LOG] generator call logged to generator_test_eval_1224_20260222_073233_960.json
[GENERATOR] Starting call test_eval_1243...
[GENERATOR] Call test_eval_1221 completed in 23.76s
[LOG] generator call logged to generator_test_eval_1221_20260222_073233_966.json
[GENERATOR] Starting call test_eval_1244...
[GENERATOR] Call test_eval_1222 completed in 23.98s
[LOG] generator call logged to generator_test_eval_1222_20260222_073234_592.json
[GENERATOR] Starting call test_eval_1245...
[GENERATOR] Call test_eval_1232 completed in 14.46s
[LOG] generator call logged to generator_test_eval_1232_20260222_073234_937.json
[GENERATOR] Starting call test_eval_1246...
[GENERATOR] Call test_eval_1225 completed in 22.61s
[LOG] generator call logged to generator_test_eval_1225_20260222_073237_150.json
[GENERATOR] Starting call test_eval_1247...
[GENERATOR] Call test_eval_1233 completed in 13.88s
[LOG] generator call logged to generator_test_eval_1233_20260222_073237_311.json
[GENERATOR] Starting call test_eval_1248...
[GENERATOR] Call test_eval_1226 completed in 21.58s
[LOG] generator call logged to generator_test_eval_1226_20260222_073237_672.json
[GENERATOR] Starting call test_eval_1249...
[GENERATOR] Call test_eval_1234 completed in 12.77s
[LOG] generator call logged to generator_test_eval_1234_20260222_073237_779.json
[GENERATOR] Starting call test_eval_1250...
[GENERATOR] Call test_eval_1227 completed in 24.48s
[LOG] generator call logged to generator_test_eval_1227_20260222_073241_410.json
[GENERATOR] Starting call test_eval_1251...
[GENERATOR] Call test_eval_1228 completed in 25.30s
[GENERATOR] Call test_eval_1237 completed in 16.07s
[LOG] generator call logged to generator_test_eval_1228_20260222_073242_595.json
[GENERATOR] Starting call test_eval_1252...
[LOG] generator call logged to generator_test_eval_1237_20260222_073242_596.json
[GENERATOR] Starting call test_eval_1253...
[GENERATOR] Call test_eval_1239 completed in 13.28s
[LOG] generator call logged to generator_test_eval_1239_20260222_073242_621.json
[GENERATOR] Starting call test_eval_1254...
[GENERATOR] Call test_eval_1229 completed in 27.28s
[LOG] generator call logged to generator_test_eval_1229_20260222_073245_154.json
[GENERATOR] Starting call test_eval_1255...
[GENERATOR] Call test_eval_1242 completed in 13.30s
[LOG] generator call logged to generator_test_eval_1242_20260222_073245_237.json
[GENERATOR] Starting call test_eval_1256...
[GENERATOR] Call test_eval_1230 completed in 25.68s
[LOG] generator call logged to generator_test_eval_1230_20260222_073245_667.json
[GENERATOR] Starting call test_eval_1257...
[GENERATOR] Call test_eval_1246 completed in 11.18s
[LOG] generator call logged to generator_test_eval_1246_20260222_073246_120.json
[GENERATOR] Starting call test_eval_1258...
[GENERATOR] Call test_eval_1235 completed in 23.15s
[LOG] generator call logged to generator_test_eval_1235_20260222_073248_326.json
[GENERATOR] Starting call test_eval_1259...
[GENERATOR] Call test_eval_1236 completed in 22.69s
[LOG] generator call logged to generator_test_eval_1236_20260222_073248_636.json
[GENERATOR] Starting call test_eval_1260...
[GENERATOR] Call test_eval_1250 completed in 10.92s
[LOG] generator call logged to generator_test_eval_1250_20260222_073248_704.json
[GENERATOR] Starting call test_eval_1261...
[GENERATOR] Call test_eval_1251 completed in 7.91s
[LOG] generator call logged to generator_test_eval_1251_20260222_073249_317.json
[GENERATOR] Starting call test_eval_1262...
[GENERATOR] Call test_eval_1260 completed in 2.25s
[LOG] generator call logged to generator_test_eval_1260_20260222_073250_891.json
[GENERATOR] Starting call test_eval_1263...
[GENERATOR] Call test_eval_1240 completed in 22.25s
[LOG] generator call logged to generator_test_eval_1240_20260222_073251_811.json
[GENERATOR] Starting call test_eval_1264...
[GENERATOR] Call test_eval_1254 completed in 9.59s
[LOG] generator call logged to generator_test_eval_1254_20260222_073252_217.json
[GENERATOR] Starting call test_eval_1265...
[GENERATOR] Call test_eval_1238 completed in 24.70s
[LOG] generator call logged to generator_test_eval_1238_20260222_073252_722.json
[GENERATOR] Starting call test_eval_1266...
[GENERATOR] Call test_eval_1257 completed in 8.19s
[LOG] generator call logged to generator_test_eval_1257_20260222_073253_859.json
[GENERATOR] Starting call test_eval_1267...
[GENERATOR] Call test_eval_1241 completed in 23.63s
[LOG] generator call logged to generator_test_eval_1241_20260222_073254_852.json
[GENERATOR] Starting call test_eval_1268...
[GENERATOR] Call test_eval_1258 completed in 12.24s
[GENERATOR] Call test_eval_1266 completed in 5.64s
[LOG] generator call logged to generator_test_eval_1258_20260222_073258_361.json
[GENERATOR] Starting call test_eval_1269...
Progress: 1250/1805, Accuracy: 0.326
[LOG] generator call logged to generator_test_eval_1266_20260222_073258_362.json
[GENERATOR] Starting call test_eval_1270...
[GENERATOR] Call test_eval_1259 completed in 10.17s
[LOG] generator call logged to generator_test_eval_1259_20260222_073258_493.json
[GENERATOR] Starting call test_eval_1271...
[GENERATOR] Call test_eval_1267 completed in 5.63s
[LOG] generator call logged to generator_test_eval_1267_20260222_073259_490.json
[GENERATOR] Starting call test_eval_1272...
[GENERATOR] Call test_eval_1244 completed in 25.60s
[LOG] generator call logged to generator_test_eval_1244_20260222_073259_564.json
[GENERATOR] Starting call test_eval_1273...
[GENERATOR] Call test_eval_1270 completed in 4.86s
[LOG] generator call logged to generator_test_eval_1270_20260222_073303_225.json
[GENERATOR] Starting call test_eval_1274...
[GENERATOR] Call test_eval_1245 completed in 29.93s
[LOG] generator call logged to generator_test_eval_1245_20260222_073304_521.json
[GENERATOR] Starting call test_eval_1275...
[GENERATOR] Call test_eval_1272 completed in 5.80s
[LOG] generator call logged to generator_test_eval_1272_20260222_073305_288.json
[GENERATOR] Starting call test_eval_1276...
[GENERATOR] Call test_eval_1274 completed in 2.90s
[LOG] generator call logged to generator_test_eval_1274_20260222_073306_129.json
[GENERATOR] Starting call test_eval_1277...
[GENERATOR] Call test_eval_1243 completed in 32.26s
[LOG] generator call logged to generator_test_eval_1243_20260222_073306_217.json
[GENERATOR] Starting call test_eval_1278...
[GENERATOR] Call test_eval_1247 completed in 31.79s
[LOG] generator call logged to generator_test_eval_1247_20260222_073308_937.json
[GENERATOR] Starting call test_eval_1279...
[GENERATOR] Call test_eval_1248 completed in 32.11s
[LOG] generator call logged to generator_test_eval_1248_20260222_073309_420.json
[GENERATOR] Starting call test_eval_1280...
[GENERATOR] Call test_eval_1276 completed in 8.02s
[LOG] generator call logged to generator_test_eval_1276_20260222_073313_309.json
[GENERATOR] Starting call test_eval_1281...
[GENERATOR] Call test_eval_1277 completed in 7.40s
[LOG] generator call logged to generator_test_eval_1277_20260222_073313_527.json
[GENERATOR] Starting call test_eval_1282...
[GENERATOR] Call test_eval_1249 completed in 37.18s
[LOG] generator call logged to generator_test_eval_1249_20260222_073314_857.json
[GENERATOR] Starting call test_eval_1283...
[GENERATOR] Call test_eval_1253 completed in 33.65s
[LOG] generator call logged to generator_test_eval_1253_20260222_073316_246.json
[GENERATOR] Starting call test_eval_1284...
[GENERATOR] Call test_eval_1252 completed in 35.22s
[LOG] generator call logged to generator_test_eval_1252_20260222_073317_820.json
[GENERATOR] Starting call test_eval_1285...
[GENERATOR] Call test_eval_1255 completed in 33.72s
[LOG] generator call logged to generator_test_eval_1255_20260222_073318_873.json
[GENERATOR] Starting call test_eval_1286...
[GENERATOR] Call test_eval_1256 completed in 35.13s
[LOG] generator call logged to generator_test_eval_1256_20260222_073320_368.json
[GENERATOR] Starting call test_eval_1287...
[GENERATOR] Call test_eval_1283 completed in 10.74s
[LOG] generator call logged to generator_test_eval_1283_20260222_073325_600.json
[GENERATOR] Starting call test_eval_1288...
[GENERATOR] Call test_eval_1262 completed in 36.67s
[LOG] generator call logged to generator_test_eval_1262_20260222_073325_986.json
[GENERATOR] Starting call test_eval_1289...
[GENERATOR] Call test_eval_1286 completed in 7.64s
[LOG] generator call logged to generator_test_eval_1286_20260222_073326_515.json
[GENERATOR] Starting call test_eval_1290...
[GENERATOR] Call test_eval_1261 completed in 38.43s
[LOG] generator call logged to generator_test_eval_1261_20260222_073327_140.json
[GENERATOR] Starting call test_eval_1291...
[GENERATOR] Call test_eval_1263 completed in 39.72s
[LOG] generator call logged to generator_test_eval_1263_20260222_073330_618.json
[GENERATOR] Starting call test_eval_1292...
[GENERATOR] Call test_eval_1264 completed in 39.11s
[LOG] generator call logged to generator_test_eval_1264_20260222_073330_928.json
[GENERATOR] Starting call test_eval_1293...
[GENERATOR] Call test_eval_1289 completed in 5.27s
[LOG] generator call logged to generator_test_eval_1289_20260222_073331_259.json
[GENERATOR] Starting call test_eval_1294...
[GENERATOR] Call test_eval_1290 completed in 7.79s
[LOG] generator call logged to generator_test_eval_1290_20260222_073334_309.json
[GENERATOR] Starting call test_eval_1295...
[GENERATOR] Call test_eval_1293 completed in 3.89s
[LOG] generator call logged to generator_test_eval_1293_20260222_073334_824.json
[GENERATOR] Starting call test_eval_1296...
[GENERATOR] Call test_eval_1268 completed in 39.98s
[LOG] generator call logged to generator_test_eval_1268_20260222_073334_831.json
[GENERATOR] Starting call test_eval_1297...
[GENERATOR] Call test_eval_1265 completed in 43.73s
[LOG] generator call logged to generator_test_eval_1265_20260222_073335_943.json
[GENERATOR] Starting call test_eval_1298...
[GENERATOR] Call test_eval_1295 completed in 1.91s
[LOG] generator call logged to generator_test_eval_1295_20260222_073336_225.json
[GENERATOR] Starting call test_eval_1299...
[GENERATOR] Call test_eval_1298 completed in 2.86s
[LOG] generator call logged to generator_test_eval_1298_20260222_073338_810.json
[GENERATOR] Starting call test_eval_1300...
[GENERATOR] Call test_eval_1271 completed in 40.59s
[LOG] generator call logged to generator_test_eval_1271_20260222_073339_079.json
[GENERATOR] Starting call test_eval_1301...
[GENERATOR] Call test_eval_1269 completed in 40.88s
[LOG] generator call logged to generator_test_eval_1269_20260222_073339_243.json
[GENERATOR] Starting call test_eval_1302...
[GENERATOR] Call test_eval_1296 completed in 5.42s
[LOG] generator call logged to generator_test_eval_1296_20260222_073340_247.json
[GENERATOR] Starting call test_eval_1303...
[GENERATOR] Call test_eval_1302 completed in 1.91s
[LOG] generator call logged to generator_test_eval_1302_20260222_073341_157.json
[GENERATOR] Starting call test_eval_1304...
[GENERATOR] Call test_eval_1273 completed in 44.23s
[LOG] generator call logged to generator_test_eval_1273_20260222_073343_800.json
[GENERATOR] Starting call test_eval_1305...
[GENERATOR] Call test_eval_1279 completed in 36.01s
[LOG] generator call logged to generator_test_eval_1279_20260222_073344_954.json
[GENERATOR] Starting call test_eval_1306...
[GENERATOR] Call test_eval_1306 completed in 1.35s
[LOG] generator call logged to generator_test_eval_1306_20260222_073346_301.json
[GENERATOR] Starting call test_eval_1307...
[GENERATOR] Call test_eval_1281 completed in 35.33s
[LOG] generator call logged to generator_test_eval_1281_20260222_073348_646.json
[GENERATOR] Starting call test_eval_1308...
[GENERATOR] Call test_eval_1304 completed in 8.00s
[LOG] generator call logged to generator_test_eval_1304_20260222_073349_156.json
[GENERATOR] Starting call test_eval_1309...
[GENERATOR] Call test_eval_1307 completed in 3.39s
[LOG] generator call logged to generator_test_eval_1307_20260222_073349_695.json
[GENERATOR] Starting call test_eval_1310...
[GENERATOR] Call test_eval_1280 completed in 41.23s
[LOG] generator call logged to generator_test_eval_1280_20260222_073350_650.json
[GENERATOR] Starting call test_eval_1311...
[GENERATOR] Call test_eval_1308 completed in 2.12s
[LOG] generator call logged to generator_test_eval_1308_20260222_073350_768.json
[GENERATOR] Starting call test_eval_1312...
[GENERATOR] Call test_eval_1309 completed in 1.95s
[LOG] generator call logged to generator_test_eval_1309_20260222_073351_104.json
[GENERATOR] Starting call test_eval_1313...
[GENERATOR] Call test_eval_1282 completed in 38.60s
[LOG] generator call logged to generator_test_eval_1282_20260222_073352_125.json
[GENERATOR] Starting call test_eval_1314...
[GENERATOR] Call test_eval_1310 completed in 2.47s
[LOG] generator call logged to generator_test_eval_1310_20260222_073352_164.json
[GENERATOR] Starting call test_eval_1315...
[GENERATOR] Call test_eval_1285 completed in 37.37s
[LOG] generator call logged to generator_test_eval_1285_20260222_073355_197.json
[GENERATOR] Starting call test_eval_1316...
[GENERATOR] Call test_eval_1284 completed in 39.17s
[LOG] generator call logged to generator_test_eval_1284_20260222_073355_421.json
[GENERATOR] Starting call test_eval_1317...
[GENERATOR] Call test_eval_1287 completed in 37.61s
[LOG] generator call logged to generator_test_eval_1287_20260222_073357_980.json
[GENERATOR] Starting call test_eval_1318...
[GENERATOR] Call test_eval_1288 completed in 32.77s
[LOG] generator call logged to generator_test_eval_1288_20260222_073358_371.json
[GENERATOR] Starting call test_eval_1319...
Progress: 1300/1805, Accuracy: 0.322
[GENERATOR] Call test_eval_1316 completed in 4.71s
[LOG] generator call logged to generator_test_eval_1316_20260222_073359_906.json
[GENERATOR] Starting call test_eval_1320...
[GENERATOR] Call test_eval_1291 completed in 33.92s
[LOG] generator call logged to generator_test_eval_1291_20260222_073401_059.json
[GENERATOR] Starting call test_eval_1321...
[GENERATOR] Call test_eval_1292 completed in 32.67s
[LOG] generator call logged to generator_test_eval_1292_20260222_073403_287.json
[GENERATOR] Starting call test_eval_1322...
[GENERATOR] Call test_eval_1297 completed in 29.60s
[LOG] generator call logged to generator_test_eval_1297_20260222_073404_433.json
[GENERATOR] Starting call test_eval_1323...
[GENERATOR] Call test_eval_1299 completed in 31.87s
[LOG] generator call logged to generator_test_eval_1299_20260222_073408_098.json
[GENERATOR] Starting call test_eval_1324...
[GENERATOR] Call test_eval_1320 completed in 8.60s
[LOG] generator call logged to generator_test_eval_1320_20260222_073408_509.json
[GENERATOR] Starting call test_eval_1325...
[GENERATOR] Call test_eval_1321 completed in 8.37s
[LOG] generator call logged to generator_test_eval_1321_20260222_073409_431.json
[GENERATOR] Starting call test_eval_1326...
[GENERATOR] Call test_eval_1301 completed in 31.24s
[LOG] generator call logged to generator_test_eval_1301_20260222_073410_327.json
[GENERATOR] Starting call test_eval_1327...
[GENERATOR] Call test_eval_1325 completed in 2.55s
[LOG] generator call logged to generator_test_eval_1325_20260222_073411_065.json
[GENERATOR] Starting call test_eval_1328...
[GENERATOR] Call test_eval_1323 completed in 6.74s
[LOG] generator call logged to generator_test_eval_1323_20260222_073411_171.json
[GENERATOR] Starting call test_eval_1329...
[GENERATOR] Call test_eval_1324 completed in 3.09s
[LOG] generator call logged to generator_test_eval_1324_20260222_073411_185.json
[GENERATOR] Starting call test_eval_1330...
[GENERATOR] Call test_eval_1275 completed in 66.86s
[LOG] generator call logged to generator_test_eval_1275_20260222_073411_381.json
[GENERATOR] Starting call test_eval_1331...
[GENERATOR] Call test_eval_1305 completed in 27.74s
[LOG] generator call logged to generator_test_eval_1305_20260222_073411_537.json
[GENERATOR] Starting call test_eval_1332...
[GENERATOR] Call test_eval_1300 completed in 32.84s
[LOG] generator call logged to generator_test_eval_1300_20260222_073411_653.json
[GENERATOR] Starting call test_eval_1333...
[GENERATOR] Call test_eval_1327 completed in 1.49s
[LOG] generator call logged to generator_test_eval_1327_20260222_073411_823.json
[GENERATOR] Starting call test_eval_1334...
[GENERATOR] Call test_eval_1322 completed in 8.85s
[LOG] generator call logged to generator_test_eval_1322_20260222_073412_136.json
[GENERATOR] Starting call test_eval_1335...
[GENERATOR] Call test_eval_1311 completed in 22.46s
[LOG] generator call logged to generator_test_eval_1311_20260222_073413_113.json
[GENERATOR] Starting call test_eval_1336...
[GENERATOR] Call test_eval_1313 completed in 23.34s
[LOG] generator call logged to generator_test_eval_1313_20260222_073414_449.json
[GENERATOR] Starting call test_eval_1337...
[GENERATOR] Call test_eval_1326 completed in 5.41s
[LOG] generator call logged to generator_test_eval_1326_20260222_073414_838.json
[GENERATOR] Starting call test_eval_1338...
[GENERATOR] Call test_eval_1294 completed in 44.20s
[LOG] generator call logged to generator_test_eval_1294_20260222_073415_463.json
[GENERATOR] Starting call test_eval_1339...
[GENERATOR] Call test_eval_1314 completed in 23.57s
[LOG] generator call logged to generator_test_eval_1314_20260222_073415_693.json
[GENERATOR] Starting call test_eval_1340...
[GENERATOR] Call test_eval_1317 completed in 21.99s
[LOG] generator call logged to generator_test_eval_1317_20260222_073417_418.json
[GENERATOR] Starting call test_eval_1341...
[GENERATOR] Call test_eval_1318 completed in 20.67s
[LOG] generator call logged to generator_test_eval_1318_20260222_073418_648.json
[GENERATOR] Starting call test_eval_1342...
[GENERATOR] Call test_eval_1278 completed in 72.63s
[LOG] generator call logged to generator_test_eval_1278_20260222_073418_852.json
[GENERATOR] Starting call test_eval_1343...
[GENERATOR] Call test_eval_1312 completed in 28.26s
[LOG] generator call logged to generator_test_eval_1312_20260222_073419_032.json
[GENERATOR] Starting call test_eval_1344...
[GENERATOR] Call test_eval_1319 completed in 22.69s
[LOG] generator call logged to generator_test_eval_1319_20260222_073421_061.json
[GENERATOR] Starting call test_eval_1345...
[GENERATOR] Call test_eval_1328 completed in 10.56s
[LOG] generator call logged to generator_test_eval_1328_20260222_073421_623.json
[GENERATOR] Starting call test_eval_1346...
[GENERATOR] Call test_eval_1315 completed in 30.68s
[LOG] generator call logged to generator_test_eval_1315_20260222_073422_845.json
[GENERATOR] Starting call test_eval_1347...
[GENERATOR] Call test_eval_1303 completed in 43.42s
[LOG] generator call logged to generator_test_eval_1303_20260222_073423_665.json
[GENERATOR] Starting call test_eval_1348...
[GENERATOR] Call test_eval_1329 completed in 12.90s
[LOG] generator call logged to generator_test_eval_1329_20260222_073424_076.json
[GENERATOR] Starting call test_eval_1349...
[GENERATOR] Call test_eval_1333 completed in 12.97s
[LOG] generator call logged to generator_test_eval_1333_20260222_073424_622.json
[GENERATOR] Starting call test_eval_1350...
[GENERATOR] Call test_eval_1330 completed in 14.76s
[LOG] generator call logged to generator_test_eval_1330_20260222_073425_944.json
[GENERATOR] Starting call test_eval_1351...
[GENERATOR] Call test_eval_1331 completed in 15.18s
[LOG] generator call logged to generator_test_eval_1331_20260222_073426_566.json
[GENERATOR] Starting call test_eval_1352...
[GENERATOR] Call test_eval_1334 completed in 16.41s
[LOG] generator call logged to generator_test_eval_1334_20260222_073428_239.json
[GENERATOR] Starting call test_eval_1353...
[GENERATOR] Call test_eval_1332 completed in 17.55s
[LOG] generator call logged to generator_test_eval_1332_20260222_073429_094.json
[GENERATOR] Starting call test_eval_1354...
[GENERATOR] Call test_eval_1338 completed in 14.77s
[LOG] generator call logged to generator_test_eval_1338_20260222_073429_606.json
[GENERATOR] Starting call test_eval_1355...
[GENERATOR] Call test_eval_1339 completed in 15.84s
[LOG] generator call logged to generator_test_eval_1339_20260222_073431_309.json
[GENERATOR] Starting call test_eval_1356...
[GENERATOR] Call test_eval_1335 completed in 20.40s
[LOG] generator call logged to generator_test_eval_1335_20260222_073432_534.json
[GENERATOR] Starting call test_eval_1357...
[GENERATOR] Call test_eval_1341 completed in 15.97s
[LOG] generator call logged to generator_test_eval_1341_20260222_073433_389.json
[GENERATOR] Starting call test_eval_1358...
[GENERATOR] Call test_eval_1344 completed in 15.28s
[LOG] generator call logged to generator_test_eval_1344_20260222_073434_313.json
[GENERATOR] Starting call test_eval_1359...
[GENERATOR] Call test_eval_1336 completed in 21.57s
[LOG] generator call logged to generator_test_eval_1336_20260222_073434_687.json
[GENERATOR] Starting call test_eval_1360...
[GENERATOR] Call test_eval_1358 completed in 1.74s
[LOG] generator call logged to generator_test_eval_1358_20260222_073435_135.json
[GENERATOR] Starting call test_eval_1361...
[GENERATOR] Call test_eval_1337 completed in 21.30s
[LOG] generator call logged to generator_test_eval_1337_20260222_073435_750.json
[GENERATOR] Starting call test_eval_1362...
[GENERATOR] Call test_eval_1360 completed in 1.95s
[LOG] generator call logged to generator_test_eval_1360_20260222_073436_637.json
[GENERATOR] Starting call test_eval_1363...
[GENERATOR] Call test_eval_1346 completed in 15.39s
[LOG] generator call logged to generator_test_eval_1346_20260222_073437_020.json
[GENERATOR] Starting call test_eval_1364...
[GENERATOR] Call test_eval_1340 completed in 22.10s
[LOG] generator call logged to generator_test_eval_1340_20260222_073437_798.json
[GENERATOR] Starting call test_eval_1365...
[GENERATOR] Call test_eval_1347 completed in 15.12s
[LOG] generator call logged to generator_test_eval_1347_20260222_073437_965.json
[GENERATOR] Starting call test_eval_1366...
[GENERATOR] Call test_eval_1342 completed in 20.17s
[LOG] generator call logged to generator_test_eval_1342_20260222_073438_822.json
[GENERATOR] Starting call test_eval_1367...
[GENERATOR] Call test_eval_1366 completed in 2.18s
[LOG] generator call logged to generator_test_eval_1366_20260222_073440_151.json
[GENERATOR] Starting call test_eval_1368...
[GENERATOR] Call test_eval_1343 completed in 21.81s
[LOG] generator call logged to generator_test_eval_1343_20260222_073440_663.json
[GENERATOR] Starting call test_eval_1369...
Progress: 1350/1805, Accuracy: 0.324
[GENERATOR] Call test_eval_1359 completed in 6.87s
[LOG] generator call logged to generator_test_eval_1359_20260222_073441_179.json
[GENERATOR] Starting call test_eval_1370...
[GENERATOR] Call test_eval_1348 completed in 17.52s
[LOG] generator call logged to generator_test_eval_1348_20260222_073441_187.json
[GENERATOR] Starting call test_eval_1371...
[GENERATOR] Call test_eval_1362 completed in 5.47s
[LOG] generator call logged to generator_test_eval_1362_20260222_073441_223.json
[GENERATOR] Starting call test_eval_1372...
[GENERATOR] Call test_eval_1364 completed in 4.43s
[LOG] generator call logged to generator_test_eval_1364_20260222_073441_448.json
[GENERATOR] Starting call test_eval_1373...
[GENERATOR] Call test_eval_1353 completed in 13.37s
[LOG] generator call logged to generator_test_eval_1353_20260222_073441_614.json
[GENERATOR] Starting call test_eval_1374...
[GENERATOR] Call test_eval_1363 completed in 5.49s
[LOG] generator call logged to generator_test_eval_1363_20260222_073442_129.json
[GENERATOR] Starting call test_eval_1375...
[GENERATOR] Call test_eval_1361 completed in 7.57s
[LOG] generator call logged to generator_test_eval_1361_20260222_073442_711.json
[GENERATOR] Starting call test_eval_1376...
[GENERATOR] Call test_eval_1373 completed in 1.73s
[LOG] generator call logged to generator_test_eval_1373_20260222_073443_183.json
[GENERATOR] Starting call test_eval_1377...
[GENERATOR] Call test_eval_1345 completed in 23.18s
[LOG] generator call logged to generator_test_eval_1345_20260222_073444_247.json
[GENERATOR] Starting call test_eval_1378...
[GENERATOR] Call test_eval_1365 completed in 6.63s
[LOG] generator call logged to generator_test_eval_1365_20260222_073444_430.json
[GENERATOR] Starting call test_eval_1379...
[GENERATOR] Call test_eval_1354 completed in 15.66s
[LOG] generator call logged to generator_test_eval_1354_20260222_073444_760.json
[GENERATOR] Starting call test_eval_1380...
[GENERATOR] Call test_eval_1349 completed in 20.97s
[LOG] generator call logged to generator_test_eval_1349_20260222_073445_049.json
[GENERATOR] Starting call test_eval_1381...
[GENERATOR] Call test_eval_1376 completed in 3.07s
[LOG] generator call logged to generator_test_eval_1376_20260222_073445_783.json
[GENERATOR] Starting call test_eval_1382...
[GENERATOR] Call test_eval_1377 completed in 3.32s
[LOG] generator call logged to generator_test_eval_1377_20260222_073446_502.json
[GENERATOR] Starting call test_eval_1383...
[GENERATOR] Call test_eval_1355 completed in 17.08s
[LOG] generator call logged to generator_test_eval_1355_20260222_073446_687.json
[GENERATOR] Starting call test_eval_1384...
[GENERATOR] Call test_eval_1378 completed in 2.65s
[LOG] generator call logged to generator_test_eval_1378_20260222_073446_901.json
[GENERATOR] Starting call test_eval_1385...
[GENERATOR] Call test_eval_1350 completed in 22.69s
[LOG] generator call logged to generator_test_eval_1350_20260222_073447_319.json
[GENERATOR] Starting call test_eval_1386...
[GENERATOR] Call test_eval_1357 completed in 15.09s
[LOG] generator call logged to generator_test_eval_1357_20260222_073447_626.json
[GENERATOR] Starting call test_eval_1387...
[GENERATOR] Call test_eval_1369 completed in 7.32s
[GENERATOR] Call test_eval_1375 completed in 5.85s
[LOG] generator call logged to generator_test_eval_1369_20260222_073447_982.json
[GENERATOR] Starting call test_eval_1388...
[LOG] generator call logged to generator_test_eval_1375_20260222_073447_984.json
[GENERATOR] Starting call test_eval_1389...
[GENERATOR] Call test_eval_1367 completed in 9.39s
[LOG] generator call logged to generator_test_eval_1367_20260222_073448_210.json
[GENERATOR] Starting call test_eval_1390...
[GENERATOR] Call test_eval_1351 completed in 23.60s
[LOG] generator call logged to generator_test_eval_1351_20260222_073449_544.json
[GENERATOR] Starting call test_eval_1391...
[GENERATOR] Call test_eval_1370 completed in 8.70s
[LOG] generator call logged to generator_test_eval_1370_20260222_073449_879.json
[GENERATOR] Starting call test_eval_1392...
[GENERATOR] Call test_eval_1371 completed in 8.93s
[LOG] generator call logged to generator_test_eval_1371_20260222_073450_119.json
[GENERATOR] Starting call test_eval_1393...
[GENERATOR] Call test_eval_1372 completed in 9.16s
[LOG] generator call logged to generator_test_eval_1372_20260222_073450_387.json
[GENERATOR] Starting call test_eval_1394...
[GENERATOR] Call test_eval_1352 completed in 24.44s
[LOG] generator call logged to generator_test_eval_1352_20260222_073451_005.json
[GENERATOR] Starting call test_eval_1395...
[GENERATOR] Call test_eval_1381 completed in 8.51s
[LOG] generator call logged to generator_test_eval_1381_20260222_073453_562.json
[GENERATOR] Starting call test_eval_1396...
[GENERATOR] Call test_eval_1356 completed in 22.35s
[LOG] generator call logged to generator_test_eval_1356_20260222_073453_664.json
[GENERATOR] Starting call test_eval_1397...
[GENERATOR] Call test_eval_1374 completed in 12.48s
[LOG] generator call logged to generator_test_eval_1374_20260222_073454_100.json
[GENERATOR] Starting call test_eval_1398...
[GENERATOR] Call test_eval_1368 completed in 14.02s
[LOG] generator call logged to generator_test_eval_1368_20260222_073454_168.json
[GENERATOR] Starting call test_eval_1399...
[GENERATOR] Call test_eval_1379 completed in 12.10s
[LOG] generator call logged to generator_test_eval_1379_20260222_073456_532.json
[GENERATOR] Starting call test_eval_1400...
[GENERATOR] Call test_eval_1382 completed in 10.82s
[LOG] generator call logged to generator_test_eval_1382_20260222_073456_601.json
[GENERATOR] Starting call test_eval_1401...
[GENERATOR] Call test_eval_1383 completed in 10.44s
[LOG] generator call logged to generator_test_eval_1383_20260222_073456_944.json
[GENERATOR] Starting call test_eval_1402...
[GENERATOR] Call test_eval_1380 completed in 12.79s
[LOG] generator call logged to generator_test_eval_1380_20260222_073457_555.json
[GENERATOR] Starting call test_eval_1403...
[GENERATOR] Call test_eval_1384 completed in 12.61s
[LOG] generator call logged to generator_test_eval_1384_20260222_073459_302.json
[GENERATOR] Starting call test_eval_1404...
[GENERATOR] Call test_eval_1386 completed in 12.41s
[LOG] generator call logged to generator_test_eval_1386_20260222_073459_734.json
[GENERATOR] Starting call test_eval_1405...
[GENERATOR] Call test_eval_1385 completed in 14.21s
[LOG] generator call logged to generator_test_eval_1385_20260222_073501_110.json
[GENERATOR] Starting call test_eval_1406...
[GENERATOR] Call test_eval_1387 completed in 13.49s
[LOG] generator call logged to generator_test_eval_1387_20260222_073501_117.json
[GENERATOR] Starting call test_eval_1407...
[GENERATOR] Call test_eval_1389 completed in 16.23s
[LOG] generator call logged to generator_test_eval_1389_20260222_073504_215.json
[GENERATOR] Starting call test_eval_1408...
[GENERATOR] Call test_eval_1391 completed in 15.28s
[LOG] generator call logged to generator_test_eval_1391_20260222_073504_830.json
[GENERATOR] Starting call test_eval_1409...
[GENERATOR] Call test_eval_1388 completed in 17.03s
[LOG] generator call logged to generator_test_eval_1388_20260222_073505_018.json
[GENERATOR] Starting call test_eval_1410...
[GENERATOR] Call test_eval_1390 completed in 18.33s
[LOG] generator call logged to generator_test_eval_1390_20260222_073506_543.json
[GENERATOR] Starting call test_eval_1411...
[GENERATOR] Call test_eval_1395 completed in 18.75s
[LOG] generator call logged to generator_test_eval_1395_20260222_073509_755.json
[GENERATOR] Starting call test_eval_1412...
[GENERATOR] Call test_eval_1393 completed in 21.16s
[LOG] generator call logged to generator_test_eval_1393_20260222_073511_281.json
[GENERATOR] Starting call test_eval_1413...
[GENERATOR] Call test_eval_1396 completed in 19.05s
[LOG] generator call logged to generator_test_eval_1396_20260222_073512_612.json
[GENERATOR] Starting call test_eval_1414...
[GENERATOR] Call test_eval_1394 completed in 22.33s
[LOG] generator call logged to generator_test_eval_1394_20260222_073512_719.json
[GENERATOR] Starting call test_eval_1415...
[GENERATOR] Call test_eval_1392 completed in 23.85s
[LOG] generator call logged to generator_test_eval_1392_20260222_073513_729.json
[GENERATOR] Starting call test_eval_1416...
[GENERATOR] Call test_eval_1397 completed in 20.89s
[LOG] generator call logged to generator_test_eval_1397_20260222_073514_557.json
[GENERATOR] Starting call test_eval_1417...
[GENERATOR] Call test_eval_1398 completed in 21.67s
[LOG] generator call logged to generator_test_eval_1398_20260222_073515_776.json
[GENERATOR] Starting call test_eval_1418...
[GENERATOR] Call test_eval_1401 completed in 20.53s
[LOG] generator call logged to generator_test_eval_1401_20260222_073517_135.json
[GENERATOR] Starting call test_eval_1419...
Progress: 1400/1805, Accuracy: 0.325
[GENERATOR] Call test_eval_1400 completed in 21.39s
[LOG] generator call logged to generator_test_eval_1400_20260222_073517_924.json
[GENERATOR] Starting call test_eval_1420...
[GENERATOR] Call test_eval_1399 completed in 24.28s
[LOG] generator call logged to generator_test_eval_1399_20260222_073518_455.json
[GENERATOR] Starting call test_eval_1421...
[GENERATOR] Call test_eval_1403 completed in 22.53s
[LOG] generator call logged to generator_test_eval_1403_20260222_073520_088.json
[GENERATOR] Starting call test_eval_1422...
[GENERATOR] Call test_eval_1405 completed in 21.43s
[LOG] generator call logged to generator_test_eval_1405_20260222_073521_169.json
[GENERATOR] Starting call test_eval_1423...
[GENERATOR] Call test_eval_1408 completed in 17.07s
[GENERATOR] Call test_eval_1402 completed in 24.34s
[LOG] generator call logged to generator_test_eval_1408_20260222_073521_284.json
[GENERATOR] Starting call test_eval_1424...
[LOG] generator call logged to generator_test_eval_1402_20260222_073521_285.json
[GENERATOR] Starting call test_eval_1425...
[GENERATOR] Call test_eval_1404 completed in 23.96s
[LOG] generator call logged to generator_test_eval_1404_20260222_073523_262.json
[GENERATOR] Starting call test_eval_1426...
[GENERATOR] Call test_eval_1409 completed in 19.46s
[GENERATOR] Call test_eval_1407 completed in 23.17s
[LOG] generator call logged to generator_test_eval_1409_20260222_073524_289.json
[GENERATOR] Starting call test_eval_1427...
[LOG] generator call logged to generator_test_eval_1407_20260222_073524_290.json
[GENERATOR] Starting call test_eval_1428...
[GENERATOR] Call test_eval_1410 completed in 19.57s
[LOG] generator call logged to generator_test_eval_1410_20260222_073524_592.json
[GENERATOR] Starting call test_eval_1429...
[GENERATOR] Call test_eval_1406 completed in 24.91s
[LOG] generator call logged to generator_test_eval_1406_20260222_073526_026.json
[GENERATOR] Starting call test_eval_1430...
[GENERATOR] Call test_eval_1415 completed in 14.74s
[LOG] generator call logged to generator_test_eval_1415_20260222_073527_459.json
[GENERATOR] Starting call test_eval_1431...
[GENERATOR] Call test_eval_1414 completed in 15.46s
[GENERATOR] Call test_eval_1411 completed in 21.53s
[LOG] generator call logged to generator_test_eval_1414_20260222_073528_074.json
[GENERATOR] Starting call test_eval_1432...
[LOG] generator call logged to generator_test_eval_1411_20260222_073528_075.json
[GENERATOR] Starting call test_eval_1433...
[GENERATOR] Call test_eval_1417 completed in 16.28s
[LOG] generator call logged to generator_test_eval_1417_20260222_073530_836.json
[GENERATOR] Starting call test_eval_1434...
[GENERATOR] Call test_eval_1418 completed in 15.34s
[LOG] generator call logged to generator_test_eval_1418_20260222_073531_120.json
[GENERATOR] Starting call test_eval_1435...
[GENERATOR] Call test_eval_1412 completed in 25.28s
[LOG] generator call logged to generator_test_eval_1412_20260222_073535_035.json
[GENERATOR] Starting call test_eval_1436...
[GENERATOR] Call test_eval_1413 completed in 26.11s
[LOG] generator call logged to generator_test_eval_1413_20260222_073537_393.json
[GENERATOR] Starting call test_eval_1437...
[GENERATOR] Call test_eval_1416 completed in 23.96s
[LOG] generator call logged to generator_test_eval_1416_20260222_073537_694.json
[GENERATOR] Starting call test_eval_1438...
[GENERATOR] Call test_eval_1422 completed in 19.25s
[LOG] generator call logged to generator_test_eval_1422_20260222_073539_339.json
[GENERATOR] Starting call test_eval_1439...
[GENERATOR] Call test_eval_1421 completed in 22.22s
[LOG] generator call logged to generator_test_eval_1421_20260222_073540_677.json
[GENERATOR] Starting call test_eval_1440...
[GENERATOR] Call test_eval_1419 completed in 24.37s
[LOG] generator call logged to generator_test_eval_1419_20260222_073541_504.json
[GENERATOR] Starting call test_eval_1441...
[GENERATOR] Call test_eval_1424 completed in 21.02s
[LOG] generator call logged to generator_test_eval_1424_20260222_073542_310.json
[GENERATOR] Starting call test_eval_1442...
[GENERATOR] Call test_eval_1420 completed in 24.73s
[LOG] generator call logged to generator_test_eval_1420_20260222_073542_659.json
[GENERATOR] Starting call test_eval_1443...
[GENERATOR] Call test_eval_1442 completed in 2.04s
[LOG] generator call logged to generator_test_eval_1442_20260222_073544_358.json
[GENERATOR] Starting call test_eval_1444...
[GENERATOR] Call test_eval_1443 completed in 1.94s
[GENERATOR] Call test_eval_1423 completed in 23.43s
[LOG] generator call logged to generator_test_eval_1443_20260222_073544_605.json
[GENERATOR] Starting call test_eval_1445...
[LOG] generator call logged to generator_test_eval_1423_20260222_073544_606.json
[GENERATOR] Starting call test_eval_1446...
[GENERATOR] Call test_eval_1428 completed in 20.95s
[LOG] generator call logged to generator_test_eval_1428_20260222_073545_244.json
[GENERATOR] Starting call test_eval_1447...
[GENERATOR] Call test_eval_1444 completed in 1.63s
[LOG] generator call logged to generator_test_eval_1444_20260222_073545_990.json
[GENERATOR] Starting call test_eval_1448...
[GENERATOR] Call test_eval_1446 completed in 3.23s
[LOG] generator call logged to generator_test_eval_1446_20260222_073547_838.json
[GENERATOR] Starting call test_eval_1449...
[GENERATOR] Call test_eval_1426 completed in 25.23s
[LOG] generator call logged to generator_test_eval_1426_20260222_073548_498.json
[GENERATOR] Starting call test_eval_1450...
[GENERATOR] Call test_eval_1445 completed in 4.03s
[LOG] generator call logged to generator_test_eval_1445_20260222_073548_643.json
[GENERATOR] Starting call test_eval_1451...
[GENERATOR] Call test_eval_1449 completed in 2.33s
[LOG] generator call logged to generator_test_eval_1449_20260222_073550_166.json
[GENERATOR] Starting call test_eval_1452...
[GENERATOR] Call test_eval_1425 completed in 29.81s
[LOG] generator call logged to generator_test_eval_1425_20260222_073551_096.json
[GENERATOR] Starting call test_eval_1453...
[GENERATOR] Call test_eval_1430 completed in 25.57s
[LOG] generator call logged to generator_test_eval_1430_20260222_073551_598.json
[GENERATOR] Starting call test_eval_1454...
[GENERATOR] Call test_eval_1429 completed in 28.44s
[LOG] generator call logged to generator_test_eval_1429_20260222_073553_037.json
[GENERATOR] Starting call test_eval_1455...
[GENERATOR] Call test_eval_1431 completed in 26.83s
[LOG] generator call logged to generator_test_eval_1431_20260222_073554_288.json
[GENERATOR] Starting call test_eval_1456...
[GENERATOR] Call test_eval_1432 completed in 27.08s
[LOG] generator call logged to generator_test_eval_1432_20260222_073555_157.json
[GENERATOR] Starting call test_eval_1457...
[GENERATOR] Call test_eval_1435 completed in 25.01s
[LOG] generator call logged to generator_test_eval_1435_20260222_073556_131.json
[GENERATOR] Starting call test_eval_1458...
[GENERATOR] Call test_eval_1427 completed in 33.06s
[LOG] generator call logged to generator_test_eval_1427_20260222_073557_351.json
[GENERATOR] Starting call test_eval_1459...
[GENERATOR] Call test_eval_1439 completed in 18.96s
[LOG] generator call logged to generator_test_eval_1439_20260222_073558_298.json
[GENERATOR] Starting call test_eval_1460...
[GENERATOR] Call test_eval_1433 completed in 30.87s
[LOG] generator call logged to generator_test_eval_1433_20260222_073558_943.json
[GENERATOR] Starting call test_eval_1461...
[GENERATOR] Call test_eval_1441 completed in 18.72s
[LOG] generator call logged to generator_test_eval_1441_20260222_073600_225.json
[GENERATOR] Starting call test_eval_1462...
[GENERATOR] Call test_eval_1434 completed in 29.94s
[LOG] generator call logged to generator_test_eval_1434_20260222_073600_778.json
[GENERATOR] Starting call test_eval_1463...
[GENERATOR] Call test_eval_1448 completed in 15.87s
[LOG] generator call logged to generator_test_eval_1448_20260222_073601_857.json
[GENERATOR] Starting call test_eval_1464...
[GENERATOR] Call test_eval_1437 completed in 26.21s
[LOG] generator call logged to generator_test_eval_1437_20260222_073603_608.json
[GENERATOR] Starting call test_eval_1465...
[GENERATOR] Call test_eval_1454 completed in 14.16s
[GENERATOR] Call test_eval_1436 completed in 30.72s
[LOG] generator call logged to generator_test_eval_1454_20260222_073605_758.json
[GENERATOR] Starting call test_eval_1466...
[LOG] generator call logged to generator_test_eval_1436_20260222_073605_759.json
[GENERATOR] Starting call test_eval_1467...
[GENERATOR] Call test_eval_1438 completed in 29.22s
[LOG] generator call logged to generator_test_eval_1438_20260222_073606_917.json
[GENERATOR] Starting call test_eval_1468...
[GENERATOR] Call test_eval_1453 completed in 16.40s
[LOG] generator call logged to generator_test_eval_1453_20260222_073607_499.json
[GENERATOR] Starting call test_eval_1469...
Progress: 1450/1805, Accuracy: 0.326
[GENERATOR] Call test_eval_1458 completed in 12.70s
[LOG] generator call logged to generator_test_eval_1458_20260222_073608_830.json
[GENERATOR] Starting call test_eval_1470...
[GENERATOR] Call test_eval_1440 completed in 28.73s
[LOG] generator call logged to generator_test_eval_1440_20260222_073609_412.json
[GENERATOR] Starting call test_eval_1471...
[GENERATOR] Call test_eval_1447 completed in 24.61s
[LOG] generator call logged to generator_test_eval_1447_20260222_073609_858.json
[GENERATOR] Starting call test_eval_1472...
[GENERATOR] Call test_eval_1461 completed in 12.69s
[LOG] generator call logged to generator_test_eval_1461_20260222_073611_638.json
[GENERATOR] Starting call test_eval_1473...
[GENERATOR] Call test_eval_1450 completed in 23.99s
[LOG] generator call logged to generator_test_eval_1450_20260222_073612_490.json
[GENERATOR] Starting call test_eval_1474...
[GENERATOR] Call test_eval_1451 completed in 24.79s
[LOG] generator call logged to generator_test_eval_1451_20260222_073613_435.json
[GENERATOR] Starting call test_eval_1475...
[GENERATOR] Call test_eval_1462 completed in 14.34s
[LOG] generator call logged to generator_test_eval_1462_20260222_073614_565.json
[GENERATOR] Starting call test_eval_1476...
[GENERATOR] Call test_eval_1460 completed in 16.63s
[LOG] generator call logged to generator_test_eval_1460_20260222_073614_928.json
[GENERATOR] Starting call test_eval_1477...
[GENERATOR] Call test_eval_1452 completed in 25.34s
[LOG] generator call logged to generator_test_eval_1452_20260222_073615_507.json
[GENERATOR] Starting call test_eval_1478...
[GENERATOR] Call test_eval_1455 completed in 24.29s
[LOG] generator call logged to generator_test_eval_1455_20260222_073617_326.json
[GENERATOR] Starting call test_eval_1479...
[GENERATOR] Call test_eval_1478 completed in 2.33s
[LOG] generator call logged to generator_test_eval_1478_20260222_073617_841.json
[GENERATOR] Starting call test_eval_1480...
[GENERATOR] Call test_eval_1466 completed in 12.11s
[LOG] generator call logged to generator_test_eval_1466_20260222_073617_875.json
[GENERATOR] Starting call test_eval_1481...
[GENERATOR] Call test_eval_1465 completed in 14.78s
[LOG] generator call logged to generator_test_eval_1465_20260222_073618_392.json
[GENERATOR] Starting call test_eval_1482...
[GENERATOR] Call test_eval_1479 completed in 1.82s
[LOG] generator call logged to generator_test_eval_1479_20260222_073619_149.json
[GENERATOR] Starting call test_eval_1483...
[GENERATOR] Call test_eval_1477 completed in 4.31s
[LOG] generator call logged to generator_test_eval_1477_20260222_073619_234.json
[GENERATOR] Starting call test_eval_1484...
[GENERATOR] Call test_eval_1482 completed in 1.44s
[LOG] generator call logged to generator_test_eval_1482_20260222_073619_836.json
[GENERATOR] Starting call test_eval_1485...
[GENERATOR] Call test_eval_1481 completed in 2.52s
[LOG] generator call logged to generator_test_eval_1481_20260222_073620_398.json
[GENERATOR] Starting call test_eval_1486...
[GENERATOR] Call test_eval_1468 completed in 14.05s
[LOG] generator call logged to generator_test_eval_1468_20260222_073620_967.json
[GENERATOR] Starting call test_eval_1487...
[GENERATOR] Call test_eval_1457 completed in 26.20s
[LOG] generator call logged to generator_test_eval_1457_20260222_073621_356.json
[GENERATOR] Starting call test_eval_1488...
[GENERATOR] Call test_eval_1456 completed in 27.34s
[LOG] generator call logged to generator_test_eval_1456_20260222_073621_634.json
[GENERATOR] Starting call test_eval_1489...
[GENERATOR] Call test_eval_1469 completed in 14.21s
[LOG] generator call logged to generator_test_eval_1469_20260222_073621_712.json
[GENERATOR] Starting call test_eval_1490...
[GENERATOR] Call test_eval_1483 completed in 2.83s
[LOG] generator call logged to generator_test_eval_1483_20260222_073621_977.json
[GENERATOR] Starting call test_eval_1491...
[GENERATOR] Call test_eval_1486 completed in 1.64s
[LOG] generator call logged to generator_test_eval_1486_20260222_073622_034.json
[GENERATOR] Starting call test_eval_1492...
[GENERATOR] Call test_eval_1490 completed in 1.96s
[LOG] generator call logged to generator_test_eval_1490_20260222_073623_678.json
[GENERATOR] Starting call test_eval_1493...
[GENERATOR] Call test_eval_1470 completed in 15.26s
[LOG] generator call logged to generator_test_eval_1470_20260222_073624_088.json
[GENERATOR] Starting call test_eval_1494...
[GENERATOR] Call test_eval_1463 completed in 24.02s
[LOG] generator call logged to generator_test_eval_1463_20260222_073624_805.json
[GENERATOR] Starting call test_eval_1495...
[GENERATOR] Call test_eval_1473 completed in 15.72s
[LOG] generator call logged to generator_test_eval_1473_20260222_073627_363.json
[GENERATOR] Starting call test_eval_1496...
[GENERATOR] Call test_eval_1459 completed in 30.03s
[LOG] generator call logged to generator_test_eval_1459_20260222_073627_386.json
[GENERATOR] Starting call test_eval_1497...
[GENERATOR] Call test_eval_1464 completed in 26.10s
[LOG] generator call logged to generator_test_eval_1464_20260222_073627_960.json
[GENERATOR] Starting call test_eval_1498...
[GENERATOR] Call test_eval_1467 completed in 24.52s
[LOG] generator call logged to generator_test_eval_1467_20260222_073630_286.json
[GENERATOR] Starting call test_eval_1499...
[GENERATOR] Call test_eval_1474 completed in 18.00s
[LOG] generator call logged to generator_test_eval_1474_20260222_073630_488.json
[GENERATOR] Starting call test_eval_1500...
[GENERATOR] Call test_eval_1472 completed in 20.86s
[LOG] generator call logged to generator_test_eval_1472_20260222_073630_724.json
[GENERATOR] Starting call test_eval_1501...
[GENERATOR] Call test_eval_1471 completed in 21.60s
[LOG] generator call logged to generator_test_eval_1471_20260222_073631_011.json
[GENERATOR] Starting call test_eval_1502...
[GENERATOR] Call test_eval_1499 completed in 2.82s
[LOG] generator call logged to generator_test_eval_1499_20260222_073633_110.json
[GENERATOR] Starting call test_eval_1503...
[GENERATOR] Call test_eval_1475 completed in 19.73s
[LOG] generator call logged to generator_test_eval_1475_20260222_073633_172.json
[GENERATOR] Starting call test_eval_1504...
[GENERATOR] Call test_eval_1500 completed in 3.02s
[LOG] generator call logged to generator_test_eval_1500_20260222_073633_507.json
[GENERATOR] Starting call test_eval_1505...
[GENERATOR] Call test_eval_1476 completed in 18.96s
[LOG] generator call logged to generator_test_eval_1476_20260222_073633_529.json
[GENERATOR] Starting call test_eval_1506...
[GENERATOR] Call test_eval_1487 completed in 13.13s
[LOG] generator call logged to generator_test_eval_1487_20260222_073634_095.json
[GENERATOR] Starting call test_eval_1507...
[GENERATOR] Call test_eval_1501 completed in 3.54s
[LOG] generator call logged to generator_test_eval_1501_20260222_073634_264.json
[GENERATOR] Starting call test_eval_1508...
[GENERATOR] Call test_eval_1502 completed in 3.62s
[LOG] generator call logged to generator_test_eval_1502_20260222_073634_634.json
[GENERATOR] Starting call test_eval_1509...
[GENERATOR] Call test_eval_1506 completed in 1.95s
[LOG] generator call logged to generator_test_eval_1506_20260222_073635_483.json
[GENERATOR] Starting call test_eval_1510...
[GENERATOR] Call test_eval_1488 completed in 15.43s
[LOG] generator call logged to generator_test_eval_1488_20260222_073636_788.json
[GENERATOR] Starting call test_eval_1511...
[GENERATOR] Call test_eval_1507 completed in 3.04s
[LOG] generator call logged to generator_test_eval_1507_20260222_073637_136.json
[GENERATOR] Starting call test_eval_1512...
[GENERATOR] Call test_eval_1505 completed in 3.80s
[LOG] generator call logged to generator_test_eval_1505_20260222_073637_305.json
[GENERATOR] Starting call test_eval_1513...
[GENERATOR] Call test_eval_1508 completed in 3.16s
[LOG] generator call logged to generator_test_eval_1508_20260222_073637_425.json
[GENERATOR] Starting call test_eval_1514...
[GENERATOR] Call test_eval_1510 completed in 2.30s
[LOG] generator call logged to generator_test_eval_1510_20260222_073637_788.json
[GENERATOR] Starting call test_eval_1515...
[GENERATOR] Call test_eval_1504 completed in 4.62s
[LOG] generator call logged to generator_test_eval_1504_20260222_073637_795.json
[GENERATOR] Starting call test_eval_1516...
[GENERATOR] Call test_eval_1513 completed in 2.04s
[LOG] generator call logged to generator_test_eval_1513_20260222_073639_349.json
[GENERATOR] Starting call test_eval_1517...
[GENERATOR] Call test_eval_1480 completed in 21.85s
[LOG] generator call logged to generator_test_eval_1480_20260222_073639_694.json
[GENERATOR] Starting call test_eval_1518...
[GENERATOR] Call test_eval_1495 completed in 14.93s
[LOG] generator call logged to generator_test_eval_1495_20260222_073639_740.json
[GENERATOR] Starting call test_eval_1519...
Progress: 1500/1805, Accuracy: 0.323
[GENERATOR] Call test_eval_1511 completed in 3.04s
[GENERATOR] Call test_eval_1509 completed in 5.20s
[LOG] generator call logged to generator_test_eval_1511_20260222_073639_829.json
[GENERATOR] Starting call test_eval_1520...
[LOG] generator call logged to generator_test_eval_1509_20260222_073639_830.json
[GENERATOR] Starting call test_eval_1521...
[GENERATOR] Call test_eval_1512 completed in 2.77s
[LOG] generator call logged to generator_test_eval_1512_20260222_073639_913.json
[GENERATOR] Starting call test_eval_1522...
[GENERATOR] Call test_eval_1492 completed in 18.74s
[LOG] generator call logged to generator_test_eval_1492_20260222_073640_780.json
[GENERATOR] Starting call test_eval_1523...
[GENERATOR] Call test_eval_1484 completed in 21.85s
[LOG] generator call logged to generator_test_eval_1484_20260222_073641_087.json
[GENERATOR] Starting call test_eval_1524...
[GENERATOR] Call test_eval_1485 completed in 23.20s
[GENERATOR] Call test_eval_1498 completed in 15.07s
[LOG] generator call logged to generator_test_eval_1485_20260222_073643_033.json
[GENERATOR] Starting call test_eval_1525...
[LOG] generator call logged to generator_test_eval_1498_20260222_073643_034.json
[GENERATOR] Starting call test_eval_1526...
[GENERATOR] Call test_eval_1491 completed in 23.10s
[LOG] generator call logged to generator_test_eval_1491_20260222_073645_080.json
[GENERATOR] Starting call test_eval_1527...
[GENERATOR] Call test_eval_1516 completed in 8.49s
[LOG] generator call logged to generator_test_eval_1516_20260222_073646_283.json
[GENERATOR] Starting call test_eval_1528...
[GENERATOR] Call test_eval_1489 completed in 26.00s
[LOG] generator call logged to generator_test_eval_1489_20260222_073647_636.json
[GENERATOR] Starting call test_eval_1529...
[GENERATOR] Call test_eval_1493 completed in 24.57s
[LOG] generator call logged to generator_test_eval_1493_20260222_073648_254.json
[GENERATOR] Starting call test_eval_1530...
[GENERATOR] Call test_eval_1503 completed in 16.47s
[LOG] generator call logged to generator_test_eval_1503_20260222_073649_582.json
[GENERATOR] Starting call test_eval_1531...
[GENERATOR] Call test_eval_1517 completed in 10.75s
[LOG] generator call logged to generator_test_eval_1517_20260222_073650_097.json
[GENERATOR] Starting call test_eval_1532...
[GENERATOR] Call test_eval_1494 completed in 26.72s
[LOG] generator call logged to generator_test_eval_1494_20260222_073650_812.json
[GENERATOR] Starting call test_eval_1533...
[GENERATOR] Call test_eval_1496 completed in 23.86s
[LOG] generator call logged to generator_test_eval_1496_20260222_073651_226.json
[GENERATOR] Starting call test_eval_1534...
[GENERATOR] Call test_eval_1520 completed in 13.16s
[LOG] generator call logged to generator_test_eval_1520_20260222_073652_988.json
[GENERATOR] Starting call test_eval_1535...
[GENERATOR] Call test_eval_1523 completed in 12.69s
[LOG] generator call logged to generator_test_eval_1523_20260222_073653_477.json
[GENERATOR] Starting call test_eval_1536...
[GENERATOR] Call test_eval_1514 completed in 16.35s
[LOG] generator call logged to generator_test_eval_1514_20260222_073653_781.json
[GENERATOR] Starting call test_eval_1537...
[GENERATOR] Call test_eval_1497 completed in 27.21s
[LOG] generator call logged to generator_test_eval_1497_20260222_073654_600.json
[GENERATOR] Starting call test_eval_1538...
[GENERATOR] Call test_eval_1525 completed in 13.27s
[LOG] generator call logged to generator_test_eval_1525_20260222_073656_310.json
[GENERATOR] Starting call test_eval_1539...
[GENERATOR] Call test_eval_1526 completed in 13.87s
[LOG] generator call logged to generator_test_eval_1526_20260222_073656_910.json
[GENERATOR] Starting call test_eval_1540...
[GENERATOR] Call test_eval_1519 completed in 18.35s
[LOG] generator call logged to generator_test_eval_1519_20260222_073658_087.json
[GENERATOR] Starting call test_eval_1541...
[GENERATOR] Call test_eval_1515 completed in 20.32s
[LOG] generator call logged to generator_test_eval_1515_20260222_073658_109.json
[GENERATOR] Starting call test_eval_1542...
[GENERATOR] Call test_eval_1529 completed in 12.40s
[LOG] generator call logged to generator_test_eval_1529_20260222_073700_033.json
[GENERATOR] Starting call test_eval_1543...
[GENERATOR] Call test_eval_1521 completed in 21.58s
[LOG] generator call logged to generator_test_eval_1521_20260222_073701_418.json
[GENERATOR] Starting call test_eval_1544...
[GENERATOR] Call test_eval_1530 completed in 13.82s
[LOG] generator call logged to generator_test_eval_1530_20260222_073702_078.json
[GENERATOR] Starting call test_eval_1545...
[GENERATOR] Call test_eval_1518 completed in 23.01s
[LOG] generator call logged to generator_test_eval_1518_20260222_073702_704.json
[GENERATOR] Starting call test_eval_1546...
[GENERATOR] Call test_eval_1531 completed in 14.22s
[LOG] generator call logged to generator_test_eval_1531_20260222_073703_804.json
[GENERATOR] Starting call test_eval_1547...
[GENERATOR] Call test_eval_1522 completed in 24.72s
[LOG] generator call logged to generator_test_eval_1522_20260222_073704_638.json
[GENERATOR] Starting call test_eval_1548...
[GENERATOR] Call test_eval_1533 completed in 15.53s
[LOG] generator call logged to generator_test_eval_1533_20260222_073706_347.json
[GENERATOR] Starting call test_eval_1549...
[GENERATOR] Call test_eval_1524 completed in 25.75s
[LOG] generator call logged to generator_test_eval_1524_20260222_073706_835.json
[GENERATOR] Starting call test_eval_1550...
[GENERATOR] Call test_eval_1534 completed in 16.68s
[LOG] generator call logged to generator_test_eval_1534_20260222_073707_912.json
[GENERATOR] Starting call test_eval_1551...
[GENERATOR] Call test_eval_1537 completed in 15.59s
[LOG] generator call logged to generator_test_eval_1537_20260222_073709_369.json
[GENERATOR] Starting call test_eval_1552...
[GENERATOR] Call test_eval_1528 completed in 23.57s
[LOG] generator call logged to generator_test_eval_1528_20260222_073709_857.json
[GENERATOR] Starting call test_eval_1553...
[GENERATOR] Call test_eval_1538 completed in 15.58s
[LOG] generator call logged to generator_test_eval_1538_20260222_073710_182.json
[GENERATOR] Starting call test_eval_1554...
[GENERATOR] Call test_eval_1539 completed in 16.51s
[LOG] generator call logged to generator_test_eval_1539_20260222_073712_827.json
[GENERATOR] Starting call test_eval_1555...
[GENERATOR] Call test_eval_1527 completed in 30.47s
[LOG] generator call logged to generator_test_eval_1527_20260222_073715_549.json
[GENERATOR] Starting call test_eval_1556...
[GENERATOR] Call test_eval_1532 completed in 25.79s
[LOG] generator call logged to generator_test_eval_1532_20260222_073715_885.json
[GENERATOR] Starting call test_eval_1557...
[GENERATOR] Call test_eval_1535 completed in 26.43s
[LOG] generator call logged to generator_test_eval_1535_20260222_073719_423.json
[GENERATOR] Starting call test_eval_1558...
[GENERATOR] Call test_eval_1536 completed in 26.84s
[LOG] generator call logged to generator_test_eval_1536_20260222_073720_319.json
[GENERATOR] Starting call test_eval_1559...
[GENERATOR] Call test_eval_1542 completed in 24.65s
[LOG] generator call logged to generator_test_eval_1542_20260222_073722_762.json
[GENERATOR] Starting call test_eval_1560...
[GENERATOR] Call test_eval_1541 completed in 25.29s
[LOG] generator call logged to generator_test_eval_1541_20260222_073723_380.json
[GENERATOR] Starting call test_eval_1561...
[GENERATOR] Call test_eval_1543 completed in 25.89s
[LOG] generator call logged to generator_test_eval_1543_20260222_073725_925.json
[GENERATOR] Starting call test_eval_1562...
[GENERATOR] Call test_eval_1540 completed in 29.68s
[LOG] generator call logged to generator_test_eval_1540_20260222_073726_594.json
[GENERATOR] Starting call test_eval_1563...
[GENERATOR] Call test_eval_1562 completed in 1.45s
[GENERATOR] Call test_eval_1544 completed in 25.95s
[LOG] generator call logged to generator_test_eval_1562_20260222_073727_373.json
[GENERATOR] Starting call test_eval_1564...
[LOG] generator call logged to generator_test_eval_1544_20260222_073727_374.json
[GENERATOR] Starting call test_eval_1565...
[GENERATOR] Call test_eval_1545 completed in 25.66s
[LOG] generator call logged to generator_test_eval_1545_20260222_073727_743.json
[GENERATOR] Starting call test_eval_1566...
[GENERATOR] Call test_eval_1563 completed in 2.51s
[LOG] generator call logged to generator_test_eval_1563_20260222_073729_109.json
[GENERATOR] Starting call test_eval_1567...
[GENERATOR] Call test_eval_1546 completed in 27.43s
[LOG] generator call logged to generator_test_eval_1546_20260222_073730_133.json
[GENERATOR] Starting call test_eval_1568...
[GENERATOR] Call test_eval_1548 completed in 25.80s
[LOG] generator call logged to generator_test_eval_1548_20260222_073730_443.json
[GENERATOR] Starting call test_eval_1569...
Progress: 1550/1805, Accuracy: 0.321
[GENERATOR] Call test_eval_1549 completed in 26.60s
[GENERATOR] Call test_eval_1547 completed in 29.14s
[LOG] generator call logged to generator_test_eval_1549_20260222_073732_944.json
[GENERATOR] Starting call test_eval_1570...
[LOG] generator call logged to generator_test_eval_1547_20260222_073732_946.json
[GENERATOR] Starting call test_eval_1571...
[GENERATOR] Call test_eval_1550 completed in 26.48s
[LOG] generator call logged to generator_test_eval_1550_20260222_073733_311.json
[GENERATOR] Starting call test_eval_1572...
[GENERATOR] Call test_eval_1551 completed in 27.55s
[GENERATOR] Call test_eval_1555 completed in 22.64s
[GENERATOR] Call test_eval_1556 completed in 19.91s
[LOG] generator call logged to generator_test_eval_1551_20260222_073735_464.json
[GENERATOR] Starting call test_eval_1573...
[LOG] generator call logged to generator_test_eval_1555_20260222_073735_466.json
[GENERATOR] Starting call test_eval_1574...
[LOG] generator call logged to generator_test_eval_1556_20260222_073735_466.json
[GENERATOR] Starting call test_eval_1575...
[GENERATOR] Call test_eval_1552 completed in 29.06s
[LOG] generator call logged to generator_test_eval_1552_20260222_073738_431.json
[GENERATOR] Starting call test_eval_1576...
[GENERATOR] Call test_eval_1553 completed in 28.75s
[LOG] generator call logged to generator_test_eval_1553_20260222_073738_606.json
[GENERATOR] Starting call test_eval_1577...
[GENERATOR] Call test_eval_1558 completed in 19.72s
[LOG] generator call logged to generator_test_eval_1558_20260222_073739_144.json
[GENERATOR] Starting call test_eval_1578...
[GENERATOR] Call test_eval_1557 completed in 23.57s
[LOG] generator call logged to generator_test_eval_1557_20260222_073739_454.json
[GENERATOR] Starting call test_eval_1579...
[GENERATOR] Call test_eval_1560 completed in 19.11s
[LOG] generator call logged to generator_test_eval_1560_20260222_073741_871.json
[GENERATOR] Starting call test_eval_1580...
[GENERATOR] Call test_eval_1554 completed in 32.05s
[LOG] generator call logged to generator_test_eval_1554_20260222_073742_233.json
[GENERATOR] Starting call test_eval_1581...
[GENERATOR] Call test_eval_1565 completed in 17.30s
[LOG] generator call logged to generator_test_eval_1565_20260222_073744_677.json
[GENERATOR] Starting call test_eval_1582...
[GENERATOR] Call test_eval_1564 completed in 18.42s
[LOG] generator call logged to generator_test_eval_1564_20260222_073745_799.json
[GENERATOR] Starting call test_eval_1583...
[GENERATOR] Call test_eval_1559 completed in 26.61s
[LOG] generator call logged to generator_test_eval_1559_20260222_073746_929.json
[GENERATOR] Starting call test_eval_1584...
[GENERATOR] Call test_eval_1566 completed in 20.98s
[LOG] generator call logged to generator_test_eval_1566_20260222_073748_724.json
[GENERATOR] Starting call test_eval_1585...
[GENERATOR] Call test_eval_1567 completed in 20.37s
[LOG] generator call logged to generator_test_eval_1567_20260222_073749_483.json
[GENERATOR] Starting call test_eval_1586...
[GENERATOR] Call test_eval_1561 completed in 28.41s
[LOG] generator call logged to generator_test_eval_1561_20260222_073751_791.json
[GENERATOR] Starting call test_eval_1587...
[GENERATOR] Call test_eval_1569 completed in 22.22s
[LOG] generator call logged to generator_test_eval_1569_20260222_073752_665.json
[GENERATOR] Starting call test_eval_1588...
[GENERATOR] Call test_eval_1570 completed in 21.87s
[LOG] generator call logged to generator_test_eval_1570_20260222_073754_815.json
[GENERATOR] Starting call test_eval_1589...
[GENERATOR] Call test_eval_1573 completed in 19.99s
[LOG] generator call logged to generator_test_eval_1573_20260222_073755_457.json
[GENERATOR] Starting call test_eval_1590...
[GENERATOR] Call test_eval_1568 completed in 26.83s
[LOG] generator call logged to generator_test_eval_1568_20260222_073756_960.json
[GENERATOR] Starting call test_eval_1591...
[GENERATOR] Call test_eval_1571 completed in 24.73s
[LOG] generator call logged to generator_test_eval_1571_20260222_073757_681.json
[GENERATOR] Starting call test_eval_1592...
[GENERATOR] Call test_eval_1575 completed in 24.42s
[LOG] generator call logged to generator_test_eval_1575_20260222_073759_894.json
[GENERATOR] Starting call test_eval_1593...
[GENERATOR] Call test_eval_1572 completed in 26.80s
[LOG] generator call logged to generator_test_eval_1572_20260222_073800_116.json
[GENERATOR] Starting call test_eval_1594...
[GENERATOR] Call test_eval_1578 completed in 21.27s
[LOG] generator call logged to generator_test_eval_1578_20260222_073800_415.json
[GENERATOR] Starting call test_eval_1595...
[GENERATOR] Call test_eval_1579 completed in 23.88s
[LOG] generator call logged to generator_test_eval_1579_20260222_073803_334.json
[GENERATOR] Starting call test_eval_1596...
[GENERATOR] Call test_eval_1576 completed in 25.17s
[LOG] generator call logged to generator_test_eval_1576_20260222_073803_603.json
[GENERATOR] Starting call test_eval_1597...
[GENERATOR] Call test_eval_1580 completed in 21.86s
[LOG] generator call logged to generator_test_eval_1580_20260222_073803_730.json
[GENERATOR] Starting call test_eval_1598...
[GENERATOR] Call test_eval_1582 completed in 21.81s
[LOG] generator call logged to generator_test_eval_1582_20260222_073806_485.json
[GENERATOR] Starting call test_eval_1599...
[GENERATOR] Call test_eval_1574 completed in 31.43s
[LOG] generator call logged to generator_test_eval_1574_20260222_073806_900.json
[GENERATOR] Starting call test_eval_1600...
[GENERATOR] Call test_eval_1586 completed in 17.57s
[LOG] generator call logged to generator_test_eval_1586_20260222_073807_050.json
[GENERATOR] Starting call test_eval_1601...
[GENERATOR] Call test_eval_1577 completed in 28.64s
[LOG] generator call logged to generator_test_eval_1577_20260222_073807_249.json
[GENERATOR] Starting call test_eval_1602...
[GENERATOR] Call test_eval_1581 completed in 27.79s
[LOG] generator call logged to generator_test_eval_1581_20260222_073810_023.json
[GENERATOR] Starting call test_eval_1603...
[GENERATOR] Call test_eval_1597 completed in 6.52s
[LOG] generator call logged to generator_test_eval_1597_20260222_073810_126.json
[GENERATOR] Starting call test_eval_1604...
[GENERATOR] Call test_eval_1583 completed in 24.36s
[LOG] generator call logged to generator_test_eval_1583_20260222_073810_156.json
[GENERATOR] Starting call test_eval_1605...
[GENERATOR] Call test_eval_1589 completed in 15.88s
[LOG] generator call logged to generator_test_eval_1589_20260222_073810_693.json
[GENERATOR] Starting call test_eval_1606...
[GENERATOR] Call test_eval_1598 completed in 9.16s
[LOG] generator call logged to generator_test_eval_1598_20260222_073812_895.json
[GENERATOR] Starting call test_eval_1607...
[GENERATOR] Call test_eval_1584 completed in 26.52s
[LOG] generator call logged to generator_test_eval_1584_20260222_073813_448.json
[GENERATOR] Starting call test_eval_1608...
[GENERATOR] Call test_eval_1600 completed in 6.73s
[LOG] generator call logged to generator_test_eval_1600_20260222_073813_636.json
[GENERATOR] Starting call test_eval_1609...
[GENERATOR] Call test_eval_1585 completed in 25.75s
[LOG] generator call logged to generator_test_eval_1585_20260222_073814_472.json
[GENERATOR] Starting call test_eval_1610...
[GENERATOR] Call test_eval_1608 completed in 1.63s
[LOG] generator call logged to generator_test_eval_1608_20260222_073815_083.json
[GENERATOR] Starting call test_eval_1611...
[GENERATOR] Call test_eval_1602 completed in 8.54s
[LOG] generator call logged to generator_test_eval_1602_20260222_073815_787.json
[GENERATOR] Starting call test_eval_1612...
[GENERATOR] Call test_eval_1587 completed in 24.58s
[LOG] generator call logged to generator_test_eval_1587_20260222_073816_372.json
[GENERATOR] Starting call test_eval_1613...
[GENERATOR] Call test_eval_1603 completed in 6.49s
[LOG] generator call logged to generator_test_eval_1603_20260222_073816_517.json
[GENERATOR] Starting call test_eval_1614...
[GENERATOR] Call test_eval_1612 completed in 1.45s
[LOG] generator call logged to generator_test_eval_1612_20260222_073817_240.json
[GENERATOR] Starting call test_eval_1615...
[GENERATOR] Call test_eval_1588 completed in 25.63s
[LOG] generator call logged to generator_test_eval_1588_20260222_073818_294.json
[GENERATOR] Starting call test_eval_1616...
[GENERATOR] Call test_eval_1604 completed in 9.26s
[LOG] generator call logged to generator_test_eval_1604_20260222_073819_391.json
[GENERATOR] Starting call test_eval_1617...
[GENERATOR] Call test_eval_1605 completed in 9.36s
[LOG] generator call logged to generator_test_eval_1605_20260222_073819_523.json
[GENERATOR] Starting call test_eval_1618...
[GENERATOR] Call test_eval_1590 completed in 25.06s
[LOG] generator call logged to generator_test_eval_1590_20260222_073820_514.json
[GENERATOR] Starting call test_eval_1619...
Progress: 1600/1805, Accuracy: 0.325
[GENERATOR] Call test_eval_1591 completed in 24.37s
[LOG] generator call logged to generator_test_eval_1591_20260222_073821_337.json
[GENERATOR] Starting call test_eval_1620...
[GENERATOR] Call test_eval_1619 completed in 1.38s
[LOG] generator call logged to generator_test_eval_1619_20260222_073821_890.json
[GENERATOR] Starting call test_eval_1621...
[GENERATOR] Call test_eval_1609 completed in 8.64s
[GENERATOR] Call test_eval_1613 completed in 5.91s
[LOG] generator call logged to generator_test_eval_1609_20260222_073822_281.json
[GENERATOR] Starting call test_eval_1622...
[LOG] generator call logged to generator_test_eval_1613_20260222_073822_284.json
[GENERATOR] Starting call test_eval_1623...
[GENERATOR] Call test_eval_1592 completed in 25.38s
[LOG] generator call logged to generator_test_eval_1592_20260222_073823_061.json
[GENERATOR] Starting call test_eval_1624...
[GENERATOR] Call test_eval_1620 completed in 2.01s
[LOG] generator call logged to generator_test_eval_1620_20260222_073823_354.json
[GENERATOR] Starting call test_eval_1625...
[GENERATOR] Call test_eval_1623 completed in 1.40s
[LOG] generator call logged to generator_test_eval_1623_20260222_073823_689.json
[GENERATOR] Starting call test_eval_1626...
[GENERATOR] Call test_eval_1593 completed in 24.31s
[LOG] generator call logged to generator_test_eval_1593_20260222_073824_203.json
[GENERATOR] Starting call test_eval_1627...
[GENERATOR] Call test_eval_1622 completed in 1.93s
[LOG] generator call logged to generator_test_eval_1622_20260222_073824_211.json
[GENERATOR] Starting call test_eval_1628...
[GENERATOR] Call test_eval_1614 completed in 8.92s
[LOG] generator call logged to generator_test_eval_1614_20260222_073825_438.json
[GENERATOR] Starting call test_eval_1629...
[GENERATOR] Call test_eval_1594 completed in 26.44s
[LOG] generator call logged to generator_test_eval_1594_20260222_073826_555.json
[GENERATOR] Starting call test_eval_1630...
[GENERATOR] Call test_eval_1626 completed in 4.40s
[LOG] generator call logged to generator_test_eval_1626_20260222_073828_094.json
[GENERATOR] Starting call test_eval_1631...
[GENERATOR] Call test_eval_1595 completed in 27.88s
[LOG] generator call logged to generator_test_eval_1595_20260222_073828_292.json
[GENERATOR] Starting call test_eval_1632...
[GENERATOR] Call test_eval_1596 completed in 26.40s
[LOG] generator call logged to generator_test_eval_1596_20260222_073829_730.json
[GENERATOR] Starting call test_eval_1633...
[GENERATOR] Call test_eval_1628 completed in 7.46s
[LOG] generator call logged to generator_test_eval_1628_20260222_073831_676.json
[GENERATOR] Starting call test_eval_1634...
[GENERATOR] Call test_eval_1599 completed in 25.20s
[LOG] generator call logged to generator_test_eval_1599_20260222_073831_684.json
[GENERATOR] Starting call test_eval_1635...
[GENERATOR] Call test_eval_1601 completed in 25.45s
[LOG] generator call logged to generator_test_eval_1601_20260222_073832_500.json
[GENERATOR] Starting call test_eval_1636...
[GENERATOR] Call test_eval_1607 completed in 22.65s
[LOG] generator call logged to generator_test_eval_1607_20260222_073835_542.json
[GENERATOR] Starting call test_eval_1637...
[GENERATOR] Call test_eval_1606 completed in 24.94s
[LOG] generator call logged to generator_test_eval_1606_20260222_073835_636.json
[GENERATOR] Starting call test_eval_1638...
[GENERATOR] Call test_eval_1631 completed in 8.81s
[LOG] generator call logged to generator_test_eval_1631_20260222_073836_902.json
[GENERATOR] Starting call test_eval_1639...
[GENERATOR] Call test_eval_1611 completed in 23.15s
[LOG] generator call logged to generator_test_eval_1611_20260222_073838_237.json
[GENERATOR] Starting call test_eval_1640...
[GENERATOR] Call test_eval_1610 completed in 25.73s
[LOG] generator call logged to generator_test_eval_1610_20260222_073840_201.json
[GENERATOR] Starting call test_eval_1641...
[GENERATOR] Call test_eval_1636 completed in 7.72s
[LOG] generator call logged to generator_test_eval_1636_20260222_073840_220.json
[GENERATOR] Starting call test_eval_1642...
[GENERATOR] Call test_eval_1615 completed in 23.78s
[LOG] generator call logged to generator_test_eval_1615_20260222_073841_022.json
[GENERATOR] Starting call test_eval_1643...
[GENERATOR] Call test_eval_1642 completed in 1.29s
[LOG] generator call logged to generator_test_eval_1642_20260222_073841_516.json
[GENERATOR] Starting call test_eval_1644...
[GENERATOR] Call test_eval_1616 completed in 24.79s
[LOG] generator call logged to generator_test_eval_1616_20260222_073843_088.json
[GENERATOR] Starting call test_eval_1645...
[GENERATOR] Call test_eval_1617 completed in 24.60s
[LOG] generator call logged to generator_test_eval_1617_20260222_073843_993.json
[GENERATOR] Starting call test_eval_1646...
[GENERATOR] Call test_eval_1618 completed in 26.96s
[LOG] generator call logged to generator_test_eval_1618_20260222_073846_483.json
[GENERATOR] Starting call test_eval_1647...
[GENERATOR] Call test_eval_1621 completed in 25.43s
[LOG] generator call logged to generator_test_eval_1621_20260222_073847_326.json
[GENERATOR] Starting call test_eval_1648...
[GENERATOR] Call test_eval_1646 completed in 3.95s
[LOG] generator call logged to generator_test_eval_1646_20260222_073847_942.json
[GENERATOR] Starting call test_eval_1649...
[GENERATOR] Call test_eval_1624 completed in 27.15s
[LOG] generator call logged to generator_test_eval_1624_20260222_073850_212.json
[GENERATOR] Starting call test_eval_1650...
[GENERATOR] Call test_eval_1625 completed in 27.98s
[LOG] generator call logged to generator_test_eval_1625_20260222_073851_341.json
[GENERATOR] Starting call test_eval_1651...
[GENERATOR] Call test_eval_1647 completed in 6.19s
[LOG] generator call logged to generator_test_eval_1647_20260222_073852_672.json
[GENERATOR] Starting call test_eval_1652...
[GENERATOR] Call test_eval_1648 completed in 5.96s
[LOG] generator call logged to generator_test_eval_1648_20260222_073853_286.json
[GENERATOR] Starting call test_eval_1653...
[GENERATOR] Call test_eval_1627 completed in 29.17s
[LOG] generator call logged to generator_test_eval_1627_20260222_073853_377.json
[GENERATOR] Starting call test_eval_1654...
[GENERATOR] Call test_eval_1629 completed in 28.63s
[LOG] generator call logged to generator_test_eval_1629_20260222_073854_073.json
[GENERATOR] Starting call test_eval_1655...
[GENERATOR] Call test_eval_1653 completed in 1.43s
[LOG] generator call logged to generator_test_eval_1653_20260222_073854_719.json
[GENERATOR] Starting call test_eval_1656...
[GENERATOR] Call test_eval_1650 completed in 5.67s
[LOG] generator call logged to generator_test_eval_1650_20260222_073855_880.json
[GENERATOR] Starting call test_eval_1657...
[GENERATOR] Call test_eval_1651 completed in 5.03s
[LOG] generator call logged to generator_test_eval_1651_20260222_073856_368.json
[GENERATOR] Starting call test_eval_1658...
[GENERATOR] Call test_eval_1630 completed in 29.86s
[LOG] generator call logged to generator_test_eval_1630_20260222_073856_418.json
[GENERATOR] Starting call test_eval_1659...
[GENERATOR] Call test_eval_1657 completed in 3.04s
[LOG] generator call logged to generator_test_eval_1657_20260222_073858_916.json
[GENERATOR] Starting call test_eval_1660...
[GENERATOR] Call test_eval_1632 completed in 31.03s
[LOG] generator call logged to generator_test_eval_1632_20260222_073859_327.json
[GENERATOR] Starting call test_eval_1661...
[GENERATOR] Call test_eval_1633 completed in 29.76s
[LOG] generator call logged to generator_test_eval_1633_20260222_073859_495.json
[GENERATOR] Starting call test_eval_1662...
[GENERATOR] Call test_eval_1652 completed in 7.35s
[LOG] generator call logged to generator_test_eval_1652_20260222_073900_027.json
[GENERATOR] Starting call test_eval_1663...
[GENERATOR] Call test_eval_1658 completed in 5.48s
[LOG] generator call logged to generator_test_eval_1658_20260222_073901_848.json
[GENERATOR] Starting call test_eval_1664...
[GENERATOR] Call test_eval_1634 completed in 30.62s
[LOG] generator call logged to generator_test_eval_1634_20260222_073902_297.json
[GENERATOR] Starting call test_eval_1665...
[GENERATOR] Call test_eval_1635 completed in 31.13s
[LOG] generator call logged to generator_test_eval_1635_20260222_073902_809.json
[GENERATOR] Starting call test_eval_1666...
[GENERATOR] Call test_eval_1661 completed in 3.55s
[LOG] generator call logged to generator_test_eval_1661_20260222_073902_882.json
[GENERATOR] Starting call test_eval_1667...
[GENERATOR] Call test_eval_1662 completed in 6.18s
[LOG] generator call logged to generator_test_eval_1662_20260222_073905_677.json
[GENERATOR] Starting call test_eval_1668...
[GENERATOR] Call test_eval_1638 completed in 30.05s
[LOG] generator call logged to generator_test_eval_1638_20260222_073905_689.json
[GENERATOR] Starting call test_eval_1669...
Progress: 1650/1805, Accuracy: 0.329
[GENERATOR] Call test_eval_1637 completed in 30.40s
[LOG] generator call logged to generator_test_eval_1637_20260222_073905_941.json
[GENERATOR] Starting call test_eval_1670...
[GENERATOR] Call test_eval_1639 completed in 31.64s
[LOG] generator call logged to generator_test_eval_1639_20260222_073908_544.json
[GENERATOR] Starting call test_eval_1671...
[GENERATOR] Call test_eval_1665 completed in 6.67s
[LOG] generator call logged to generator_test_eval_1665_20260222_073908_965.json
[GENERATOR] Starting call test_eval_1672...
[GENERATOR] Call test_eval_1640 completed in 30.87s
[LOG] generator call logged to generator_test_eval_1640_20260222_073909_107.json
[GENERATOR] Starting call test_eval_1673...
[GENERATOR] Call test_eval_1660 completed in 12.53s
[LOG] generator call logged to generator_test_eval_1660_20260222_073911_444.json
[GENERATOR] Starting call test_eval_1674...
[GENERATOR] Call test_eval_1641 completed in 31.38s
[LOG] generator call logged to generator_test_eval_1641_20260222_073911_581.json
[GENERATOR] Starting call test_eval_1675...
[GENERATOR] Call test_eval_1671 completed in 4.09s
[LOG] generator call logged to generator_test_eval_1671_20260222_073912_639.json
[GENERATOR] Starting call test_eval_1676...
[GENERATOR] Call test_eval_1643 completed in 32.23s
[LOG] generator call logged to generator_test_eval_1643_20260222_073913_255.json
[GENERATOR] Starting call test_eval_1677...
[GENERATOR] Call test_eval_1666 completed in 11.28s
[LOG] generator call logged to generator_test_eval_1666_20260222_073914_092.json
[GENERATOR] Starting call test_eval_1678...
[GENERATOR] Call test_eval_1644 completed in 33.77s
[LOG] generator call logged to generator_test_eval_1644_20260222_073915_291.json
[GENERATOR] Starting call test_eval_1679...
[GENERATOR] Call test_eval_1667 completed in 12.97s
[LOG] generator call logged to generator_test_eval_1667_20260222_073915_854.json
[GENERATOR] Starting call test_eval_1680...
[GENERATOR] Call test_eval_1645 completed in 32.99s
[LOG] generator call logged to generator_test_eval_1645_20260222_073916_082.json
[GENERATOR] Starting call test_eval_1681...
[GENERATOR] Call test_eval_1668 completed in 11.75s
[LOG] generator call logged to generator_test_eval_1668_20260222_073917_427.json
[GENERATOR] Starting call test_eval_1682...
[GENERATOR] Call test_eval_1649 completed in 30.06s
[LOG] generator call logged to generator_test_eval_1649_20260222_073918_002.json
[GENERATOR] Starting call test_eval_1683...
[GENERATOR] Call test_eval_1670 completed in 13.26s
[LOG] generator call logged to generator_test_eval_1670_20260222_073919_206.json
[GENERATOR] Starting call test_eval_1684...
[GENERATOR] Call test_eval_1654 completed in 26.22s
[LOG] generator call logged to generator_test_eval_1654_20260222_073919_602.json
[GENERATOR] Starting call test_eval_1685...
[GENERATOR] Call test_eval_1683 completed in 1.63s
[LOG] generator call logged to generator_test_eval_1683_20260222_073919_634.json
[GENERATOR] Starting call test_eval_1686...
[GENERATOR] Call test_eval_1673 completed in 11.32s
[LOG] generator call logged to generator_test_eval_1673_20260222_073920_424.json
[GENERATOR] Starting call test_eval_1687...
[GENERATOR] Call test_eval_1655 completed in 27.66s
[LOG] generator call logged to generator_test_eval_1655_20260222_073921_739.json
[GENERATOR] Starting call test_eval_1688...
[GENERATOR] Call test_eval_1675 completed in 10.78s
[LOG] generator call logged to generator_test_eval_1675_20260222_073922_368.json
[GENERATOR] Starting call test_eval_1689...
[GENERATOR] Call test_eval_1656 completed in 29.20s
[LOG] generator call logged to generator_test_eval_1656_20260222_073923_921.json
[GENERATOR] Starting call test_eval_1690...
[GENERATOR] Call test_eval_1659 completed in 27.56s
[LOG] generator call logged to generator_test_eval_1659_20260222_073923_976.json
[GENERATOR] Starting call test_eval_1691...
[GENERATOR] Call test_eval_1678 completed in 11.14s
[LOG] generator call logged to generator_test_eval_1678_20260222_073925_231.json
[GENERATOR] Starting call test_eval_1692...
[GENERATOR] Call test_eval_1684 completed in 7.92s
[LOG] generator call logged to generator_test_eval_1684_20260222_073927_129.json
[GENERATOR] Starting call test_eval_1693...
[GENERATOR] Call test_eval_1664 completed in 25.40s
[LOG] generator call logged to generator_test_eval_1664_20260222_073927_248.json
[GENERATOR] Starting call test_eval_1694...
[GENERATOR] Call test_eval_1663 completed in 28.28s
[LOG] generator call logged to generator_test_eval_1663_20260222_073928_304.json
[GENERATOR] Starting call test_eval_1695...
[GENERATOR] Call test_eval_1685 completed in 9.21s
[LOG] generator call logged to generator_test_eval_1685_20260222_073928_819.json
[GENERATOR] Starting call test_eval_1696...
[GENERATOR] Call test_eval_1677 completed in 15.61s
[LOG] generator call logged to generator_test_eval_1677_20260222_073928_873.json
[GENERATOR] Starting call test_eval_1697...
[GENERATOR] Call test_eval_1681 completed in 13.01s
[LOG] generator call logged to generator_test_eval_1681_20260222_073929_097.json
[GENERATOR] Starting call test_eval_1698...
[GENERATOR] Call test_eval_1669 completed in 24.56s
[LOG] generator call logged to generator_test_eval_1669_20260222_073930_249.json
[GENERATOR] Starting call test_eval_1699...
[GENERATOR] Call test_eval_1672 completed in 22.19s
[LOG] generator call logged to generator_test_eval_1672_20260222_073931_159.json
[GENERATOR] Starting call test_eval_1700...
[GENERATOR] Call test_eval_1689 completed in 10.14s
[LOG] generator call logged to generator_test_eval_1689_20260222_073932_505.json
[GENERATOR] Starting call test_eval_1701...
[GENERATOR] Call test_eval_1674 completed in 21.87s
[LOG] generator call logged to generator_test_eval_1674_20260222_073933_318.json
[GENERATOR] Starting call test_eval_1702...
[GENERATOR] Call test_eval_1686 completed in 15.84s
[LOG] generator call logged to generator_test_eval_1686_20260222_073935_475.json
[GENERATOR] Starting call test_eval_1703...
[GENERATOR] Call test_eval_1676 completed in 26.89s
[LOG] generator call logged to generator_test_eval_1676_20260222_073939_532.json
[GENERATOR] Starting call test_eval_1704...
[GENERATOR] Call test_eval_1679 completed in 24.59s
[LOG] generator call logged to generator_test_eval_1679_20260222_073939_880.json
[GENERATOR] Starting call test_eval_1705...
[GENERATOR] Call test_eval_1690 completed in 16.77s
[LOG] generator call logged to generator_test_eval_1690_20260222_073940_698.json
[GENERATOR] Starting call test_eval_1706...
[GENERATOR] Call test_eval_1691 completed in 18.42s
[LOG] generator call logged to generator_test_eval_1691_20260222_073942_401.json
[GENERATOR] Starting call test_eval_1707...
[GENERATOR] Call test_eval_1693 completed in 18.79s
[LOG] generator call logged to generator_test_eval_1693_20260222_073945_920.json
[GENERATOR] Starting call test_eval_1708...
[GENERATOR] Call test_eval_1680 completed in 30.77s
[LOG] generator call logged to generator_test_eval_1680_20260222_073946_628.json
[GENERATOR] Starting call test_eval_1709...
[GENERATOR] Call test_eval_1696 completed in 20.99s
[LOG] generator call logged to generator_test_eval_1696_20260222_073949_811.json
[GENERATOR] Starting call test_eval_1710...
[GENERATOR] Call test_eval_1682 completed in 34.94s
[LOG] generator call logged to generator_test_eval_1682_20260222_073952_368.json
[GENERATOR] Starting call test_eval_1711...
[GENERATOR] Call test_eval_1699 completed in 22.74s
[LOG] generator call logged to generator_test_eval_1699_20260222_073952_985.json
[GENERATOR] Starting call test_eval_1712...
[GENERATOR] Call test_eval_1687 completed in 34.20s
[LOG] generator call logged to generator_test_eval_1687_20260222_073954_622.json
[GENERATOR] Starting call test_eval_1713...
[GENERATOR] Call test_eval_1701 completed in 22.24s
[LOG] generator call logged to generator_test_eval_1701_20260222_073954_749.json
[GENERATOR] Starting call test_eval_1714...
[GENERATOR] Call test_eval_1688 completed in 33.39s
[LOG] generator call logged to generator_test_eval_1688_20260222_073955_136.json
[GENERATOR] Starting call test_eval_1715...
[GENERATOR] Call test_eval_1703 completed in 20.73s
[LOG] generator call logged to generator_test_eval_1703_20260222_073956_207.json
[GENERATOR] Starting call test_eval_1716...
[GENERATOR] Call test_eval_1707 completed in 15.40s
[LOG] generator call logged to generator_test_eval_1707_20260222_073957_798.json
[GENERATOR] Starting call test_eval_1717...
[GENERATOR] Call test_eval_1694 completed in 31.05s
[LOG] generator call logged to generator_test_eval_1694_20260222_073958_300.json
[GENERATOR] Starting call test_eval_1718...
[GENERATOR] Call test_eval_1692 completed in 33.61s
[LOG] generator call logged to generator_test_eval_1692_20260222_073958_845.json
[GENERATOR] Starting call test_eval_1719...
Progress: 1700/1805, Accuracy: 0.331
[GENERATOR] Call test_eval_1708 completed in 13.59s
[LOG] generator call logged to generator_test_eval_1708_20260222_073959_516.json
[GENERATOR] Starting call test_eval_1720...
[GENERATOR] Call test_eval_1697 completed in 34.56s
[LOG] generator call logged to generator_test_eval_1697_20260222_074003_440.json
[GENERATOR] Starting call test_eval_1721...
[GENERATOR] Call test_eval_1709 completed in 17.10s
[LOG] generator call logged to generator_test_eval_1709_20260222_074003_737.json
[GENERATOR] Starting call test_eval_1722...
[GENERATOR] Call test_eval_1698 completed in 38.26s
[LOG] generator call logged to generator_test_eval_1698_20260222_074007_359.json
[GENERATOR] Starting call test_eval_1723...
[GENERATOR] Call test_eval_1710 completed in 17.78s
[LOG] generator call logged to generator_test_eval_1710_20260222_074007_591.json
[GENERATOR] Starting call test_eval_1724...
[GENERATOR] Call test_eval_1695 completed in 39.73s
[LOG] generator call logged to generator_test_eval_1695_20260222_074008_040.json
[GENERATOR] Starting call test_eval_1725...
[GENERATOR] Call test_eval_1715 completed in 13.61s
[LOG] generator call logged to generator_test_eval_1715_20260222_074008_752.json
[GENERATOR] Starting call test_eval_1726...
[GENERATOR] Call test_eval_1718 completed in 12.59s
[LOG] generator call logged to generator_test_eval_1718_20260222_074010_887.json
[GENERATOR] Starting call test_eval_1727...
[GENERATOR] Call test_eval_1719 completed in 13.29s
[LOG] generator call logged to generator_test_eval_1719_20260222_074012_135.json
[GENERATOR] Starting call test_eval_1728...
[GENERATOR] Call test_eval_1700 completed in 41.02s
[LOG] generator call logged to generator_test_eval_1700_20260222_074012_182.json
[GENERATOR] Starting call test_eval_1729...
[GENERATOR] Call test_eval_1702 completed in 41.37s
[LOG] generator call logged to generator_test_eval_1702_20260222_074014_693.json
[GENERATOR] Starting call test_eval_1730...
[GENERATOR] Call test_eval_1704 completed in 36.17s
[LOG] generator call logged to generator_test_eval_1704_20260222_074015_709.json
[GENERATOR] Starting call test_eval_1731...
[GENERATOR] Call test_eval_1721 completed in 12.41s
[LOG] generator call logged to generator_test_eval_1721_20260222_074015_853.json
[GENERATOR] Starting call test_eval_1732...
[GENERATOR] Call test_eval_1705 completed in 37.58s
[LOG] generator call logged to generator_test_eval_1705_20260222_074017_459.json
[GENERATOR] Starting call test_eval_1733...
[GENERATOR] Call test_eval_1720 completed in 18.12s
[LOG] generator call logged to generator_test_eval_1720_20260222_074017_640.json
[GENERATOR] Starting call test_eval_1734...
[GENERATOR] Call test_eval_1706 completed in 38.15s
[LOG] generator call logged to generator_test_eval_1706_20260222_074018_846.json
[GENERATOR] Starting call test_eval_1735...
[GENERATOR] Call test_eval_1711 completed in 27.96s
[LOG] generator call logged to generator_test_eval_1711_20260222_074020_326.json
[GENERATOR] Starting call test_eval_1736...
[GENERATOR] Call test_eval_1722 completed in 16.79s
[LOG] generator call logged to generator_test_eval_1722_20260222_074020_525.json
[GENERATOR] Starting call test_eval_1737...
[GENERATOR] Call test_eval_1712 completed in 28.46s
[LOG] generator call logged to generator_test_eval_1712_20260222_074021_453.json
[GENERATOR] Starting call test_eval_1738...
[GENERATOR] Call test_eval_1723 completed in 15.22s
[LOG] generator call logged to generator_test_eval_1723_20260222_074022_579.json
[GENERATOR] Starting call test_eval_1739...
[GENERATOR] Call test_eval_1713 completed in 28.47s
[LOG] generator call logged to generator_test_eval_1713_20260222_074023_091.json
[GENERATOR] Starting call test_eval_1740...
[GENERATOR] Call test_eval_1714 completed in 29.47s
[LOG] generator call logged to generator_test_eval_1714_20260222_074024_218.json
[GENERATOR] Starting call test_eval_1741...
[GENERATOR] Call test_eval_1725 completed in 16.48s
[LOG] generator call logged to generator_test_eval_1725_20260222_074024_525.json
[GENERATOR] Starting call test_eval_1742...
[GENERATOR] Call test_eval_1726 completed in 16.56s
[LOG] generator call logged to generator_test_eval_1726_20260222_074025_314.json
[GENERATOR] Starting call test_eval_1743...
[GENERATOR] Call test_eval_1716 completed in 29.71s
[LOG] generator call logged to generator_test_eval_1716_20260222_074025_921.json
[GENERATOR] Starting call test_eval_1744...
[GENERATOR] Call test_eval_1728 completed in 15.66s
[LOG] generator call logged to generator_test_eval_1728_20260222_074027_798.json
[GENERATOR] Starting call test_eval_1745...
[GENERATOR] Call test_eval_1730 completed in 13.36s
[LOG] generator call logged to generator_test_eval_1730_20260222_074028_049.json
[GENERATOR] Starting call test_eval_1746...
[GENERATOR] Call test_eval_1717 completed in 30.32s
[LOG] generator call logged to generator_test_eval_1717_20260222_074028_123.json
[GENERATOR] Starting call test_eval_1747...
[GENERATOR] Call test_eval_1724 completed in 21.67s
[LOG] generator call logged to generator_test_eval_1724_20260222_074029_264.json
[GENERATOR] Starting call test_eval_1748...
[GENERATOR] Call test_eval_1747 completed in 2.24s
[LOG] generator call logged to generator_test_eval_1747_20260222_074030_361.json
[GENERATOR] Starting call test_eval_1749...
[GENERATOR] Call test_eval_1727 completed in 19.88s
[LOG] generator call logged to generator_test_eval_1727_20260222_074030_766.json
[GENERATOR] Starting call test_eval_1750...
[GENERATOR] Call test_eval_1732 completed in 14.93s
[LOG] generator call logged to generator_test_eval_1732_20260222_074030_789.json
[GENERATOR] Starting call test_eval_1751...
[GENERATOR] Call test_eval_1729 completed in 20.30s
[LOG] generator call logged to generator_test_eval_1729_20260222_074032_484.json
[GENERATOR] Starting call test_eval_1752...
[GENERATOR] Call test_eval_1734 completed in 15.53s
[LOG] generator call logged to generator_test_eval_1734_20260222_074033_168.json
[GENERATOR] Starting call test_eval_1753...
[GENERATOR] Call test_eval_1731 completed in 18.37s
[LOG] generator call logged to generator_test_eval_1731_20260222_074034_084.json
[GENERATOR] Starting call test_eval_1754...
[GENERATOR] Call test_eval_1733 completed in 18.83s
[LOG] generator call logged to generator_test_eval_1733_20260222_074036_294.json
[GENERATOR] Starting call test_eval_1755...
[GENERATOR] Call test_eval_1737 completed in 16.18s
[LOG] generator call logged to generator_test_eval_1737_20260222_074036_711.json
[GENERATOR] Starting call test_eval_1756...
[GENERATOR] Call test_eval_1736 completed in 16.71s
[LOG] generator call logged to generator_test_eval_1736_20260222_074037_041.json
[GENERATOR] Starting call test_eval_1757...
[GENERATOR] Call test_eval_1735 completed in 19.08s
[LOG] generator call logged to generator_test_eval_1735_20260222_074037_925.json
[GENERATOR] Starting call test_eval_1758...
[GENERATOR] Call test_eval_1739 completed in 16.51s
[LOG] generator call logged to generator_test_eval_1739_20260222_074039_088.json
[GENERATOR] Starting call test_eval_1759...
[GENERATOR] Call test_eval_1740 completed in 16.96s
[LOG] generator call logged to generator_test_eval_1740_20260222_074040_049.json
[GENERATOR] Starting call test_eval_1760...
[GENERATOR] Call test_eval_1742 completed in 16.28s
[LOG] generator call logged to generator_test_eval_1742_20260222_074040_806.json
[GENERATOR] Starting call test_eval_1761...
[GENERATOR] Call test_eval_1738 completed in 19.56s
[LOG] generator call logged to generator_test_eval_1738_20260222_074041_017.json
[GENERATOR] Starting call test_eval_1762...
[GENERATOR] Call test_eval_1743 completed in 16.47s
[LOG] generator call logged to generator_test_eval_1743_20260222_074041_788.json
[GENERATOR] Starting call test_eval_1763...
[GENERATOR] Call test_eval_1741 completed in 18.84s
[LOG] generator call logged to generator_test_eval_1741_20260222_074043_056.json
[GENERATOR] Starting call test_eval_1764...
[GENERATOR] Call test_eval_1744 completed in 17.40s
[LOG] generator call logged to generator_test_eval_1744_20260222_074043_318.json
[GENERATOR] Starting call test_eval_1765...
[GENERATOR] Call test_eval_1745 completed in 17.30s
[LOG] generator call logged to generator_test_eval_1745_20260222_074045_098.json
[GENERATOR] Starting call test_eval_1766...
[GENERATOR] Call test_eval_1751 completed in 15.32s
[LOG] generator call logged to generator_test_eval_1751_20260222_074046_109.json
[GENERATOR] Starting call test_eval_1767...
[GENERATOR] Call test_eval_1752 completed in 13.77s
[LOG] generator call logged to generator_test_eval_1752_20260222_074046_259.json
[GENERATOR] Starting call test_eval_1768...
[GENERATOR] Call test_eval_1746 completed in 18.22s
[LOG] generator call logged to generator_test_eval_1746_20260222_074046_275.json
[GENERATOR] Starting call test_eval_1769...
Progress: 1750/1805, Accuracy: 0.330
[GENERATOR] Call test_eval_1756 completed in 12.32s
[LOG] generator call logged to generator_test_eval_1756_20260222_074049_028.json
[GENERATOR] Starting call test_eval_1770...
[GENERATOR] Call test_eval_1748 completed in 21.58s
[LOG] generator call logged to generator_test_eval_1748_20260222_074050_842.json
[GENERATOR] Starting call test_eval_1771...
[GENERATOR] Call test_eval_1753 completed in 18.59s
[LOG] generator call logged to generator_test_eval_1753_20260222_074051_764.json
[GENERATOR] Starting call test_eval_1772...
[GENERATOR] Call test_eval_1759 completed in 13.12s
[LOG] generator call logged to generator_test_eval_1759_20260222_074052_210.json
[GENERATOR] Starting call test_eval_1773...
[GENERATOR] Call test_eval_1763 completed in 13.35s
[GENERATOR] Call test_eval_1761 completed in 14.33s
[LOG] generator call logged to generator_test_eval_1763_20260222_074055_140.json
[GENERATOR] Starting call test_eval_1774...
[LOG] generator call logged to generator_test_eval_1761_20260222_074055_140.json
[GENERATOR] Starting call test_eval_1775...
[GENERATOR] Call test_eval_1749 completed in 25.09s
[LOG] generator call logged to generator_test_eval_1749_20260222_074055_448.json
[GENERATOR] Starting call test_eval_1776...
[GENERATOR] Call test_eval_1750 completed in 26.42s
[LOG] generator call logged to generator_test_eval_1750_20260222_074057_188.json
[GENERATOR] Starting call test_eval_1777...
[GENERATOR] Call test_eval_1767 completed in 12.72s
[GENERATOR] Call test_eval_1754 completed in 24.74s
[LOG] generator call logged to generator_test_eval_1767_20260222_074058_831.json
[GENERATOR] Starting call test_eval_1778...
[LOG] generator call logged to generator_test_eval_1754_20260222_074058_831.json
[GENERATOR] Starting call test_eval_1779...
[GENERATOR] Call test_eval_1755 completed in 23.66s
[LOG] generator call logged to generator_test_eval_1755_20260222_074059_956.json
[GENERATOR] Starting call test_eval_1780...
[GENERATOR] Call test_eval_1766 completed in 15.51s
[LOG] generator call logged to generator_test_eval_1766_20260222_074100_608.json
[GENERATOR] Starting call test_eval_1781...
[GENERATOR] Call test_eval_1769 completed in 15.54s
[LOG] generator call logged to generator_test_eval_1769_20260222_074101_817.json
[GENERATOR] Starting call test_eval_1782...
[GENERATOR] Call test_eval_1758 completed in 24.79s
[LOG] generator call logged to generator_test_eval_1758_20260222_074102_720.json
[GENERATOR] Starting call test_eval_1783...
[GENERATOR] Call test_eval_1771 completed in 12.70s
[LOG] generator call logged to generator_test_eval_1771_20260222_074103_540.json
[GENERATOR] Starting call test_eval_1784...
[GENERATOR] Call test_eval_1757 completed in 26.81s
[LOG] generator call logged to generator_test_eval_1757_20260222_074103_848.json
[GENERATOR] Starting call test_eval_1785...
[GENERATOR] Call test_eval_1760 completed in 25.43s
[LOG] generator call logged to generator_test_eval_1760_20260222_074105_485.json
[GENERATOR] Starting call test_eval_1786...
[GENERATOR] Call test_eval_1773 completed in 13.59s
[LOG] generator call logged to generator_test_eval_1773_20260222_074105_806.json
[GENERATOR] Starting call test_eval_1787...
[GENERATOR] Call test_eval_1776 completed in 11.05s
[LOG] generator call logged to generator_test_eval_1776_20260222_074106_501.json
[GENERATOR] Starting call test_eval_1788...
[GENERATOR] Call test_eval_1762 completed in 25.80s
[LOG] generator call logged to generator_test_eval_1762_20260222_074106_816.json
[GENERATOR] Starting call test_eval_1789...
[GENERATOR] Call test_eval_1764 completed in 25.60s
[LOG] generator call logged to generator_test_eval_1764_20260222_074108_660.json
[GENERATOR] Starting call test_eval_1790...
[GENERATOR] Call test_eval_1765 completed in 26.57s
[LOG] generator call logged to generator_test_eval_1765_20260222_074109_889.json
[GENERATOR] Starting call test_eval_1791...
[GENERATOR] Call test_eval_1780 completed in 9.99s
[LOG] generator call logged to generator_test_eval_1780_20260222_074109_945.json
[GENERATOR] Starting call test_eval_1792...
[GENERATOR] Call test_eval_1768 completed in 25.55s
[LOG] generator call logged to generator_test_eval_1768_20260222_074111_806.json
[GENERATOR] Starting call test_eval_1793...
[GENERATOR] Call test_eval_1781 completed in 12.35s
[LOG] generator call logged to generator_test_eval_1781_20260222_074112_960.json
[GENERATOR] Starting call test_eval_1794...
[GENERATOR] Call test_eval_1770 completed in 24.44s
[LOG] generator call logged to generator_test_eval_1770_20260222_074113_473.json
[GENERATOR] Starting call test_eval_1795...
[GENERATOR] Call test_eval_1772 completed in 22.63s
[LOG] generator call logged to generator_test_eval_1772_20260222_074114_391.json
[GENERATOR] Starting call test_eval_1796...
[GENERATOR] Call test_eval_1778 completed in 15.87s
[LOG] generator call logged to generator_test_eval_1778_20260222_074114_701.json
[GENERATOR] Starting call test_eval_1797...
[GENERATOR] Call test_eval_1782 completed in 13.84s
[LOG] generator call logged to generator_test_eval_1782_20260222_074115_659.json
[GENERATOR] Starting call test_eval_1798...
[GENERATOR] Call test_eval_1774 completed in 21.20s
[LOG] generator call logged to generator_test_eval_1774_20260222_074116_339.json
[GENERATOR] Starting call test_eval_1799...
[GENERATOR] Call test_eval_1775 completed in 22.25s
[LOG] generator call logged to generator_test_eval_1775_20260222_074117_395.json
[GENERATOR] Starting call test_eval_1800...
[GENERATOR] Call test_eval_1784 completed in 14.10s
[LOG] generator call logged to generator_test_eval_1784_20260222_074117_638.json
[GENERATOR] Starting call test_eval_1801...
[GENERATOR] Call test_eval_1787 completed in 12.80s
[LOG] generator call logged to generator_test_eval_1787_20260222_074118_610.json
[GENERATOR] Starting call test_eval_1802...
[GENERATOR] Call test_eval_1801 completed in 1.38s
[LOG] generator call logged to generator_test_eval_1801_20260222_074119_016.json
[GENERATOR] Starting call test_eval_1803...
[GENERATOR] Call test_eval_1777 completed in 23.45s
[LOG] generator call logged to generator_test_eval_1777_20260222_074120_640.json
[GENERATOR] Starting call test_eval_1804...
[GENERATOR] Call test_eval_1788 completed in 14.45s
[LOG] generator call logged to generator_test_eval_1788_20260222_074120_950.json
[GENERATOR] Call test_eval_1779 completed in 23.02s
[LOG] generator call logged to generator_test_eval_1779_20260222_074121_852.json
[GENERATOR] Call test_eval_1789 completed in 15.46s
[LOG] generator call logged to generator_test_eval_1789_20260222_074122_277.json
[GENERATOR] Call test_eval_1783 completed in 21.09s
[LOG] generator call logged to generator_test_eval_1783_20260222_074123_815.json
[GENERATOR] Call test_eval_1791 completed in 14.02s
[LOG] generator call logged to generator_test_eval_1791_20260222_074123_909.json
[GENERATOR] Call test_eval_1785 completed in 21.30s
[LOG] generator call logged to generator_test_eval_1785_20260222_074125_152.json
[GENERATOR] Call test_eval_1792 completed in 15.40s
[LOG] generator call logged to generator_test_eval_1792_20260222_074125_350.json
[GENERATOR] Call test_eval_1786 completed in 21.20s
[LOG] generator call logged to generator_test_eval_1786_20260222_074126_684.json
[GENERATOR] Call test_eval_1797 completed in 12.33s
[LOG] generator call logged to generator_test_eval_1797_20260222_074127_032.json
[GENERATOR] Call test_eval_1790 completed in 19.56s
[LOG] generator call logged to generator_test_eval_1790_20260222_074128_217.json
[GENERATOR] Call test_eval_1798 completed in 13.37s
[LOG] generator call logged to generator_test_eval_1798_20260222_074129_034.json
[GENERATOR] Call test_eval_1793 completed in 17.95s
[LOG] generator call logged to generator_test_eval_1793_20260222_074129_754.json
[GENERATOR] Call test_eval_1799 completed in 13.70s
[LOG] generator call logged to generator_test_eval_1799_20260222_074130_043.json
[GENERATOR] Call test_eval_1794 completed in 18.91s
[LOG] generator call logged to generator_test_eval_1794_20260222_074131_874.json
[GENERATOR] Call test_eval_1795 completed in 18.94s
[LOG] generator call logged to generator_test_eval_1795_20260222_074132_413.json
Progress: 1800/1805, Accuracy: 0.331
[GENERATOR] Call test_eval_1796 completed in 20.79s
[GENERATOR] Call test_eval_1804 completed in 14.54s
[LOG] generator call logged to generator_test_eval_1796_20260222_074135_183.json
[LOG] generator call logged to generator_test_eval_1804_20260222_074135_185.json
[GENERATOR] Call test_eval_1800 completed in 18.50s
[LOG] generator call logged to generator_test_eval_1800_20260222_074135_899.json
[GENERATOR] Call test_eval_1802 completed in 20.25s
[LOG] generator call logged to generator_test_eval_1802_20260222_074138_862.json
[GENERATOR] Call test_eval_1803 completed in 20.16s
[LOG] generator call logged to generator_test_eval_1803_20260222_074139_175.json
  Element selection accuracy: 769/1805 = 0.426
  Operation type accuracy: 1488/1805 = 0.824
  Full match accuracy: 597/1805 = 0.331

📊 Final Accuracy: 0.331 (597/1805)

============================================================
RUN COMPLETE
============================================================
Mode: EVAL ONLY
Test Accuracy: 0.331
Results saved to: results/mind2web_stepaware/cluster10_stepaware10_test/ace_run_20260222_071252_mind2web_cluster10_stepaware10_eval_only
============================================================


Final results: {'test_results': {'accuracy': 0.33074792243767315, 'correct': 597, 'total': 1805, 'no_answer': 0}}

------------------------------------------------------------
 Training: mind2web_cluster15_stepaware10 (k=15)
------------------------------------------------------------

============================================================
ACE SYSTEM - Mind2Web
============================================================
Task: mind2web_cluster15_stepaware10
Mode: OFFLINE
Generator Model: DeepSeek-V3.1
============================================================

Loaded 15 samples from ./eval/mind2web/data/mind2web_train_cluster15_stepaware10.jsonl
Loaded 1080 samples from ./eval/mind2web/data/mind2web_val.jsonl
Loaded 1805 samples from ./eval/mind2web/data/mind2web_test.jsonl
Offline mode: Training on 15 examples, validating on 1080, testing on 1805
Using empty playbook as initial playbook

Using Together API for all models
⏭️  Skipping test evaluation (--skip_initial_test)

   Run eval_only with --initial_playbook_path to test the learned playbook.


============================================================
ACE SYSTEM - OFFLINE MODE
============================================================
Task: mind2web_cluster15_stepaware10
Train samples: 15
Validation samples: 1080
============================================================


============================================================
STARTING OFFLINE TRAINING
============================================================

Total epochs: 1
Train samples per epoch: 15
Val samples: 1080
Curator frequency: every 1 steps
Evaluation frequency: every 15 steps


============================================================
EPOCH 1/1
============================================================

--- Step 1/15 ---
Generating initial answer...
[GENERATOR] Starting call train_e_1_s_1_gen_initial...
[GENERATOR] Call train_e_1_s_1_gen_initial completed in 2.34s
[LOG] generator call logged to generator_train_e_1_s_1_gen_initial_20260222_074145_952.json
Correct: True
[REFLECTOR] Starting call train_e_1_s_1_reflect_on_correct...
[REFLECTOR] Call train_e_1_s_1_reflect_on_correct completed in 2.02s
[LOG] reflector call logged to reflector_train_e_1_s_1_reflect_on_correct_20260222_074147_981.json

--- Running Curator at step 1 ---
[CURATOR] Starting call train_e_1_s_1...
[CURATOR] Call train_e_1_s_1 completed in 1.74s
[LOG] curator call logged to curator_train_e_1_s_1_20260222_074149_719.json
✅ Curator JSON schema validated successfully: 1 operations
  Added bullet sai-00001 to section strategies_and_insights
  - ADD: No reason given
[GENERATOR] Starting call train_e_1_s_1_post_curate...
[GENERATOR] Call train_e_1_s_1_post_curate completed in 1.23s
[LOG] generator call logged to generator_train_e_1_s_1_post_curate_20260222_074150_953.json

--- Step 2/15 ---
Generating initial answer...
[GENERATOR] Starting call train_e_1_s_2_gen_initial...
[GENERATOR] Call train_e_1_s_2_gen_initial completed in 1.72s
[LOG] generator call logged to generator_train_e_1_s_2_gen_initial_20260222_074152_678.json
Correct: False
Reflection round 1/3
[REFLECTOR] Starting call train_e_1_s_2_round_0...
[REFLECTOR] Call train_e_1_s_2_round_0 completed in 2.78s
[LOG] reflector call logged to reflector_train_e_1_s_2_round_0_20260222_074155_458.json
[GENERATOR] Starting call train_e_1_s_2_post_reflect_round_0...
[GENERATOR] Call train_e_1_s_2_post_reflect_round_0 completed in 6.68s
[LOG] generator call logged to generator_train_e_1_s_2_post_reflect_round_0_20260222_074202_143.json
Corrected after reflection round 1!

--- Running Curator at step 2 ---
[CURATOR] Starting call train_e_1_s_2...
[CURATOR] Call train_e_1_s_2 completed in 4.00s
[LOG] curator call logged to curator_train_e_1_s_2_20260222_074206_147.json
✅ Curator JSON schema validated successfully: 3 operations
  Added bullet ctx-00002 to section context_clues_and_indicators
  Added bullet sai-00003 to section strategies_and_insights
  Added bullet err-00004 to section common_mistakes_to_avoid
  - ADD: No reason given
  - ADD: No reason given
  - ADD: No reason given
[GENERATOR] Starting call train_e_1_s_2_post_curate...
[GENERATOR] Call train_e_1_s_2_post_curate completed in 5.97s
[LOG] generator call logged to generator_train_e_1_s_2_post_curate_20260222_074212_120.json

--- Step 3/15 ---
Generating initial answer...
[GENERATOR] Starting call train_e_1_s_3_gen_initial...
[GENERATOR] Call train_e_1_s_3_gen_initial completed in 4.04s
[LOG] generator call logged to generator_train_e_1_s_3_gen_initial_20260222_074216_162.json
Correct: True
[REFLECTOR] Starting call train_e_1_s_3_reflect_on_correct...
[REFLECTOR] Call train_e_1_s_3_reflect_on_correct completed in 1.60s
[LOG] reflector call logged to reflector_train_e_1_s_3_reflect_on_correct_20260222_074217_761.json

--- Running Curator at step 3 ---
[CURATOR] Starting call train_e_1_s_3...
[CURATOR] Call train_e_1_s_3 completed in 5.65s
[LOG] curator call logged to curator_train_e_1_s_3_20260222_074223_412.json
✅ Curator JSON schema validated successfully: 2 operations
  Added bullet sai-00005 to section strategies_and_insights
  Added bullet ctx-00006 to section context_clues_and_indicators
  - ADD: No reason given
  - ADD: No reason given
[GENERATOR] Starting call train_e_1_s_3_post_curate...
[GENERATOR] Call train_e_1_s_3_post_curate completed in 7.05s
[LOG] generator call logged to generator_train_e_1_s_3_post_curate_20260222_074230_464.json

--- Step 4/15 ---
Generating initial answer...
[GENERATOR] Starting call train_e_1_s_4_gen_initial...
[GENERATOR] Call train_e_1_s_4_gen_initial completed in 7.84s
[LOG] generator call logged to generator_train_e_1_s_4_gen_initial_20260222_074238_306.json
Correct: False
Reflection round 1/3
[REFLECTOR] Starting call train_e_1_s_4_round_0...
[REFLECTOR] Call train_e_1_s_4_round_0 completed in 3.02s
[LOG] reflector call logged to reflector_train_e_1_s_4_round_0_20260222_074241_334.json
[GENERATOR] Starting call train_e_1_s_4_post_reflect_round_0...
[GENERATOR] Call train_e_1_s_4_post_reflect_round_0 completed in 8.90s
[LOG] generator call logged to generator_train_e_1_s_4_post_reflect_round_0_20260222_074250_238.json
Reflection round 2/3
[REFLECTOR] Starting call train_e_1_s_4_round_1...
[REFLECTOR] Call train_e_1_s_4_round_1 completed in 1.85s
[LOG] reflector call logged to reflector_train_e_1_s_4_round_1_20260222_074252_086.json
[GENERATOR] Starting call train_e_1_s_4_post_reflect_round_1...
[GENERATOR] Call train_e_1_s_4_post_reflect_round_1 completed in 3.58s
[LOG] generator call logged to generator_train_e_1_s_4_post_reflect_round_1_20260222_074255_668.json
Corrected after reflection round 2!

--- Running Curator at step 4 ---
[CURATOR] Starting call train_e_1_s_4...
[CURATOR] Call train_e_1_s_4 completed in 4.86s
[LOG] curator call logged to curator_train_e_1_s_4_20260222_074300_535.json
✅ Curator JSON schema validated successfully: 2 operations
  Added bullet sai-00007 to section strategies_and_insights
  Added bullet err-00008 to section common_mistakes_to_avoid
  - ADD: No reason given
  - ADD: No reason given
[GENERATOR] Starting call train_e_1_s_4_post_curate...
[GENERATOR] Call train_e_1_s_4_post_curate completed in 9.26s
[LOG] generator call logged to generator_train_e_1_s_4_post_curate_20260222_074309_802.json

--- Step 5/15 ---
Generating initial answer...
[GENERATOR] Starting call train_e_1_s_5_gen_initial...
[GENERATOR] Call train_e_1_s_5_gen_initial completed in 6.14s
[LOG] generator call logged to generator_train_e_1_s_5_gen_initial_20260222_074315_946.json
Correct: False
Reflection round 1/3
[REFLECTOR] Starting call train_e_1_s_5_round_0...
[REFLECTOR] Call train_e_1_s_5_round_0 completed in 6.13s
[LOG] reflector call logged to reflector_train_e_1_s_5_round_0_20260222_074322_075.json
[GENERATOR] Starting call train_e_1_s_5_post_reflect_round_0...
[GENERATOR] Call train_e_1_s_5_post_reflect_round_0 completed in 5.23s
[LOG] generator call logged to generator_train_e_1_s_5_post_reflect_round_0_20260222_074327_310.json
Corrected after reflection round 1!

--- Running Curator at step 5 ---
[CURATOR] Starting call train_e_1_s_5...
[CURATOR] Call train_e_1_s_5 completed in 9.13s
[LOG] curator call logged to curator_train_e_1_s_5_20260222_074336_443.json
✅ Curator JSON schema validated successfully: 2 operations
  Added bullet sai-00009 to section strategies_and_insights
  Added bullet err-00010 to section common_mistakes_to_avoid
  - ADD: No reason given
  - ADD: No reason given
[GENERATOR] Starting call train_e_1_s_5_post_curate...
[GENERATOR] Call train_e_1_s_5_post_curate completed in 3.56s
[LOG] generator call logged to generator_train_e_1_s_5_post_curate_20260222_074340_008.json

--- Step 6/15 ---
Generating initial answer...
[GENERATOR] Starting call train_e_1_s_6_gen_initial...
[GENERATOR] Call train_e_1_s_6_gen_initial completed in 13.47s
[LOG] generator call logged to generator_train_e_1_s_6_gen_initial_20260222_074353_481.json
Correct: False
Reflection round 1/3
[REFLECTOR] Starting call train_e_1_s_6_round_0...
[REFLECTOR] Call train_e_1_s_6_round_0 completed in 3.31s
[LOG] reflector call logged to reflector_train_e_1_s_6_round_0_20260222_074356_798.json
[GENERATOR] Starting call train_e_1_s_6_post_reflect_round_0...
[GENERATOR] Call train_e_1_s_6_post_reflect_round_0 completed in 3.18s
[LOG] generator call logged to generator_train_e_1_s_6_post_reflect_round_0_20260222_074359_975.json
Corrected after reflection round 1!

--- Running Curator at step 6 ---
[CURATOR] Starting call train_e_1_s_6...
[CURATOR] Call train_e_1_s_6 completed in 4.81s
[LOG] curator call logged to curator_train_e_1_s_6_20260222_074404_789.json
✅ Curator JSON schema validated successfully: 2 operations
  Added bullet sai-00011 to section strategies_and_insights
  Added bullet err-00012 to section common_mistakes_to_avoid
  - ADD: No reason given
  - ADD: No reason given
[GENERATOR] Starting call train_e_1_s_6_post_curate...
[GENERATOR] Call train_e_1_s_6_post_curate completed in 5.63s
[LOG] generator call logged to generator_train_e_1_s_6_post_curate_20260222_074410_421.json

--- Step 7/15 ---
Generating initial answer...
[GENERATOR] Starting call train_e_1_s_7_gen_initial...
[GENERATOR] Call train_e_1_s_7_gen_initial completed in 6.31s
[LOG] generator call logged to generator_train_e_1_s_7_gen_initial_20260222_074416_736.json
Correct: False
Reflection round 1/3
[REFLECTOR] Starting call train_e_1_s_7_round_0...
[REFLECTOR] Call train_e_1_s_7_round_0 completed in 2.38s
[LOG] reflector call logged to reflector_train_e_1_s_7_round_0_20260222_074419_122.json
[GENERATOR] Starting call train_e_1_s_7_post_reflect_round_0...
[GENERATOR] Call train_e_1_s_7_post_reflect_round_0 completed in 7.21s
[LOG] generator call logged to generator_train_e_1_s_7_post_reflect_round_0_20260222_074426_330.json
Corrected after reflection round 1!

--- Running Curator at step 7 ---
[CURATOR] Starting call train_e_1_s_7...
[CURATOR] Call train_e_1_s_7 completed in 6.72s
[LOG] curator call logged to curator_train_e_1_s_7_20260222_074433_052.json
✅ Curator JSON schema validated successfully: 2 operations
  Added bullet sai-00013 to section strategies_and_insights
  Added bullet err-00014 to section common_mistakes_to_avoid
  - ADD: No reason given
  - ADD: No reason given
[GENERATOR] Starting call train_e_1_s_7_post_curate...
[GENERATOR] Call train_e_1_s_7_post_curate completed in 6.67s
[LOG] generator call logged to generator_train_e_1_s_7_post_curate_20260222_074439_722.json

--- Step 8/15 ---
Generating initial answer...
[GENERATOR] Starting call train_e_1_s_8_gen_initial...
[GENERATOR] Call train_e_1_s_8_gen_initial completed in 7.20s
[LOG] generator call logged to generator_train_e_1_s_8_gen_initial_20260222_074446_923.json
Correct: False
Reflection round 1/3
[REFLECTOR] Starting call train_e_1_s_8_round_0...
[REFLECTOR] Call train_e_1_s_8_round_0 completed in 4.93s
[LOG] reflector call logged to reflector_train_e_1_s_8_round_0_20260222_074451_861.json
[GENERATOR] Starting call train_e_1_s_8_post_reflect_round_0...
[GENERATOR] Call train_e_1_s_8_post_reflect_round_0 completed in 3.03s
[LOG] generator call logged to generator_train_e_1_s_8_post_reflect_round_0_20260222_074454_895.json
Corrected after reflection round 1!

--- Running Curator at step 8 ---
[CURATOR] Starting call train_e_1_s_8...
[CURATOR] Call train_e_1_s_8 completed in 5.75s
[LOG] curator call logged to curator_train_e_1_s_8_20260222_074500_652.json
✅ Curator JSON schema validated successfully: 2 operations
  Added bullet sai-00015 to section strategies_and_insights
  Added bullet ctx-00016 to section context_clues_and_indicators
  - ADD: No reason given
  - ADD: No reason given
[GENERATOR] Starting call train_e_1_s_8_post_curate...
[GENERATOR] Call train_e_1_s_8_post_curate completed in 2.77s
[LOG] generator call logged to generator_train_e_1_s_8_post_curate_20260222_074503_420.json

--- Step 9/15 ---
Generating initial answer...
[GENERATOR] Starting call train_e_1_s_9_gen_initial...
[GENERATOR] Call train_e_1_s_9_gen_initial completed in 3.02s
[LOG] generator call logged to generator_train_e_1_s_9_gen_initial_20260222_074506_438.json
Correct: False
Reflection round 1/3
[REFLECTOR] Starting call train_e_1_s_9_round_0...
[REFLECTOR] Call train_e_1_s_9_round_0 completed in 2.19s
[LOG] reflector call logged to reflector_train_e_1_s_9_round_0_20260222_074508_629.json
[GENERATOR] Starting call train_e_1_s_9_post_reflect_round_0...
[GENERATOR] Call train_e_1_s_9_post_reflect_round_0 completed in 3.13s
[LOG] generator call logged to generator_train_e_1_s_9_post_reflect_round_0_20260222_074511_756.json
Corrected after reflection round 1!

--- Running Curator at step 9 ---
[CURATOR] Starting call train_e_1_s_9...
[CURATOR] Call train_e_1_s_9 completed in 343.13s
[LOG] curator call logged to curator_train_e_1_s_9_20260222_075054_889.json
✅ Curator JSON schema validated successfully: 1 operations
  Added bullet sai-00017 to section strategies_and_insights
  - ADD: No reason given
[GENERATOR] Starting call train_e_1_s_9_post_curate...
[GENERATOR] Call train_e_1_s_9_post_curate completed in 9.94s
[LOG] generator call logged to generator_train_e_1_s_9_post_curate_20260222_075104_837.json

--- Step 10/15 ---
Generating initial answer...
[GENERATOR] Starting call train_e_1_s_10_gen_initial...
[GENERATOR] Call train_e_1_s_10_gen_initial completed in 5.73s
[LOG] generator call logged to generator_train_e_1_s_10_gen_initial_20260222_075110_571.json
Correct: False
Reflection round 1/3
[REFLECTOR] Starting call train_e_1_s_10_round_0...
[REFLECTOR] Call train_e_1_s_10_round_0 completed in 2.45s
[LOG] reflector call logged to reflector_train_e_1_s_10_round_0_20260222_075113_030.json
[GENERATOR] Starting call train_e_1_s_10_post_reflect_round_0...
[GENERATOR] Call train_e_1_s_10_post_reflect_round_0 completed in 5.11s
[LOG] generator call logged to generator_train_e_1_s_10_post_reflect_round_0_20260222_075118_146.json
Corrected after reflection round 1!

--- Running Curator at step 10 ---
[CURATOR] Starting call train_e_1_s_10...
[CURATOR] Call train_e_1_s_10 completed in 5.53s
[LOG] curator call logged to curator_train_e_1_s_10_20260222_075123_679.json
✅ Curator JSON schema validated successfully: 1 operations
  Added bullet sai-00018 to section strategies_and_insights
  - ADD: No reason given
[GENERATOR] Starting call train_e_1_s_10_post_curate...
[GENERATOR] Call train_e_1_s_10_post_curate completed in 6.53s
[LOG] generator call logged to generator_train_e_1_s_10_post_curate_20260222_075130_211.json

--- Step 11/15 ---
Generating initial answer...
[GENERATOR] Starting call train_e_1_s_11_gen_initial...
[GENERATOR] Call train_e_1_s_11_gen_initial completed in 4.11s
[LOG] generator call logged to generator_train_e_1_s_11_gen_initial_20260222_075134_326.json
Correct: False
Reflection round 1/3
[REFLECTOR] Starting call train_e_1_s_11_round_0...
[REFLECTOR] Call train_e_1_s_11_round_0 completed in 3.59s
[LOG] reflector call logged to reflector_train_e_1_s_11_round_0_20260222_075137_919.json
[GENERATOR] Starting call train_e_1_s_11_post_reflect_round_0...
[GENERATOR] Call train_e_1_s_11_post_reflect_round_0 completed in 3.65s
[LOG] generator call logged to generator_train_e_1_s_11_post_reflect_round_0_20260222_075141_567.json
Corrected after reflection round 1!

--- Running Curator at step 11 ---
[CURATOR] Starting call train_e_1_s_11...
[CURATOR] Call train_e_1_s_11 completed in 3.82s
[LOG] curator call logged to curator_train_e_1_s_11_20260222_075145_388.json
✅ Curator JSON schema validated successfully: 2 operations
  Added bullet sai-00019 to section strategies_and_insights
  Added bullet ctx-00020 to section context_clues_and_indicators
  - ADD: No reason given
  - ADD: No reason given
[GENERATOR] Starting call train_e_1_s_11_post_curate...
[GENERATOR] Call train_e_1_s_11_post_curate completed in 6.55s
[LOG] generator call logged to generator_train_e_1_s_11_post_curate_20260222_075151_942.json

--- Step 12/15 ---
Generating initial answer...
[GENERATOR] Starting call train_e_1_s_12_gen_initial...
[GENERATOR] Call train_e_1_s_12_gen_initial completed in 3.37s
[LOG] generator call logged to generator_train_e_1_s_12_gen_initial_20260222_075155_321.json
Correct: False
Reflection round 1/3
[REFLECTOR] Starting call train_e_1_s_12_round_0...
[REFLECTOR] Call train_e_1_s_12_round_0 completed in 2.34s
[LOG] reflector call logged to reflector_train_e_1_s_12_round_0_20260222_075157_672.json
[GENERATOR] Starting call train_e_1_s_12_post_reflect_round_0...
[GENERATOR] Call train_e_1_s_12_post_reflect_round_0 completed in 2.77s
[LOG] generator call logged to generator_train_e_1_s_12_post_reflect_round_0_20260222_075200_441.json
Corrected after reflection round 1!

--- Running Curator at step 12 ---
[CURATOR] Starting call train_e_1_s_12...
[CURATOR] Call train_e_1_s_12 completed in 3.67s
[LOG] curator call logged to curator_train_e_1_s_12_20260222_075204_110.json
✅ Curator JSON schema validated successfully: 2 operations
  Added bullet sai-00021 to section strategies_and_insights
  Added bullet ctx-00022 to section context_clues_and_indicators
  - ADD: No reason given
  - ADD: No reason given
[GENERATOR] Starting call train_e_1_s_12_post_curate...
[GENERATOR] Call train_e_1_s_12_post_curate completed in 4.11s
[LOG] generator call logged to generator_train_e_1_s_12_post_curate_20260222_075208_223.json

--- Step 13/15 ---
Generating initial answer...
[GENERATOR] Starting call train_e_1_s_13_gen_initial...
[GENERATOR] Call train_e_1_s_13_gen_initial completed in 2.80s
[LOG] generator call logged to generator_train_e_1_s_13_gen_initial_20260222_075211_031.json
Correct: False
Reflection round 1/3
[REFLECTOR] Starting call train_e_1_s_13_round_0...
[REFLECTOR] Call train_e_1_s_13_round_0 completed in 3.43s
[LOG] reflector call logged to reflector_train_e_1_s_13_round_0_20260222_075214_469.json
[GENERATOR] Starting call train_e_1_s_13_post_reflect_round_0...
[GENERATOR] Call train_e_1_s_13_post_reflect_round_0 completed in 3.26s
[LOG] generator call logged to generator_train_e_1_s_13_post_reflect_round_0_20260222_075217_736.json
Corrected after reflection round 1!

--- Running Curator at step 13 ---
[CURATOR] Starting call train_e_1_s_13...
[CURATOR] Call train_e_1_s_13 completed in 9.64s
[LOG] curator call logged to curator_train_e_1_s_13_20260222_075227_373.json
✅ Curator JSON schema validated successfully: 2 operations
  Added bullet sai-00023 to section strategies_and_insights
  Added bullet err-00024 to section common_mistakes_to_avoid
  - ADD: No reason given
  - ADD: No reason given
[GENERATOR] Starting call train_e_1_s_13_post_curate...
[GENERATOR] Call train_e_1_s_13_post_curate completed in 3.60s
[LOG] generator call logged to generator_train_e_1_s_13_post_curate_20260222_075230_973.json

--- Step 14/15 ---
Generating initial answer...
[GENERATOR] Starting call train_e_1_s_14_gen_initial...
[GENERATOR] Call train_e_1_s_14_gen_initial completed in 3.56s
[LOG] generator call logged to generator_train_e_1_s_14_gen_initial_20260222_075234_540.json
Correct: False
Reflection round 1/3
[REFLECTOR] Starting call train_e_1_s_14_round_0...
[REFLECTOR] Call train_e_1_s_14_round_0 completed in 2.97s
[LOG] reflector call logged to reflector_train_e_1_s_14_round_0_20260222_075237_513.json
[GENERATOR] Starting call train_e_1_s_14_post_reflect_round_0...
[GENERATOR] Call train_e_1_s_14_post_reflect_round_0 completed in 3.58s
[LOG] generator call logged to generator_train_e_1_s_14_post_reflect_round_0_20260222_075241_090.json
Reflection round 2/3
[REFLECTOR] Starting call train_e_1_s_14_round_1...
[REFLECTOR] Call train_e_1_s_14_round_1 completed in 2.92s
[LOG] reflector call logged to reflector_train_e_1_s_14_round_1_20260222_075244_006.json
[GENERATOR] Starting call train_e_1_s_14_post_reflect_round_1...
[GENERATOR] Call train_e_1_s_14_post_reflect_round_1 completed in 6.63s
[LOG] generator call logged to generator_train_e_1_s_14_post_reflect_round_1_20260222_075250_634.json
Corrected after reflection round 2!

--- Running Curator at step 14 ---
[CURATOR] Starting call train_e_1_s_14...
[CURATOR] Call train_e_1_s_14 completed in 3.56s
[LOG] curator call logged to curator_train_e_1_s_14_20260222_075254_194.json
✅ Curator JSON schema validated successfully: 1 operations
  Added bullet sai-00025 to section strategies_and_insights
  - ADD: No reason given
[GENERATOR] Starting call train_e_1_s_14_post_curate...
[GENERATOR] Call train_e_1_s_14_post_curate completed in 3.49s
[LOG] generator call logged to generator_train_e_1_s_14_post_curate_20260222_075257_682.json

--- Step 15/15 ---
Generating initial answer...
[GENERATOR] Starting call train_e_1_s_15_gen_initial...
[GENERATOR] Call train_e_1_s_15_gen_initial completed in 11.98s
[LOG] generator call logged to generator_train_e_1_s_15_gen_initial_20260222_075309_664.json
Correct: False
Reflection round 1/3
[REFLECTOR] Starting call train_e_1_s_15_round_0...
[REFLECTOR] Call train_e_1_s_15_round_0 completed in 2.78s
[LOG] reflector call logged to reflector_train_e_1_s_15_round_0_20260222_075312_447.json
[GENERATOR] Starting call train_e_1_s_15_post_reflect_round_0...
[GENERATOR] Call train_e_1_s_15_post_reflect_round_0 completed in 6.17s
[LOG] generator call logged to generator_train_e_1_s_15_post_reflect_round_0_20260222_075318_621.json
Corrected after reflection round 1!

--- Running Curator at step 15 ---
[CURATOR] Starting call train_e_1_s_15...
[CURATOR] Call train_e_1_s_15 completed in 4.15s
[LOG] curator call logged to curator_train_e_1_s_15_20260222_075322_771.json
✅ Curator JSON schema validated successfully: 2 operations
  Added bullet sai-00026 to section strategies_and_insights
  Added bullet ctx-00027 to section context_clues_and_indicators
  - ADD: No reason given
  - ADD: No reason given
[GENERATOR] Starting call train_e_1_s_15_post_curate...
[GENERATOR] Call train_e_1_s_15_post_curate completed in 4.40s
[LOG] generator call logged to generator_train_e_1_s_15_post_curate_20260222_075327_174.json

========================================
EVALUATION AT EPOCH 1, STEP 15
========================================
  Element selection accuracy: 3/15 = 0.200
  Operation type accuracy: 11/15 = 0.733
  Full match accuracy: 2/15 = 0.133
  Element selection accuracy: 7/15 = 0.467
  Operation type accuracy: 15/15 = 1.000
  Full match accuracy: 7/15 = 0.467

========================================
EVALUATING TEST SET - 1080 samples, 20 workers
========================================
[GENERATOR] Starting call test_eval_0...
[GENERATOR] Starting call test_eval_1...
[GENERATOR] Starting call test_eval_2...
[GENERATOR] Starting call test_eval_3...
[GENERATOR] Starting call test_eval_4...
[GENERATOR] Starting call test_eval_5...
[GENERATOR] Starting call test_eval_6...
[GENERATOR] Starting call test_eval_7...
[GENERATOR] Starting call test_eval_8...
[GENERATOR] Starting call test_eval_9...
[GENERATOR] Starting call test_eval_10...
[GENERATOR] Starting call test_eval_11...
[GENERATOR] Starting call test_eval_12...
[GENERATOR] Starting call test_eval_13...
[GENERATOR] Starting call test_eval_14...
[GENERATOR] Starting call test_eval_15...
[GENERATOR] Starting call test_eval_16...
[GENERATOR] Starting call test_eval_17...
[GENERATOR] Starting call test_eval_18...
[GENERATOR] Starting call test_eval_19...
[GENERATOR] Call test_eval_0 completed in 3.16s
[LOG] generator call logged to generator_test_eval_0_20260222_075330_342.json
[GENERATOR] Starting call test_eval_20...
[GENERATOR] Call test_eval_8 completed in 3.42s
[LOG] generator call logged to generator_test_eval_8_20260222_075330_622.json
[GENERATOR] Starting call test_eval_21...
[GENERATOR] Call test_eval_4 completed in 3.67s
[LOG] generator call logged to generator_test_eval_4_20260222_075330_861.json
[GENERATOR] Starting call test_eval_22...
[GENERATOR] Call test_eval_5 completed in 5.26s
[LOG] generator call logged to generator_test_eval_5_20260222_075332_456.json
[GENERATOR] Starting call test_eval_23...
[GENERATOR] Call test_eval_3 completed in 6.13s
[LOG] generator call logged to generator_test_eval_3_20260222_075333_319.json
[GENERATOR] Starting call test_eval_24...
[GENERATOR] Call test_eval_16 completed in 6.62s
[LOG] generator call logged to generator_test_eval_16_20260222_075333_830.json
[GENERATOR] Starting call test_eval_25...
[GENERATOR] Call test_eval_1 completed in 7.36s
[LOG] generator call logged to generator_test_eval_1_20260222_075334_543.json
[GENERATOR] Starting call test_eval_26...
[GENERATOR] Call test_eval_10 completed in 8.58s
[LOG] generator call logged to generator_test_eval_10_20260222_075335_779.json
[GENERATOR] Starting call test_eval_27...
[GENERATOR] Call test_eval_9 completed in 9.41s
[LOG] generator call logged to generator_test_eval_9_20260222_075336_610.json
[GENERATOR] Starting call test_eval_28...
[GENERATOR] Call test_eval_6 completed in 10.22s
[LOG] generator call logged to generator_test_eval_6_20260222_075337_415.json
[GENERATOR] Starting call test_eval_29...
[GENERATOR] Call test_eval_7 completed in 10.41s
[LOG] generator call logged to generator_test_eval_7_20260222_075337_608.json
[GENERATOR] Starting call test_eval_30...
[GENERATOR] Call test_eval_15 completed in 11.53s
[LOG] generator call logged to generator_test_eval_15_20260222_075338_742.json
[GENERATOR] Starting call test_eval_31...
[GENERATOR] Call test_eval_19 completed in 13.17s
[LOG] generator call logged to generator_test_eval_19_20260222_075340_384.json
[GENERATOR] Starting call test_eval_32...
[GENERATOR] Call test_eval_2 completed in 14.22s
[LOG] generator call logged to generator_test_eval_2_20260222_075341_408.json
[GENERATOR] Starting call test_eval_33...
[GENERATOR] Call test_eval_14 completed in 15.93s
[LOG] generator call logged to generator_test_eval_14_20260222_075343_131.json
[GENERATOR] Starting call test_eval_34...
[GENERATOR] Call test_eval_18 completed in 16.80s
[LOG] generator call logged to generator_test_eval_18_20260222_075344_008.json
[GENERATOR] Starting call test_eval_35...
[GENERATOR] Call test_eval_21 completed in 13.85s
[LOG] generator call logged to generator_test_eval_21_20260222_075344_474.json
[GENERATOR] Starting call test_eval_36...
[GENERATOR] Call test_eval_13 completed in 18.91s
[LOG] generator call logged to generator_test_eval_13_20260222_075346_119.json
[GENERATOR] Starting call test_eval_37...
[GENERATOR] Call test_eval_22 completed in 15.30s
[LOG] generator call logged to generator_test_eval_22_20260222_075346_165.json
[GENERATOR] Starting call test_eval_38...
[GENERATOR] Call test_eval_12 completed in 19.82s
[LOG] generator call logged to generator_test_eval_12_20260222_075347_026.json
[GENERATOR] Starting call test_eval_39...
[GENERATOR] Call test_eval_23 completed in 16.32s
[LOG] generator call logged to generator_test_eval_23_20260222_075348_779.json
[GENERATOR] Starting call test_eval_40...
[GENERATOR] Call test_eval_24 completed in 16.00s
[LOG] generator call logged to generator_test_eval_24_20260222_075349_322.json
[GENERATOR] Starting call test_eval_41...
[GENERATOR] Call test_eval_11 completed in 23.25s
[LOG] generator call logged to generator_test_eval_11_20260222_075350_455.json
[GENERATOR] Starting call test_eval_42...
[GENERATOR] Call test_eval_27 completed in 16.75s
[LOG] generator call logged to generator_test_eval_27_20260222_075352_535.json
[GENERATOR] Starting call test_eval_43...
[GENERATOR] Call test_eval_20 completed in 23.18s
[LOG] generator call logged to generator_test_eval_20_20260222_075353_520.json
[GENERATOR] Starting call test_eval_44...
[GENERATOR] Call test_eval_26 completed in 19.02s
[LOG] generator call logged to generator_test_eval_26_20260222_075353_562.json
[GENERATOR] Starting call test_eval_45...
[GENERATOR] Call test_eval_17 completed in 27.10s
[LOG] generator call logged to generator_test_eval_17_20260222_075354_309.json
[GENERATOR] Starting call test_eval_46...
[GENERATOR] Call test_eval_25 completed in 22.70s
[LOG] generator call logged to generator_test_eval_25_20260222_075356_536.json
[GENERATOR] Starting call test_eval_47...
[GENERATOR] Call test_eval_34 completed in 13.75s
[LOG] generator call logged to generator_test_eval_34_20260222_075356_885.json
[GENERATOR] Starting call test_eval_48...
[GENERATOR] Call test_eval_28 completed in 21.43s
[LOG] generator call logged to generator_test_eval_28_20260222_075358_045.json
[GENERATOR] Starting call test_eval_49...
[GENERATOR] Call test_eval_30 completed in 22.44s
[LOG] generator call logged to generator_test_eval_30_20260222_075400_046.json
[GENERATOR] Starting call test_eval_50...
[GENERATOR] Call test_eval_37 completed in 13.97s
[LOG] generator call logged to generator_test_eval_37_20260222_075400_089.json
[GENERATOR] Starting call test_eval_51...
[GENERATOR] Call test_eval_31 completed in 22.22s
[LOG] generator call logged to generator_test_eval_31_20260222_075400_963.json
[GENERATOR] Starting call test_eval_52...
[GENERATOR] Call test_eval_38 completed in 17.20s
[LOG] generator call logged to generator_test_eval_38_20260222_075403_368.json
[GENERATOR] Starting call test_eval_53...
[GENERATOR] Call test_eval_40 completed in 15.74s
[LOG] generator call logged to generator_test_eval_40_20260222_075404_519.json
[GENERATOR] Starting call test_eval_54...
[GENERATOR] Call test_eval_32 completed in 24.57s
[GENERATOR] Call test_eval_29 completed in 27.54s
[LOG] generator call logged to generator_test_eval_32_20260222_075404_955.json
[GENERATOR] Starting call test_eval_55...
[LOG] generator call logged to generator_test_eval_29_20260222_075404_956.json
[GENERATOR] Starting call test_eval_56...
[GENERATOR] Call test_eval_43 completed in 14.95s
[LOG] generator call logged to generator_test_eval_43_20260222_075407_491.json
[GENERATOR] Starting call test_eval_57...
[GENERATOR] Call test_eval_48 completed in 12.17s
[GENERATOR] Call test_eval_33 completed in 27.64s
[LOG] generator call logged to generator_test_eval_48_20260222_075409_053.json
[GENERATOR] Starting call test_eval_58...
[LOG] generator call logged to generator_test_eval_33_20260222_075409_054.json
[GENERATOR] Starting call test_eval_59...
[GENERATOR] Call test_eval_35 completed in 25.81s
[LOG] generator call logged to generator_test_eval_35_20260222_075409_819.json
[GENERATOR] Starting call test_eval_60...
[GENERATOR] Call test_eval_49 completed in 14.17s
[LOG] generator call logged to generator_test_eval_49_20260222_075412_219.json
[GENERATOR] Starting call test_eval_61...
[GENERATOR] Call test_eval_36 completed in 28.21s
[LOG] generator call logged to generator_test_eval_36_20260222_075412_688.json
[GENERATOR] Starting call test_eval_62...
[GENERATOR] Call test_eval_39 completed in 25.80s
[LOG] generator call logged to generator_test_eval_39_20260222_075412_828.json
[GENERATOR] Starting call test_eval_63...
[GENERATOR] Call test_eval_52 completed in 13.52s
[LOG] generator call logged to generator_test_eval_52_20260222_075414_483.json
[GENERATOR] Starting call test_eval_64...
[GENERATOR] Call test_eval_53 completed in 12.21s
[LOG] generator call logged to generator_test_eval_53_20260222_075415_579.json
[GENERATOR] Starting call test_eval_65...
[GENERATOR] Call test_eval_41 completed in 26.26s
[LOG] generator call logged to generator_test_eval_41_20260222_075415_586.json
[GENERATOR] Starting call test_eval_66...
[GENERATOR] Call test_eval_42 completed in 25.74s
[LOG] generator call logged to generator_test_eval_42_20260222_075416_199.json
[GENERATOR] Starting call test_eval_67...
[GENERATOR] Call test_eval_44 completed in 24.64s
[LOG] generator call logged to generator_test_eval_44_20260222_075418_162.json
[GENERATOR] Starting call test_eval_68...
[GENERATOR] Call test_eval_54 completed in 13.76s
[LOG] generator call logged to generator_test_eval_54_20260222_075418_278.json
[GENERATOR] Starting call test_eval_69...
Progress: 50/1080, Accuracy: 0.360
[GENERATOR] Call test_eval_56 completed in 13.82s
[LOG] generator call logged to generator_test_eval_56_20260222_075418_781.json
[GENERATOR] Starting call test_eval_70...
[GENERATOR] Call test_eval_45 completed in 26.96s
[LOG] generator call logged to generator_test_eval_45_20260222_075420_527.json
[GENERATOR] Starting call test_eval_71...
[GENERATOR] Call test_eval_46 completed in 27.01s
[LOG] generator call logged to generator_test_eval_46_20260222_075421_317.json
[GENERATOR] Starting call test_eval_72...
[GENERATOR] Call test_eval_60 completed in 11.83s
[LOG] generator call logged to generator_test_eval_60_20260222_075421_651.json
[GENERATOR] Starting call test_eval_73...
[GENERATOR] Call test_eval_61 completed in 9.60s
[LOG] generator call logged to generator_test_eval_61_20260222_075421_825.json
[GENERATOR] Starting call test_eval_74...
[GENERATOR] Call test_eval_47 completed in 27.39s
[LOG] generator call logged to generator_test_eval_47_20260222_075423_932.json
[GENERATOR] Starting call test_eval_75...
[GENERATOR] Call test_eval_50 completed in 24.09s
[LOG] generator call logged to generator_test_eval_50_20260222_075424_136.json
[GENERATOR] Starting call test_eval_76...
[GENERATOR] Call test_eval_65 completed in 9.03s
[LOG] generator call logged to generator_test_eval_65_20260222_075424_609.json
[GENERATOR] Starting call test_eval_77...
[GENERATOR] Call test_eval_62 completed in 12.75s
[LOG] generator call logged to generator_test_eval_62_20260222_075425_440.json
[GENERATOR] Starting call test_eval_78...
[GENERATOR] Call test_eval_55 completed in 22.02s
[LOG] generator call logged to generator_test_eval_55_20260222_075426_976.json
[GENERATOR] Starting call test_eval_79...
[GENERATOR] Call test_eval_51 completed in 27.52s
[LOG] generator call logged to generator_test_eval_51_20260222_075427_614.json
[GENERATOR] Starting call test_eval_80...
[GENERATOR] Call test_eval_66 completed in 12.17s
[LOG] generator call logged to generator_test_eval_66_20260222_075427_762.json
[GENERATOR] Starting call test_eval_81...
[GENERATOR] Call test_eval_69 completed in 11.46s
[LOG] generator call logged to generator_test_eval_69_20260222_075429_741.json
[GENERATOR] Starting call test_eval_82...
[GENERATOR] Call test_eval_57 completed in 22.96s
[LOG] generator call logged to generator_test_eval_57_20260222_075430_458.json
[GENERATOR] Starting call test_eval_83...
[GENERATOR] Call test_eval_58 completed in 21.46s
[LOG] generator call logged to generator_test_eval_58_20260222_075430_514.json
[GENERATOR] Starting call test_eval_84...
[GENERATOR] Call test_eval_71 completed in 11.26s
[LOG] generator call logged to generator_test_eval_71_20260222_075431_790.json
[GENERATOR] Starting call test_eval_85...
[GENERATOR] Call test_eval_76 completed in 10.50s
[LOG] generator call logged to generator_test_eval_76_20260222_075434_634.json
[GENERATOR] Starting call test_eval_86...
[GENERATOR] Call test_eval_59 completed in 25.61s
[LOG] generator call logged to generator_test_eval_59_20260222_075434_665.json
[GENERATOR] Starting call test_eval_87...
[GENERATOR] Call test_eval_63 completed in 21.98s
[LOG] generator call logged to generator_test_eval_63_20260222_075434_813.json
[GENERATOR] Starting call test_eval_88...
[GENERATOR] Call test_eval_73 completed in 14.22s
[LOG] generator call logged to generator_test_eval_73_20260222_075435_876.json
[GENERATOR] Starting call test_eval_89...
[GENERATOR] Call test_eval_67 completed in 21.63s
[LOG] generator call logged to generator_test_eval_67_20260222_075437_829.json
[GENERATOR] Starting call test_eval_90...
[GENERATOR] Call test_eval_77 completed in 13.52s
[LOG] generator call logged to generator_test_eval_77_20260222_075438_135.json
[GENERATOR] Starting call test_eval_91...
[GENERATOR] Call test_eval_64 completed in 24.37s
[LOG] generator call logged to generator_test_eval_64_20260222_075438_852.json
[GENERATOR] Starting call test_eval_92...
[GENERATOR] Call test_eval_78 completed in 13.94s
[LOG] generator call logged to generator_test_eval_78_20260222_075439_381.json
[GENERATOR] Starting call test_eval_93...
[GENERATOR] Call test_eval_79 completed in 14.23s
[LOG] generator call logged to generator_test_eval_79_20260222_075441_206.json
[GENERATOR] Starting call test_eval_94...
[GENERATOR] Call test_eval_68 completed in 23.78s
[LOG] generator call logged to generator_test_eval_68_20260222_075441_945.json
[GENERATOR] Starting call test_eval_95...
[GENERATOR] Call test_eval_80 completed in 14.96s
[LOG] generator call logged to generator_test_eval_80_20260222_075442_576.json
[GENERATOR] Starting call test_eval_96...
[GENERATOR] Call test_eval_70 completed in 24.57s
[LOG] generator call logged to generator_test_eval_70_20260222_075443_357.json
[GENERATOR] Starting call test_eval_97...
[GENERATOR] Call test_eval_81 completed in 16.72s
[LOG] generator call logged to generator_test_eval_81_20260222_075444_487.json
[GENERATOR] Starting call test_eval_98...
[GENERATOR] Call test_eval_82 completed in 15.77s
[LOG] generator call logged to generator_test_eval_82_20260222_075445_511.json
[GENERATOR] Starting call test_eval_99...
[GENERATOR] Call test_eval_72 completed in 24.25s
[LOG] generator call logged to generator_test_eval_72_20260222_075445_570.json
[GENERATOR] Starting call test_eval_100...
[GENERATOR] Call test_eval_74 completed in 24.30s
[LOG] generator call logged to generator_test_eval_74_20260222_075446_127.json
[GENERATOR] Starting call test_eval_101...
[GENERATOR] Call test_eval_87 completed in 13.21s
[LOG] generator call logged to generator_test_eval_87_20260222_075447_879.json
[GENERATOR] Starting call test_eval_102...
[GENERATOR] Call test_eval_75 completed in 24.99s
[LOG] generator call logged to generator_test_eval_75_20260222_075448_923.json
[GENERATOR] Starting call test_eval_103...
[GENERATOR] Call test_eval_83 completed in 18.67s
[LOG] generator call logged to generator_test_eval_83_20260222_075449_133.json
[GENERATOR] Starting call test_eval_104...
[GENERATOR] Call test_eval_88 completed in 14.55s
[LOG] generator call logged to generator_test_eval_88_20260222_075449_366.json
[GENERATOR] Starting call test_eval_105...
[GENERATOR] Call test_eval_89 completed in 14.75s
[LOG] generator call logged to generator_test_eval_89_20260222_075450_631.json
[GENERATOR] Starting call test_eval_106...
[GENERATOR] Call test_eval_91 completed in 15.90s
[LOG] generator call logged to generator_test_eval_91_20260222_075454_033.json
[GENERATOR] Starting call test_eval_107...
[GENERATOR] Call test_eval_85 completed in 23.55s
[LOG] generator call logged to generator_test_eval_85_20260222_075455_340.json
[GENERATOR] Starting call test_eval_108...
[GENERATOR] Call test_eval_97 completed in 13.34s
[LOG] generator call logged to generator_test_eval_97_20260222_075456_694.json
[GENERATOR] Starting call test_eval_109...
[GENERATOR] Call test_eval_93 completed in 18.14s
[LOG] generator call logged to generator_test_eval_93_20260222_075457_525.json
[GENERATOR] Starting call test_eval_110...
[GENERATOR] Call test_eval_84 completed in 27.48s
[LOG] generator call logged to generator_test_eval_84_20260222_075457_999.json
[GENERATOR] Starting call test_eval_111...
[GENERATOR] Call test_eval_86 completed in 23.57s
[LOG] generator call logged to generator_test_eval_86_20260222_075458_207.json
[GENERATOR] Starting call test_eval_112...
[GENERATOR] Call test_eval_100 completed in 16.95s
[LOG] generator call logged to generator_test_eval_100_20260222_075502_517.json
[GENERATOR] Starting call test_eval_113...
[GENERATOR] Call test_eval_92 completed in 24.75s
[LOG] generator call logged to generator_test_eval_92_20260222_075503_604.json
[GENERATOR] Starting call test_eval_114...
[GENERATOR] Call test_eval_94 completed in 25.30s
[LOG] generator call logged to generator_test_eval_94_20260222_075506_502.json
[GENERATOR] Starting call test_eval_115...
[GENERATOR] Call test_eval_101 completed in 20.59s
[LOG] generator call logged to generator_test_eval_101_20260222_075506_722.json
[GENERATOR] Starting call test_eval_116...
[GENERATOR] Call test_eval_90 completed in 31.85s
[LOG] generator call logged to generator_test_eval_90_20260222_075509_678.json
[GENERATOR] Starting call test_eval_117...
[GENERATOR] Call test_eval_99 completed in 24.17s
[LOG] generator call logged to generator_test_eval_99_20260222_075509_681.json
[GENERATOR] Starting call test_eval_118...
[GENERATOR] Call test_eval_105 completed in 22.67s
[LOG] generator call logged to generator_test_eval_105_20260222_075512_033.json
[GENERATOR] Starting call test_eval_119...
Progress: 100/1080, Accuracy: 0.400
[GENERATOR] Call test_eval_95 completed in 30.24s
[LOG] generator call logged to generator_test_eval_95_20260222_075512_189.json
[GENERATOR] Starting call test_eval_120...
[GENERATOR] Call test_eval_96 completed in 29.93s
[LOG] generator call logged to generator_test_eval_96_20260222_075512_510.json
[GENERATOR] Starting call test_eval_121...
[GENERATOR] Call test_eval_109 completed in 15.94s
[LOG] generator call logged to generator_test_eval_109_20260222_075512_634.json
[GENERATOR] Starting call test_eval_122...
[GENERATOR] Call test_eval_110 completed in 17.55s
[LOG] generator call logged to generator_test_eval_110_20260222_075515_074.json
[GENERATOR] Starting call test_eval_123...
[GENERATOR] Call test_eval_111 completed in 17.71s
[LOG] generator call logged to generator_test_eval_111_20260222_075515_715.json
[GENERATOR] Starting call test_eval_124...
[GENERATOR] Call test_eval_102 completed in 28.56s
[LOG] generator call logged to generator_test_eval_102_20260222_075516_438.json
[GENERATOR] Starting call test_eval_125...
[GENERATOR] Call test_eval_98 completed in 32.97s
[LOG] generator call logged to generator_test_eval_98_20260222_075517_460.json
[GENERATOR] Starting call test_eval_126...
[GENERATOR] Call test_eval_113 completed in 15.76s
[LOG] generator call logged to generator_test_eval_113_20260222_075518_280.json
[GENERATOR] Starting call test_eval_127...
[GENERATOR] Call test_eval_114 completed in 16.06s
[LOG] generator call logged to generator_test_eval_114_20260222_075519_664.json
[GENERATOR] Starting call test_eval_128...
[GENERATOR] Call test_eval_103 completed in 31.20s
[LOG] generator call logged to generator_test_eval_103_20260222_075520_122.json
[GENERATOR] Starting call test_eval_129...
[GENERATOR] Call test_eval_104 completed in 31.82s
[LOG] generator call logged to generator_test_eval_104_20260222_075520_953.json
[GENERATOR] Starting call test_eval_130...
[GENERATOR] Call test_eval_106 completed in 33.00s
[LOG] generator call logged to generator_test_eval_106_20260222_075523_636.json
[GENERATOR] Starting call test_eval_131...
[GENERATOR] Call test_eval_117 completed in 14.64s
[LOG] generator call logged to generator_test_eval_117_20260222_075524_321.json
[GENERATOR] Starting call test_eval_132...
[GENERATOR] Call test_eval_116 completed in 18.69s
[LOG] generator call logged to generator_test_eval_116_20260222_075525_418.json
[GENERATOR] Starting call test_eval_133...
[GENERATOR] Call test_eval_107 completed in 31.49s
[LOG] generator call logged to generator_test_eval_107_20260222_075525_523.json
[GENERATOR] Starting call test_eval_134...
[GENERATOR] Call test_eval_118 completed in 17.68s
[LOG] generator call logged to generator_test_eval_118_20260222_075527_359.json
[GENERATOR] Starting call test_eval_135...
[GENERATOR] Call test_eval_108 completed in 32.67s
[LOG] generator call logged to generator_test_eval_108_20260222_075528_007.json
[GENERATOR] Starting call test_eval_136...
[GENERATOR] Call test_eval_119 completed in 16.19s
[LOG] generator call logged to generator_test_eval_119_20260222_075528_224.json
[GENERATOR] Starting call test_eval_137...
[GENERATOR] Call test_eval_112 completed in 30.41s
[LOG] generator call logged to generator_test_eval_112_20260222_075528_619.json
[GENERATOR] Starting call test_eval_138...
[GENERATOR] Call test_eval_120 completed in 18.68s
[LOG] generator call logged to generator_test_eval_120_20260222_075530_871.json
[GENERATOR] Starting call test_eval_139...
[GENERATOR] Call test_eval_115 completed in 24.88s
[LOG] generator call logged to generator_test_eval_115_20260222_075531_383.json
[GENERATOR] Starting call test_eval_140...
[GENERATOR] Call test_eval_125 completed in 15.03s
[LOG] generator call logged to generator_test_eval_125_20260222_075531_467.json
[GENERATOR] Starting call test_eval_141...
[GENERATOR] Call test_eval_121 completed in 22.39s
[LOG] generator call logged to generator_test_eval_121_20260222_075534_900.json
[GENERATOR] Starting call test_eval_142...
[GENERATOR] Call test_eval_127 completed in 16.63s
[LOG] generator call logged to generator_test_eval_127_20260222_075534_912.json
[GENERATOR] Starting call test_eval_143...
[GENERATOR] Call test_eval_122 completed in 22.85s
[LOG] generator call logged to generator_test_eval_122_20260222_075535_481.json
[GENERATOR] Starting call test_eval_144...
[GENERATOR] Call test_eval_126 completed in 18.08s
[LOG] generator call logged to generator_test_eval_126_20260222_075535_541.json
[GENERATOR] Starting call test_eval_145...
[GENERATOR] Call test_eval_132 completed in 14.09s
[LOG] generator call logged to generator_test_eval_132_20260222_075538_417.json
[GENERATOR] Starting call test_eval_146...
[GENERATOR] Call test_eval_124 completed in 23.45s
[GENERATOR] Call test_eval_133 completed in 13.75s
[LOG] generator call logged to generator_test_eval_124_20260222_075539_170.json
[GENERATOR] Starting call test_eval_147...
[LOG] generator call logged to generator_test_eval_133_20260222_075539_171.json
[GENERATOR] Starting call test_eval_148...
[GENERATOR] Call test_eval_123 completed in 24.70s
[LOG] generator call logged to generator_test_eval_123_20260222_075539_780.json
[GENERATOR] Starting call test_eval_149...
[GENERATOR] Call test_eval_128 completed in 20.96s
[LOG] generator call logged to generator_test_eval_128_20260222_075540_623.json
[GENERATOR] Starting call test_eval_150...
[GENERATOR] Call test_eval_137 completed in 12.83s
[LOG] generator call logged to generator_test_eval_137_20260222_075541_053.json
[GENERATOR] Starting call test_eval_151...
[GENERATOR] Call test_eval_136 completed in 13.72s
[LOG] generator call logged to generator_test_eval_136_20260222_075541_728.json
[GENERATOR] Starting call test_eval_152...
[GENERATOR] Call test_eval_129 completed in 22.33s
[LOG] generator call logged to generator_test_eval_129_20260222_075542_452.json
[GENERATOR] Starting call test_eval_153...
[GENERATOR] Call test_eval_138 completed in 15.28s
[LOG] generator call logged to generator_test_eval_138_20260222_075543_895.json
[GENERATOR] Starting call test_eval_154...
[GENERATOR] Call test_eval_140 completed in 13.29s
[LOG] generator call logged to generator_test_eval_140_20260222_075544_671.json
[GENERATOR] Starting call test_eval_155...
[GENERATOR] Call test_eval_130 completed in 23.90s
[LOG] generator call logged to generator_test_eval_130_20260222_075544_855.json
[GENERATOR] Starting call test_eval_156...
[GENERATOR] Call test_eval_131 completed in 22.52s
[LOG] generator call logged to generator_test_eval_131_20260222_075546_153.json
[GENERATOR] Starting call test_eval_157...
[GENERATOR] Call test_eval_134 completed in 22.44s
[LOG] generator call logged to generator_test_eval_134_20260222_075547_968.json
[GENERATOR] Starting call test_eval_158...
[GENERATOR] Call test_eval_142 completed in 13.59s
[LOG] generator call logged to generator_test_eval_142_20260222_075548_492.json
[GENERATOR] Starting call test_eval_159...
[GENERATOR] Call test_eval_135 completed in 21.93s
[LOG] generator call logged to generator_test_eval_135_20260222_075549_292.json
[GENERATOR] Starting call test_eval_160...
[GENERATOR] Call test_eval_139 completed in 19.75s
[LOG] generator call logged to generator_test_eval_139_20260222_075550_621.json
[GENERATOR] Starting call test_eval_161...
[GENERATOR] Call test_eval_141 completed in 19.78s
[LOG] generator call logged to generator_test_eval_141_20260222_075551_252.json
[GENERATOR] Starting call test_eval_162...
[GENERATOR] Call test_eval_143 completed in 17.26s
[LOG] generator call logged to generator_test_eval_143_20260222_075552_174.json
[GENERATOR] Starting call test_eval_163...
[GENERATOR] Call test_eval_144 completed in 17.92s
[LOG] generator call logged to generator_test_eval_144_20260222_075553_403.json
[GENERATOR] Starting call test_eval_164...
[GENERATOR] Call test_eval_145 completed in 18.48s
[LOG] generator call logged to generator_test_eval_145_20260222_075554_021.json
[GENERATOR] Starting call test_eval_165...
[GENERATOR] Call test_eval_147 completed in 16.04s
[LOG] generator call logged to generator_test_eval_147_20260222_075555_214.json
[GENERATOR] Starting call test_eval_166...
[GENERATOR] Call test_eval_148 completed in 16.99s
[LOG] generator call logged to generator_test_eval_148_20260222_075556_167.json
[GENERATOR] Starting call test_eval_167...
[GENERATOR] Call test_eval_150 completed in 16.11s
[LOG] generator call logged to generator_test_eval_150_20260222_075556_731.json
[GENERATOR] Starting call test_eval_168...
[GENERATOR] Call test_eval_155 completed in 14.30s
[LOG] generator call logged to generator_test_eval_155_20260222_075558_976.json
[GENERATOR] Starting call test_eval_169...
Progress: 150/1080, Accuracy: 0.380
[GENERATOR] Call test_eval_151 completed in 18.98s
[LOG] generator call logged to generator_test_eval_151_20260222_075600_040.json
[GENERATOR] Starting call test_eval_170...
[GENERATOR] Call test_eval_146 completed in 22.76s
[LOG] generator call logged to generator_test_eval_146_20260222_075601_179.json
[GENERATOR] Starting call test_eval_171...
[GENERATOR] Call test_eval_158 completed in 13.93s
[LOG] generator call logged to generator_test_eval_158_20260222_075601_904.json
[GENERATOR] Starting call test_eval_172...
[GENERATOR] Call test_eval_149 completed in 22.63s
[LOG] generator call logged to generator_test_eval_149_20260222_075602_414.json
[GENERATOR] Starting call test_eval_173...
[GENERATOR] Call test_eval_152 completed in 22.37s
[LOG] generator call logged to generator_test_eval_152_20260222_075604_103.json
[GENERATOR] Starting call test_eval_174...
[GENERATOR] Call test_eval_153 completed in 21.80s
[LOG] generator call logged to generator_test_eval_153_20260222_075604_251.json
[GENERATOR] Starting call test_eval_175...
[GENERATOR] Call test_eval_163 completed in 12.90s
[LOG] generator call logged to generator_test_eval_163_20260222_075605_079.json
[GENERATOR] Starting call test_eval_176...
[GENERATOR] Call test_eval_165 completed in 11.36s
[LOG] generator call logged to generator_test_eval_165_20260222_075605_383.json
[GENERATOR] Starting call test_eval_177...
[GENERATOR] Call test_eval_154 completed in 23.03s
[LOG] generator call logged to generator_test_eval_154_20260222_075606_928.json
[GENERATOR] Starting call test_eval_178...
[GENERATOR] Call test_eval_156 completed in 22.46s
[LOG] generator call logged to generator_test_eval_156_20260222_075607_320.json
[GENERATOR] Starting call test_eval_179...
[GENERATOR] Call test_eval_168 completed in 11.82s
[LOG] generator call logged to generator_test_eval_168_20260222_075608_557.json
[GENERATOR] Starting call test_eval_180...
[GENERATOR] Call test_eval_169 completed in 12.36s
[LOG] generator call logged to generator_test_eval_169_20260222_075611_333.json
[GENERATOR] Starting call test_eval_181...
[GENERATOR] Call test_eval_171 completed in 11.78s
[LOG] generator call logged to generator_test_eval_171_20260222_075612_962.json
[GENERATOR] Starting call test_eval_182...
[GENERATOR] Call test_eval_157 completed in 28.55s
[LOG] generator call logged to generator_test_eval_157_20260222_075614_702.json
[GENERATOR] Starting call test_eval_183...
[GENERATOR] Call test_eval_173 completed in 13.21s
[LOG] generator call logged to generator_test_eval_173_20260222_075615_625.json
[GENERATOR] Starting call test_eval_184...
[GENERATOR] Call test_eval_174 completed in 12.23s
[LOG] generator call logged to generator_test_eval_174_20260222_075616_338.json
[GENERATOR] Starting call test_eval_185...
[GENERATOR] Call test_eval_177 completed in 13.83s
[LOG] generator call logged to generator_test_eval_177_20260222_075619_218.json
[GENERATOR] Starting call test_eval_186...
[GENERATOR] Call test_eval_176 completed in 14.86s
[LOG] generator call logged to generator_test_eval_176_20260222_075619_936.json
[GENERATOR] Starting call test_eval_187...
[GENERATOR] Call test_eval_159 completed in 31.94s
[LOG] generator call logged to generator_test_eval_159_20260222_075620_436.json
[GENERATOR] Starting call test_eval_188...
[GENERATOR] Call test_eval_180 completed in 14.37s
[LOG] generator call logged to generator_test_eval_180_20260222_075622_930.json
[GENERATOR] Starting call test_eval_189...
[GENERATOR] Call test_eval_160 completed in 34.29s
[LOG] generator call logged to generator_test_eval_160_20260222_075623_588.json
[GENERATOR] Starting call test_eval_190...
[GENERATOR] Call test_eval_182 completed in 12.19s
[LOG] generator call logged to generator_test_eval_182_20260222_075625_152.json
[GENERATOR] Starting call test_eval_191...
[GENERATOR] Call test_eval_161 completed in 34.66s
[LOG] generator call logged to generator_test_eval_161_20260222_075625_285.json
[GENERATOR] Starting call test_eval_192...
[GENERATOR] Call test_eval_162 completed in 35.74s
[LOG] generator call logged to generator_test_eval_162_20260222_075626_991.json
[GENERATOR] Starting call test_eval_193...
[GENERATOR] Call test_eval_184 completed in 11.50s
[LOG] generator call logged to generator_test_eval_184_20260222_075627_125.json
[GENERATOR] Starting call test_eval_194...
[GENERATOR] Call test_eval_164 completed in 35.33s
[LOG] generator call logged to generator_test_eval_164_20260222_075628_731.json
[GENERATOR] Starting call test_eval_195...
[GENERATOR] Call test_eval_166 completed in 34.41s
[LOG] generator call logged to generator_test_eval_166_20260222_075629_624.json
[GENERATOR] Starting call test_eval_196...
[GENERATOR] Call test_eval_170 completed in 33.29s
[LOG] generator call logged to generator_test_eval_170_20260222_075633_335.json
[GENERATOR] Starting call test_eval_197...
[GENERATOR] Call test_eval_185 completed in 17.86s
[LOG] generator call logged to generator_test_eval_185_20260222_075634_203.json
[GENERATOR] Starting call test_eval_198...
[GENERATOR] Call test_eval_186 completed in 15.25s
[LOG] generator call logged to generator_test_eval_186_20260222_075634_472.json
[GENERATOR] Starting call test_eval_199...
[GENERATOR] Call test_eval_167 completed in 38.71s
[LOG] generator call logged to generator_test_eval_167_20260222_075634_875.json
[GENERATOR] Starting call test_eval_200...
[GENERATOR] Call test_eval_172 completed in 34.75s
[LOG] generator call logged to generator_test_eval_172_20260222_075636_652.json
[GENERATOR] Starting call test_eval_201...
[GENERATOR] Call test_eval_194 completed in 9.73s
[LOG] generator call logged to generator_test_eval_194_20260222_075636_854.json
[GENERATOR] Starting call test_eval_202...
[GENERATOR] Call test_eval_191 completed in 12.49s
[LOG] generator call logged to generator_test_eval_191_20260222_075637_647.json
[GENERATOR] Starting call test_eval_203...
[GENERATOR] Call test_eval_175 completed in 33.90s
[LOG] generator call logged to generator_test_eval_175_20260222_075638_152.json
[GENERATOR] Starting call test_eval_204...
[GENERATOR] Call test_eval_195 completed in 11.37s
[LOG] generator call logged to generator_test_eval_195_20260222_075640_101.json
[GENERATOR] Starting call test_eval_205...
[GENERATOR] Call test_eval_197 completed in 7.48s
[LOG] generator call logged to generator_test_eval_197_20260222_075640_816.json
[GENERATOR] Starting call test_eval_206...
[GENERATOR] Call test_eval_198 completed in 9.05s
[LOG] generator call logged to generator_test_eval_198_20260222_075643_259.json
[GENERATOR] Starting call test_eval_207...
[GENERATOR] Call test_eval_178 completed in 37.13s
[LOG] generator call logged to generator_test_eval_178_20260222_075644_059.json
[GENERATOR] Starting call test_eval_208...
[GENERATOR] Call test_eval_179 completed in 36.81s
[LOG] generator call logged to generator_test_eval_179_20260222_075644_130.json
[GENERATOR] Starting call test_eval_209...
[GENERATOR] Call test_eval_202 completed in 9.28s
[LOG] generator call logged to generator_test_eval_202_20260222_075646_141.json
[GENERATOR] Starting call test_eval_210...
[GENERATOR] Call test_eval_181 completed in 35.72s
[LOG] generator call logged to generator_test_eval_181_20260222_075647_061.json
[GENERATOR] Starting call test_eval_211...
[GENERATOR] Call test_eval_201 completed in 13.17s
[LOG] generator call logged to generator_test_eval_201_20260222_075649_825.json
[GENERATOR] Starting call test_eval_212...
[GENERATOR] Call test_eval_208 completed in 5.91s
[LOG] generator call logged to generator_test_eval_208_20260222_075649_971.json
[GENERATOR] Starting call test_eval_213...
[GENERATOR] Call test_eval_187 completed in 31.17s
[LOG] generator call logged to generator_test_eval_187_20260222_075651_104.json
[GENERATOR] Starting call test_eval_214...
[GENERATOR] Call test_eval_183 completed in 36.66s
[LOG] generator call logged to generator_test_eval_183_20260222_075651_361.json
[GENERATOR] Starting call test_eval_215...
[GENERATOR] Call test_eval_212 completed in 3.42s
[LOG] generator call logged to generator_test_eval_212_20260222_075653_247.json
[GENERATOR] Starting call test_eval_216...
[GENERATOR] Call test_eval_188 completed in 33.61s
[LOG] generator call logged to generator_test_eval_188_20260222_075654_045.json
[GENERATOR] Starting call test_eval_217...
[GENERATOR] Call test_eval_189 completed in 31.40s
[LOG] generator call logged to generator_test_eval_189_20260222_075654_329.json
[GENERATOR] Starting call test_eval_218...
[GENERATOR] Call test_eval_211 completed in 7.46s
[LOG] generator call logged to generator_test_eval_211_20260222_075654_518.json
[GENERATOR] Starting call test_eval_219...
Progress: 200/1080, Accuracy: 0.395
[GENERATOR] Call test_eval_214 completed in 5.22s
[LOG] generator call logged to generator_test_eval_214_20260222_075656_326.json
[GENERATOR] Starting call test_eval_220...
[GENERATOR] Call test_eval_215 completed in 6.04s
[LOG] generator call logged to generator_test_eval_215_20260222_075657_403.json
[GENERATOR] Starting call test_eval_221...
[GENERATOR] Call test_eval_190 completed in 34.27s
[LOG] generator call logged to generator_test_eval_190_20260222_075657_858.json
[GENERATOR] Starting call test_eval_222...
[GENERATOR] Call test_eval_192 completed in 33.24s
[LOG] generator call logged to generator_test_eval_192_20260222_075658_526.json
[GENERATOR] Starting call test_eval_223...
[GENERATOR] Call test_eval_217 completed in 6.70s
[LOG] generator call logged to generator_test_eval_217_20260222_075700_749.json
[GENERATOR] Starting call test_eval_224...
[GENERATOR] Call test_eval_196 completed in 32.22s
[LOG] generator call logged to generator_test_eval_196_20260222_075701_850.json
[GENERATOR] Starting call test_eval_225...
[GENERATOR] Call test_eval_193 completed in 34.91s
[LOG] generator call logged to generator_test_eval_193_20260222_075701_905.json
[GENERATOR] Starting call test_eval_226...
[GENERATOR] Call test_eval_216 completed in 8.81s
[LOG] generator call logged to generator_test_eval_216_20260222_075702_062.json
[GENERATOR] Starting call test_eval_227...
[GENERATOR] Call test_eval_220 completed in 7.53s
[LOG] generator call logged to generator_test_eval_220_20260222_075703_854.json
[GENERATOR] Starting call test_eval_228...
[GENERATOR] Call test_eval_199 completed in 30.41s
[LOG] generator call logged to generator_test_eval_199_20260222_075704_879.json
[GENERATOR] Starting call test_eval_229...
[GENERATOR] Call test_eval_221 completed in 7.99s
[LOG] generator call logged to generator_test_eval_221_20260222_075705_395.json
[GENERATOR] Starting call test_eval_230...
[GENERATOR] Call test_eval_200 completed in 30.92s
[LOG] generator call logged to generator_test_eval_200_20260222_075705_797.json
[GENERATOR] Starting call test_eval_231...
[GENERATOR] Call test_eval_224 completed in 5.92s
[LOG] generator call logged to generator_test_eval_224_20260222_075706_671.json
[GENERATOR] Starting call test_eval_232...
[GENERATOR] Call test_eval_203 completed in 30.71s
[LOG] generator call logged to generator_test_eval_203_20260222_075708_360.json
[GENERATOR] Starting call test_eval_233...
[GENERATOR] Call test_eval_225 completed in 8.10s
[LOG] generator call logged to generator_test_eval_225_20260222_075709_958.json
[GENERATOR] Starting call test_eval_234...
[GENERATOR] Call test_eval_204 completed in 31.97s
[LOG] generator call logged to generator_test_eval_204_20260222_075710_122.json
[GENERATOR] Starting call test_eval_235...
[GENERATOR] Call test_eval_227 completed in 11.47s
[LOG] generator call logged to generator_test_eval_227_20260222_075713_537.json
[GENERATOR] Starting call test_eval_236...
[GENERATOR] Call test_eval_231 completed in 7.87s
[LOG] generator call logged to generator_test_eval_231_20260222_075713_664.json
[GENERATOR] Starting call test_eval_237...
[GENERATOR] Call test_eval_205 completed in 34.98s
[LOG] generator call logged to generator_test_eval_205_20260222_075715_078.json
[GENERATOR] Starting call test_eval_238...
[GENERATOR] Call test_eval_235 completed in 6.62s
[LOG] generator call logged to generator_test_eval_235_20260222_075716_741.json
[GENERATOR] Starting call test_eval_239...
[GENERATOR] Call test_eval_237 completed in 4.46s
[LOG] generator call logged to generator_test_eval_237_20260222_075718_124.json
[GENERATOR] Starting call test_eval_240...
[GENERATOR] Call test_eval_206 completed in 37.82s
[LOG] generator call logged to generator_test_eval_206_20260222_075718_640.json
[GENERATOR] Starting call test_eval_241...
[GENERATOR] Call test_eval_238 completed in 5.37s
[LOG] generator call logged to generator_test_eval_238_20260222_075720_444.json
[GENERATOR] Starting call test_eval_242...
[GENERATOR] Call test_eval_239 completed in 4.46s
[LOG] generator call logged to generator_test_eval_239_20260222_075721_204.json
[GENERATOR] Starting call test_eval_243...
[GENERATOR] Call test_eval_207 completed in 38.51s
[LOG] generator call logged to generator_test_eval_207_20260222_075721_773.json
[GENERATOR] Starting call test_eval_244...
[GENERATOR] Call test_eval_242 completed in 4.09s
[LOG] generator call logged to generator_test_eval_242_20260222_075724_539.json
[GENERATOR] Starting call test_eval_245...
[GENERATOR] Call test_eval_209 completed in 42.97s
[LOG] generator call logged to generator_test_eval_209_20260222_075727_099.json
[GENERATOR] Starting call test_eval_246...
[GENERATOR] Call test_eval_245 completed in 4.04s
[LOG] generator call logged to generator_test_eval_245_20260222_075728_585.json
[GENERATOR] Starting call test_eval_247...
[GENERATOR] Call test_eval_210 completed in 44.13s
[LOG] generator call logged to generator_test_eval_210_20260222_075730_273.json
[GENERATOR] Starting call test_eval_248...
[GENERATOR] Call test_eval_246 completed in 4.46s
[LOG] generator call logged to generator_test_eval_246_20260222_075731_561.json
[GENERATOR] Starting call test_eval_249...
[GENERATOR] Call test_eval_213 completed in 43.66s
[LOG] generator call logged to generator_test_eval_213_20260222_075733_631.json
[GENERATOR] Starting call test_eval_250...
[GENERATOR] Call test_eval_218 completed in 39.49s
[LOG] generator call logged to generator_test_eval_218_20260222_075733_817.json
[GENERATOR] Starting call test_eval_251...
[GENERATOR] Call test_eval_248 completed in 3.69s
[LOG] generator call logged to generator_test_eval_248_20260222_075733_963.json
[GENERATOR] Starting call test_eval_252...
[GENERATOR] Call test_eval_222 completed in 39.27s
[GENERATOR] Call test_eval_249 completed in 5.57s
[LOG] generator call logged to generator_test_eval_249_20260222_075737_136.json
[GENERATOR] Starting call test_eval_253...
[LOG] generator call logged to generator_test_eval_222_20260222_075737_135.json
[GENERATOR] Starting call test_eval_254...
[GENERATOR] Call test_eval_219 completed in 42.73s
[LOG] generator call logged to generator_test_eval_219_20260222_075737_250.json
[GENERATOR] Starting call test_eval_255...
[GENERATOR] Call test_eval_250 completed in 4.94s
[LOG] generator call logged to generator_test_eval_250_20260222_075738_569.json
[GENERATOR] Starting call test_eval_256...
[GENERATOR] Call test_eval_256 completed in 1.43s
[LOG] generator call logged to generator_test_eval_256_20260222_075739_998.json
[GENERATOR] Starting call test_eval_257...
[GENERATOR] Call test_eval_223 completed in 41.56s
[LOG] generator call logged to generator_test_eval_223_20260222_075740_082.json
[GENERATOR] Starting call test_eval_258...
[GENERATOR] Call test_eval_228 completed in 39.53s
[LOG] generator call logged to generator_test_eval_228_20260222_075743_381.json
[GENERATOR] Starting call test_eval_259...
[GENERATOR] Call test_eval_253 completed in 6.58s
[LOG] generator call logged to generator_test_eval_253_20260222_075743_720.json
[GENERATOR] Starting call test_eval_260...
[GENERATOR] Call test_eval_229 completed in 41.41s
[LOG] generator call logged to generator_test_eval_229_20260222_075746_288.json
[GENERATOR] Starting call test_eval_261...
[GENERATOR] Call test_eval_226 completed in 44.76s
[LOG] generator call logged to generator_test_eval_226_20260222_075746_671.json
[GENERATOR] Starting call test_eval_262...
[GENERATOR] Call test_eval_258 completed in 7.08s
[LOG] generator call logged to generator_test_eval_258_20260222_075747_166.json
[GENERATOR] Starting call test_eval_263...
[GENERATOR] Call test_eval_232 completed in 43.32s
[LOG] generator call logged to generator_test_eval_232_20260222_075749_991.json
[GENERATOR] Starting call test_eval_264...
[GENERATOR] Call test_eval_262 completed in 4.09s
[LOG] generator call logged to generator_test_eval_262_20260222_075750_766.json
[GENERATOR] Starting call test_eval_265...
[GENERATOR] Call test_eval_233 completed in 44.64s
[LOG] generator call logged to generator_test_eval_233_20260222_075753_007.json
[GENERATOR] Starting call test_eval_266...
[GENERATOR] Call test_eval_263 completed in 6.56s
[LOG] generator call logged to generator_test_eval_263_20260222_075753_723.json
[GENERATOR] Starting call test_eval_267...
[GENERATOR] Call test_eval_230 completed in 50.06s
[LOG] generator call logged to generator_test_eval_230_20260222_075755_461.json
[GENERATOR] Starting call test_eval_268...
[GENERATOR] Call test_eval_265 completed in 5.80s
[LOG] generator call logged to generator_test_eval_265_20260222_075756_565.json
[GENERATOR] Starting call test_eval_269...
Progress: 250/1080, Accuracy: 0.380
[GENERATOR] Call test_eval_264 completed in 7.91s
[LOG] generator call logged to generator_test_eval_264_20260222_075757_908.json
[GENERATOR] Starting call test_eval_270...
[GENERATOR] Call test_eval_234 completed in 49.70s
[LOG] generator call logged to generator_test_eval_234_20260222_075759_664.json
[GENERATOR] Starting call test_eval_271...
[GENERATOR] Call test_eval_266 completed in 6.67s
[LOG] generator call logged to generator_test_eval_266_20260222_075759_680.json
[GENERATOR] Starting call test_eval_272...
[GENERATOR] Call test_eval_240 completed in 41.74s
[LOG] generator call logged to generator_test_eval_240_20260222_075759_868.json
[GENERATOR] Starting call test_eval_273...
[GENERATOR] Call test_eval_269 completed in 5.96s
[LOG] generator call logged to generator_test_eval_269_20260222_075802_530.json
[GENERATOR] Starting call test_eval_274...
[GENERATOR] Call test_eval_241 completed in 44.00s
[LOG] generator call logged to generator_test_eval_241_20260222_075802_642.json
[GENERATOR] Starting call test_eval_275...
[GENERATOR] Call test_eval_270 completed in 5.79s
[LOG] generator call logged to generator_test_eval_270_20260222_075803_697.json
[GENERATOR] Starting call test_eval_276...
[GENERATOR] Call test_eval_272 completed in 5.92s
[LOG] generator call logged to generator_test_eval_272_20260222_075805_602.json
[GENERATOR] Starting call test_eval_277...
[GENERATOR] Call test_eval_243 completed in 44.88s
[LOG] generator call logged to generator_test_eval_243_20260222_075806_085.json
[GENERATOR] Starting call test_eval_278...
[GENERATOR] Call test_eval_273 completed in 6.85s
[LOG] generator call logged to generator_test_eval_273_20260222_075806_723.json
[GENERATOR] Starting call test_eval_279...
[GENERATOR] Call test_eval_244 completed in 47.69s
[LOG] generator call logged to generator_test_eval_244_20260222_075809_467.json
[GENERATOR] Starting call test_eval_280...
[GENERATOR] Call test_eval_279 completed in 3.29s
[LOG] generator call logged to generator_test_eval_279_20260222_075810_016.json
[GENERATOR] Starting call test_eval_281...
[GENERATOR] Call test_eval_251 completed in 37.41s
[LOG] generator call logged to generator_test_eval_251_20260222_075811_230.json
[GENERATOR] Starting call test_eval_282...
[GENERATOR] Call test_eval_252 completed in 39.22s
[LOG] generator call logged to generator_test_eval_252_20260222_075813_179.json
[GENERATOR] Starting call test_eval_283...
[GENERATOR] Call test_eval_254 completed in 38.66s
[LOG] generator call logged to generator_test_eval_254_20260222_075815_797.json
[GENERATOR] Starting call test_eval_284...
[GENERATOR] Call test_eval_255 completed in 38.67s
[LOG] generator call logged to generator_test_eval_255_20260222_075815_926.json
[GENERATOR] Starting call test_eval_285...
[GENERATOR] Call test_eval_282 completed in 6.33s
[LOG] generator call logged to generator_test_eval_282_20260222_075817_559.json
[GENERATOR] Starting call test_eval_286...
[GENERATOR] Call test_eval_257 completed in 39.00s
[LOG] generator call logged to generator_test_eval_257_20260222_075818_997.json
[GENERATOR] Starting call test_eval_287...
[GENERATOR] Call test_eval_283 completed in 6.03s
[LOG] generator call logged to generator_test_eval_283_20260222_075819_209.json
[GENERATOR] Starting call test_eval_288...
[GENERATOR] Call test_eval_259 completed in 38.30s
[LOG] generator call logged to generator_test_eval_259_20260222_075821_679.json
[GENERATOR] Starting call test_eval_289...
[GENERATOR] Call test_eval_286 completed in 4.85s
[LOG] generator call logged to generator_test_eval_286_20260222_075822_411.json
[GENERATOR] Starting call test_eval_290...
[GENERATOR] Call test_eval_284 completed in 6.90s
[LOG] generator call logged to generator_test_eval_284_20260222_075822_701.json
[GENERATOR] Starting call test_eval_291...
[GENERATOR] Call test_eval_260 completed in 39.26s
[LOG] generator call logged to generator_test_eval_260_20260222_075822_981.json
[GENERATOR] Starting call test_eval_292...
[GENERATOR] Call test_eval_290 completed in 3.41s
[LOG] generator call logged to generator_test_eval_290_20260222_075825_826.json
[GENERATOR] Starting call test_eval_293...
[GENERATOR] Call test_eval_261 completed in 40.68s
[LOG] generator call logged to generator_test_eval_261_20260222_075826_967.json
[GENERATOR] Starting call test_eval_294...
[GENERATOR] Call test_eval_291 completed in 6.66s
[LOG] generator call logged to generator_test_eval_291_20260222_075829_361.json
[GENERATOR] Starting call test_eval_295...
[GENERATOR] Call test_eval_287 completed in 11.02s
[LOG] generator call logged to generator_test_eval_287_20260222_075830_015.json
[GENERATOR] Starting call test_eval_296...
[GENERATOR] Call test_eval_294 completed in 3.55s
[LOG] generator call logged to generator_test_eval_294_20260222_075830_522.json
[GENERATOR] Starting call test_eval_297...
[GENERATOR] Call test_eval_267 completed in 37.58s
[LOG] generator call logged to generator_test_eval_267_20260222_075831_304.json
[GENERATOR] Starting call test_eval_298...
[GENERATOR] Call test_eval_292 completed in 9.27s
[LOG] generator call logged to generator_test_eval_292_20260222_075832_256.json
[GENERATOR] Starting call test_eval_299...
[GENERATOR] Call test_eval_271 completed in 37.05s
[LOG] generator call logged to generator_test_eval_271_20260222_075836_717.json
[GENERATOR] Starting call test_eval_300...
[GENERATOR] Call test_eval_268 completed in 42.67s
[LOG] generator call logged to generator_test_eval_268_20260222_075838_129.json
[GENERATOR] Starting call test_eval_301...
[GENERATOR] Call test_eval_274 completed in 38.09s
[LOG] generator call logged to generator_test_eval_274_20260222_075840_622.json
[GENERATOR] Starting call test_eval_302...
[GENERATOR] Call test_eval_300 completed in 4.75s
[LOG] generator call logged to generator_test_eval_300_20260222_075841_469.json
[GENERATOR] Starting call test_eval_303...
[GENERATOR] Call test_eval_276 completed in 37.99s
[LOG] generator call logged to generator_test_eval_276_20260222_075841_686.json
[GENERATOR] Starting call test_eval_304...
[GENERATOR] Call test_eval_277 completed in 38.88s
[LOG] generator call logged to generator_test_eval_277_20260222_075844_488.json
[GENERATOR] Starting call test_eval_305...
[GENERATOR] Call test_eval_302 completed in 5.01s
[LOG] generator call logged to generator_test_eval_302_20260222_075845_637.json
[GENERATOR] Starting call test_eval_306...
[GENERATOR] Call test_eval_303 completed in 5.08s
[LOG] generator call logged to generator_test_eval_303_20260222_075846_548.json
[GENERATOR] Starting call test_eval_307...
[GENERATOR] Call test_eval_280 completed in 38.71s
[LOG] generator call logged to generator_test_eval_280_20260222_075848_177.json
[GENERATOR] Starting call test_eval_308...
[GENERATOR] Call test_eval_278 completed in 42.10s
[LOG] generator call logged to generator_test_eval_278_20260222_075848_184.json
[GENERATOR] Starting call test_eval_309...
[GENERATOR] Call test_eval_304 completed in 6.87s
[LOG] generator call logged to generator_test_eval_304_20260222_075848_556.json
[GENERATOR] Starting call test_eval_310...
[GENERATOR] Call test_eval_306 completed in 3.82s
[LOG] generator call logged to generator_test_eval_306_20260222_075849_457.json
[GENERATOR] Starting call test_eval_311...
[GENERATOR] Call test_eval_281 completed in 41.15s
[LOG] generator call logged to generator_test_eval_281_20260222_075851_172.json
[GENERATOR] Starting call test_eval_312...
[GENERATOR] Call test_eval_308 completed in 4.24s
[LOG] generator call logged to generator_test_eval_308_20260222_075852_424.json
[GENERATOR] Starting call test_eval_313...
[GENERATOR] Call test_eval_285 completed in 36.50s
[LOG] generator call logged to generator_test_eval_285_20260222_075852_431.json
[GENERATOR] Starting call test_eval_314...
[GENERATOR] Call test_eval_307 completed in 7.04s
[LOG] generator call logged to generator_test_eval_307_20260222_075853_592.json
[GENERATOR] Starting call test_eval_315...
[GENERATOR] Call test_eval_288 completed in 34.76s
[LOG] generator call logged to generator_test_eval_288_20260222_075853_967.json
[GENERATOR] Starting call test_eval_316...
[GENERATOR] Call test_eval_289 completed in 34.09s
[LOG] generator call logged to generator_test_eval_289_20260222_075855_775.json
[GENERATOR] Starting call test_eval_317...
[GENERATOR] Call test_eval_296 completed in 26.99s
[LOG] generator call logged to generator_test_eval_296_20260222_075857_009.json
[GENERATOR] Starting call test_eval_318...
[GENERATOR] Call test_eval_310 completed in 8.48s
[LOG] generator call logged to generator_test_eval_310_20260222_075857_038.json
[GENERATOR] Starting call test_eval_319...
Progress: 300/1080, Accuracy: 0.380
[GENERATOR] Call test_eval_305 completed in 13.46s
[LOG] generator call logged to generator_test_eval_305_20260222_075857_946.json
[GENERATOR] Starting call test_eval_320...
[GENERATOR] Call test_eval_297 completed in 27.95s
[LOG] generator call logged to generator_test_eval_297_20260222_075858_472.json
[GENERATOR] Starting call test_eval_321...
[GENERATOR] Call test_eval_298 completed in 28.75s
[LOG] generator call logged to generator_test_eval_298_20260222_075900_059.json
[GENERATOR] Starting call test_eval_322...
[GENERATOR] Call test_eval_312 completed in 9.38s
[LOG] generator call logged to generator_test_eval_312_20260222_075900_554.json
[GENERATOR] Starting call test_eval_323...
[GENERATOR] Call test_eval_293 completed in 35.17s
[LOG] generator call logged to generator_test_eval_293_20260222_075901_000.json
[GENERATOR] Starting call test_eval_324...
[GENERATOR] Call test_eval_299 completed in 29.66s
[LOG] generator call logged to generator_test_eval_299_20260222_075901_919.json
[GENERATOR] Starting call test_eval_325...
[GENERATOR] Call test_eval_311 completed in 14.89s
[LOG] generator call logged to generator_test_eval_311_20260222_075904_347.json
[GENERATOR] Starting call test_eval_326...
[GENERATOR] Call test_eval_236 completed in 111.15s
[LOG] generator call logged to generator_test_eval_236_20260222_075904_687.json
[GENERATOR] Starting call test_eval_327...
[GENERATOR] Call test_eval_309 completed in 16.91s
[LOG] generator call logged to generator_test_eval_309_20260222_075905_096.json
[GENERATOR] Starting call test_eval_328...
[GENERATOR] Call test_eval_301 completed in 28.25s
[LOG] generator call logged to generator_test_eval_301_20260222_075906_378.json
[GENERATOR] Starting call test_eval_329...
[GENERATOR] Call test_eval_247 completed in 98.91s
[LOG] generator call logged to generator_test_eval_247_20260222_075907_494.json
[GENERATOR] Starting call test_eval_330...
[GENERATOR] Call test_eval_295 completed in 39.00s
[LOG] generator call logged to generator_test_eval_295_20260222_075908_362.json
[GENERATOR] Starting call test_eval_331...
[GENERATOR] Call test_eval_313 completed in 16.46s
[LOG] generator call logged to generator_test_eval_313_20260222_075908_882.json
[GENERATOR] Starting call test_eval_332...
[GENERATOR] Call test_eval_314 completed in 17.58s
[LOG] generator call logged to generator_test_eval_314_20260222_075910_012.json
[GENERATOR] Starting call test_eval_333...
[GENERATOR] Call test_eval_316 completed in 16.99s
[LOG] generator call logged to generator_test_eval_316_20260222_075910_957.json
[GENERATOR] Starting call test_eval_334...
[GENERATOR] Call test_eval_275 completed in 69.33s
[LOG] generator call logged to generator_test_eval_275_20260222_075911_979.json
[GENERATOR] Starting call test_eval_335...
[GENERATOR] Call test_eval_315 completed in 18.99s
[LOG] generator call logged to generator_test_eval_315_20260222_075912_582.json
[GENERATOR] Starting call test_eval_336...
[GENERATOR] Call test_eval_318 completed in 15.63s
[LOG] generator call logged to generator_test_eval_318_20260222_075912_644.json
[GENERATOR] Starting call test_eval_337...
[GENERATOR] Call test_eval_317 completed in 19.06s
[LOG] generator call logged to generator_test_eval_317_20260222_075914_835.json
[GENERATOR] Starting call test_eval_338...
[GENERATOR] Call test_eval_320 completed in 18.44s
[LOG] generator call logged to generator_test_eval_320_20260222_075916_390.json
[GENERATOR] Starting call test_eval_339...
[GENERATOR] Call test_eval_324 completed in 17.92s
[LOG] generator call logged to generator_test_eval_324_20260222_075918_918.json
[GENERATOR] Starting call test_eval_340...
[GENERATOR] Call test_eval_328 completed in 16.68s
[LOG] generator call logged to generator_test_eval_328_20260222_075921_781.json
[GENERATOR] Starting call test_eval_341...
[GENERATOR] Call test_eval_331 completed in 13.79s
[LOG] generator call logged to generator_test_eval_331_20260222_075922_155.json
[GENERATOR] Starting call test_eval_342...
[GENERATOR] Call test_eval_319 completed in 25.57s
[LOG] generator call logged to generator_test_eval_319_20260222_075922_609.json
[GENERATOR] Starting call test_eval_343...
[GENERATOR] Call test_eval_321 completed in 25.54s
[LOG] generator call logged to generator_test_eval_321_20260222_075924_019.json
[GENERATOR] Starting call test_eval_344...
[GENERATOR] Call test_eval_335 completed in 13.39s
[LOG] generator call logged to generator_test_eval_335_20260222_075925_372.json
[GENERATOR] Starting call test_eval_345...
[GENERATOR] Call test_eval_332 completed in 16.52s
[LOG] generator call logged to generator_test_eval_332_20260222_075925_401.json
[GENERATOR] Starting call test_eval_346...
[GENERATOR] Call test_eval_323 completed in 26.84s
[LOG] generator call logged to generator_test_eval_323_20260222_075927_402.json
[GENERATOR] Starting call test_eval_347...
[GENERATOR] Call test_eval_343 completed in 5.62s
[LOG] generator call logged to generator_test_eval_343_20260222_075928_237.json
[GENERATOR] Starting call test_eval_348...
[GENERATOR] Call test_eval_339 completed in 13.18s
[LOG] generator call logged to generator_test_eval_339_20260222_075929_571.json
[GENERATOR] Starting call test_eval_349...
[GENERATOR] Call test_eval_325 completed in 28.71s
[LOG] generator call logged to generator_test_eval_325_20260222_075930_629.json
[GENERATOR] Starting call test_eval_350...
[GENERATOR] Call test_eval_322 completed in 31.86s
[LOG] generator call logged to generator_test_eval_322_20260222_075931_925.json
[GENERATOR] Starting call test_eval_351...
[GENERATOR] Call test_eval_347 completed in 4.93s
[LOG] generator call logged to generator_test_eval_347_20260222_075932_335.json
[GENERATOR] Starting call test_eval_352...
[GENERATOR] Call test_eval_345 completed in 7.78s
[LOG] generator call logged to generator_test_eval_345_20260222_075933_151.json
[GENERATOR] Starting call test_eval_353...
[GENERATOR] Call test_eval_326 completed in 29.83s
[LOG] generator call logged to generator_test_eval_326_20260222_075934_177.json
[GENERATOR] Starting call test_eval_354...
[GENERATOR] Call test_eval_327 completed in 30.51s
[LOG] generator call logged to generator_test_eval_327_20260222_075935_199.json
[GENERATOR] Starting call test_eval_355...
[GENERATOR] Call test_eval_352 completed in 4.60s
[LOG] generator call logged to generator_test_eval_352_20260222_075936_932.json
[GENERATOR] Starting call test_eval_356...
[GENERATOR] Call test_eval_329 completed in 31.79s
[LOG] generator call logged to generator_test_eval_329_20260222_075938_169.json
[GENERATOR] Starting call test_eval_357...
[GENERATOR] Call test_eval_330 completed in 31.03s
[LOG] generator call logged to generator_test_eval_330_20260222_075938_530.json
[GENERATOR] Starting call test_eval_358...
[GENERATOR] Call test_eval_350 completed in 9.82s
[LOG] generator call logged to generator_test_eval_350_20260222_075940_452.json
[GENERATOR] Starting call test_eval_359...
[GENERATOR] Call test_eval_355 completed in 5.96s
[LOG] generator call logged to generator_test_eval_355_20260222_075941_156.json
[GENERATOR] Starting call test_eval_360...
[GENERATOR] Call test_eval_333 completed in 31.64s
[LOG] generator call logged to generator_test_eval_333_20260222_075941_649.json
[GENERATOR] Starting call test_eval_361...
[GENERATOR] Call test_eval_334 completed in 31.34s
[LOG] generator call logged to generator_test_eval_334_20260222_075942_294.json
[GENERATOR] Starting call test_eval_362...
[GENERATOR] Call test_eval_359 completed in 3.07s
[LOG] generator call logged to generator_test_eval_359_20260222_075943_525.json
[GENERATOR] Starting call test_eval_363...
[GENERATOR] Call test_eval_337 completed in 32.90s
[LOG] generator call logged to generator_test_eval_337_20260222_075945_545.json
[GENERATOR] Starting call test_eval_364...
[GENERATOR] Call test_eval_336 completed in 33.10s
[LOG] generator call logged to generator_test_eval_336_20260222_075945_681.json
[GENERATOR] Starting call test_eval_365...
[GENERATOR] Call test_eval_338 completed in 33.78s
[LOG] generator call logged to generator_test_eval_338_20260222_075948_620.json
[GENERATOR] Starting call test_eval_366...
[GENERATOR] Call test_eval_361 completed in 8.18s
[LOG] generator call logged to generator_test_eval_361_20260222_075949_836.json
[GENERATOR] Starting call test_eval_367...
[GENERATOR] Call test_eval_363 completed in 7.26s
[LOG] generator call logged to generator_test_eval_363_20260222_075950_785.json
[GENERATOR] Starting call test_eval_368...
[GENERATOR] Call test_eval_340 completed in 33.14s
[LOG] generator call logged to generator_test_eval_340_20260222_075952_057.json
[GENERATOR] Starting call test_eval_369...
Progress: 350/1080, Accuracy: 0.371
[GENERATOR] Call test_eval_341 completed in 30.83s
[LOG] generator call logged to generator_test_eval_341_20260222_075952_611.json
[GENERATOR] Starting call test_eval_370...
[GENERATOR] Call test_eval_364 completed in 8.85s
[LOG] generator call logged to generator_test_eval_364_20260222_075954_399.json
[GENERATOR] Starting call test_eval_371...
[GENERATOR] Call test_eval_342 completed in 33.29s
[LOG] generator call logged to generator_test_eval_342_20260222_075955_444.json
[GENERATOR] Starting call test_eval_372...
[GENERATOR] Call test_eval_344 completed in 31.47s
[LOG] generator call logged to generator_test_eval_344_20260222_075955_485.json
[GENERATOR] Starting call test_eval_373...
[GENERATOR] Call test_eval_365 completed in 10.40s
[LOG] generator call logged to generator_test_eval_365_20260222_075956_079.json
[GENERATOR] Starting call test_eval_374...
[GENERATOR] Call test_eval_368 completed in 6.84s
[LOG] generator call logged to generator_test_eval_368_20260222_075957_629.json
[GENERATOR] Starting call test_eval_375...
[GENERATOR] Call test_eval_348 completed in 30.83s
[LOG] generator call logged to generator_test_eval_348_20260222_075959_068.json
[GENERATOR] Starting call test_eval_376...
[GENERATOR] Call test_eval_370 completed in 7.11s
[LOG] generator call logged to generator_test_eval_370_20260222_075959_724.json
[GENERATOR] Starting call test_eval_377...
[GENERATOR] Call test_eval_346 completed in 34.54s
[LOG] generator call logged to generator_test_eval_346_20260222_075959_947.json
[GENERATOR] Starting call test_eval_378...
[GENERATOR] Call test_eval_371 completed in 8.34s
[LOG] generator call logged to generator_test_eval_371_20260222_080002_739.json
[GENERATOR] Starting call test_eval_379...
[GENERATOR] Call test_eval_373 completed in 7.43s
[LOG] generator call logged to generator_test_eval_373_20260222_080002_913.json
[GENERATOR] Starting call test_eval_380...
[GENERATOR] Call test_eval_351 completed in 31.53s
[LOG] generator call logged to generator_test_eval_351_20260222_080003_462.json
[GENERATOR] Starting call test_eval_381...
[GENERATOR] Call test_eval_349 completed in 34.85s
[LOG] generator call logged to generator_test_eval_349_20260222_080004_419.json
[GENERATOR] Starting call test_eval_382...
[GENERATOR] Call test_eval_374 completed in 9.12s
[LOG] generator call logged to generator_test_eval_374_20260222_080005_200.json
[GENERATOR] Starting call test_eval_383...
[GENERATOR] Call test_eval_376 completed in 7.23s
[LOG] generator call logged to generator_test_eval_376_20260222_080006_298.json
[GENERATOR] Starting call test_eval_384...
[GENERATOR] Call test_eval_354 completed in 34.36s
[LOG] generator call logged to generator_test_eval_354_20260222_080008_543.json
[GENERATOR] Starting call test_eval_385...
[GENERATOR] Call test_eval_377 completed in 8.84s
[LOG] generator call logged to generator_test_eval_377_20260222_080008_570.json
[GENERATOR] Starting call test_eval_386...
[GENERATOR] Call test_eval_378 completed in 9.49s
[LOG] generator call logged to generator_test_eval_378_20260222_080009_435.json
[GENERATOR] Starting call test_eval_387...
[GENERATOR] Call test_eval_353 completed in 37.53s
[LOG] generator call logged to generator_test_eval_353_20260222_080010_680.json
[GENERATOR] Starting call test_eval_388...
[GENERATOR] Call test_eval_380 completed in 8.92s
[LOG] generator call logged to generator_test_eval_380_20260222_080011_840.json
[GENERATOR] Starting call test_eval_389...
[GENERATOR] Call test_eval_382 completed in 8.88s
[LOG] generator call logged to generator_test_eval_382_20260222_080013_296.json
[GENERATOR] Starting call test_eval_390...
[GENERATOR] Call test_eval_357 completed in 35.54s
[LOG] generator call logged to generator_test_eval_357_20260222_080013_704.json
[GENERATOR] Starting call test_eval_391...
[GENERATOR] Call test_eval_386 completed in 7.87s
[LOG] generator call logged to generator_test_eval_386_20260222_080016_440.json
[GENERATOR] Starting call test_eval_392...
[GENERATOR] Call test_eval_358 completed in 39.02s
[LOG] generator call logged to generator_test_eval_358_20260222_080017_556.json
[GENERATOR] Starting call test_eval_393...
[GENERATOR] Call test_eval_356 completed in 41.15s
[LOG] generator call logged to generator_test_eval_356_20260222_080018_080.json
[GENERATOR] Starting call test_eval_394...
[GENERATOR] Call test_eval_390 completed in 6.65s
[LOG] generator call logged to generator_test_eval_390_20260222_080019_945.json
[GENERATOR] Starting call test_eval_395...
[GENERATOR] Call test_eval_388 completed in 10.70s
[LOG] generator call logged to generator_test_eval_388_20260222_080021_386.json
[GENERATOR] Starting call test_eval_396...
[GENERATOR] Call test_eval_360 completed in 40.41s
[LOG] generator call logged to generator_test_eval_360_20260222_080021_566.json
[GENERATOR] Starting call test_eval_397...
[GENERATOR] Call test_eval_362 completed in 40.35s
[LOG] generator call logged to generator_test_eval_362_20260222_080022_645.json
[GENERATOR] Starting call test_eval_398...
[GENERATOR] Call test_eval_366 completed in 37.13s
[LOG] generator call logged to generator_test_eval_366_20260222_080025_756.json
[GENERATOR] Starting call test_eval_399...
[GENERATOR] Call test_eval_367 completed in 36.46s
[LOG] generator call logged to generator_test_eval_367_20260222_080026_300.json
[GENERATOR] Starting call test_eval_400...
[GENERATOR] Call test_eval_369 completed in 36.85s
[LOG] generator call logged to generator_test_eval_369_20260222_080028_908.json
[GENERATOR] Starting call test_eval_401...
[GENERATOR] Call test_eval_372 completed in 34.39s
[LOG] generator call logged to generator_test_eval_372_20260222_080029_834.json
[GENERATOR] Starting call test_eval_402...
[GENERATOR] Call test_eval_396 completed in 8.58s
[LOG] generator call logged to generator_test_eval_396_20260222_080029_969.json
[GENERATOR] Starting call test_eval_403...
[GENERATOR] Call test_eval_375 completed in 33.90s
[LOG] generator call logged to generator_test_eval_375_20260222_080031_536.json
[GENERATOR] Starting call test_eval_404...
[GENERATOR] Call test_eval_379 completed in 30.00s
[LOG] generator call logged to generator_test_eval_379_20260222_080032_739.json
[GENERATOR] Starting call test_eval_405...
[GENERATOR] Call test_eval_399 completed in 7.51s
[LOG] generator call logged to generator_test_eval_399_20260222_080033_266.json
[GENERATOR] Starting call test_eval_406...
[GENERATOR] Call test_eval_381 completed in 31.54s
[LOG] generator call logged to generator_test_eval_381_20260222_080035_004.json
[GENERATOR] Starting call test_eval_407...
[GENERATOR] Call test_eval_383 completed in 31.24s
[LOG] generator call logged to generator_test_eval_383_20260222_080036_438.json
[GENERATOR] Starting call test_eval_408...
[GENERATOR] Call test_eval_402 completed in 7.25s
[LOG] generator call logged to generator_test_eval_402_20260222_080037_082.json
[GENERATOR] Starting call test_eval_409...
[GENERATOR] Call test_eval_397 completed in 16.00s
[LOG] generator call logged to generator_test_eval_397_20260222_080037_563.json
[GENERATOR] Starting call test_eval_410...
[GENERATOR] Call test_eval_384 completed in 31.29s
[LOG] generator call logged to generator_test_eval_384_20260222_080037_588.json
[GENERATOR] Starting call test_eval_411...
[GENERATOR] Call test_eval_403 completed in 10.46s
[LOG] generator call logged to generator_test_eval_403_20260222_080040_434.json
[GENERATOR] Starting call test_eval_412...
[GENERATOR] Call test_eval_387 completed in 31.40s
[LOG] generator call logged to generator_test_eval_387_20260222_080040_838.json
[GENERATOR] Starting call test_eval_413...
[GENERATOR] Call test_eval_385 completed in 32.35s
[LOG] generator call logged to generator_test_eval_385_20260222_080040_894.json
[GENERATOR] Starting call test_eval_414...
[GENERATOR] Call test_eval_389 completed in 34.23s
[LOG] generator call logged to generator_test_eval_389_20260222_080046_072.json
[GENERATOR] Starting call test_eval_415...
[GENERATOR] Call test_eval_410 completed in 8.86s
[LOG] generator call logged to generator_test_eval_410_20260222_080046_430.json
[GENERATOR] Starting call test_eval_416...
[GENERATOR] Call test_eval_391 completed in 33.28s
[LOG] generator call logged to generator_test_eval_391_20260222_080046_983.json
[GENERATOR] Starting call test_eval_417...
[GENERATOR] Call test_eval_409 completed in 10.03s
[LOG] generator call logged to generator_test_eval_409_20260222_080047_117.json
[GENERATOR] Starting call test_eval_418...
[GENERATOR] Call test_eval_413 completed in 9.39s
[LOG] generator call logged to generator_test_eval_413_20260222_080050_231.json
[GENERATOR] Starting call test_eval_419...
Progress: 400/1080, Accuracy: 0.370
[GENERATOR] Call test_eval_392 completed in 34.74s
[LOG] generator call logged to generator_test_eval_392_20260222_080051_184.json
[GENERATOR] Starting call test_eval_420...
[GENERATOR] Call test_eval_393 completed in 35.08s
[LOG] generator call logged to generator_test_eval_393_20260222_080052_639.json
[GENERATOR] Starting call test_eval_421...
[GENERATOR] Call test_eval_394 completed in 36.35s
[LOG] generator call logged to generator_test_eval_394_20260222_080054_428.json
[GENERATOR] Starting call test_eval_422...
[GENERATOR] Call test_eval_416 completed in 8.95s
[LOG] generator call logged to generator_test_eval_416_20260222_080055_383.json
[GENERATOR] Starting call test_eval_423...
[GENERATOR] Call test_eval_395 completed in 38.92s
[LOG] generator call logged to generator_test_eval_395_20260222_080058_862.json
[GENERATOR] Starting call test_eval_424...
[GENERATOR] Call test_eval_421 completed in 6.39s
[LOG] generator call logged to generator_test_eval_421_20260222_080059_030.json
[GENERATOR] Starting call test_eval_425...
[GENERATOR] Call test_eval_398 completed in 37.13s
[LOG] generator call logged to generator_test_eval_398_20260222_080059_773.json
[GENERATOR] Starting call test_eval_426...
[GENERATOR] Call test_eval_417 completed in 14.25s
[LOG] generator call logged to generator_test_eval_417_20260222_080101_232.json
[GENERATOR] Starting call test_eval_427...
[GENERATOR] Call test_eval_400 completed in 35.34s
[LOG] generator call logged to generator_test_eval_400_20260222_080101_639.json
[GENERATOR] Starting call test_eval_428...
[GENERATOR] Call test_eval_401 completed in 35.27s
[LOG] generator call logged to generator_test_eval_401_20260222_080104_178.json
[GENERATOR] Starting call test_eval_429...
[GENERATOR] Call test_eval_404 completed in 34.02s
[LOG] generator call logged to generator_test_eval_404_20260222_080105_557.json
[GENERATOR] Starting call test_eval_430...
[GENERATOR] Call test_eval_423 completed in 14.74s
[LOG] generator call logged to generator_test_eval_423_20260222_080110_127.json
[GENERATOR] Starting call test_eval_431...
[GENERATOR] Call test_eval_425 completed in 14.17s
[LOG] generator call logged to generator_test_eval_425_20260222_080113_199.json
[GENERATOR] Starting call test_eval_432...
[GENERATOR] Call test_eval_405 completed in 41.07s
[LOG] generator call logged to generator_test_eval_405_20260222_080113_814.json
[GENERATOR] Starting call test_eval_433...
[GENERATOR] Call test_eval_406 completed in 42.60s
[LOG] generator call logged to generator_test_eval_406_20260222_080115_863.json
[GENERATOR] Starting call test_eval_434...
[GENERATOR] Call test_eval_407 completed in 44.75s
[GENERATOR] Call test_eval_426 completed in 19.98s
[LOG] generator call logged to generator_test_eval_407_20260222_080119_754.json
[GENERATOR] Starting call test_eval_435...
[LOG] generator call logged to generator_test_eval_426_20260222_080119_755.json
[GENERATOR] Starting call test_eval_436...
[GENERATOR] Call test_eval_408 completed in 43.91s
[LOG] generator call logged to generator_test_eval_408_20260222_080120_347.json
[GENERATOR] Starting call test_eval_437...
[GENERATOR] Call test_eval_428 completed in 19.59s
[LOG] generator call logged to generator_test_eval_428_20260222_080121_235.json
[GENERATOR] Starting call test_eval_438...
[GENERATOR] Call test_eval_433 completed in 9.10s
[LOG] generator call logged to generator_test_eval_433_20260222_080122_920.json
[GENERATOR] Starting call test_eval_439...
[GENERATOR] Call test_eval_411 completed in 47.11s
[LOG] generator call logged to generator_test_eval_411_20260222_080124_699.json
[GENERATOR] Starting call test_eval_440...
[GENERATOR] Call test_eval_412 completed in 44.46s
[LOG] generator call logged to generator_test_eval_412_20260222_080124_901.json
[GENERATOR] Starting call test_eval_441...
[GENERATOR] Call test_eval_435 completed in 5.47s
[LOG] generator call logged to generator_test_eval_435_20260222_080125_223.json
[GENERATOR] Starting call test_eval_442...
[GENERATOR] Call test_eval_415 completed in 42.31s
[LOG] generator call logged to generator_test_eval_415_20260222_080128_386.json
[GENERATOR] Starting call test_eval_443...
[GENERATOR] Call test_eval_437 completed in 8.56s
[LOG] generator call logged to generator_test_eval_437_20260222_080128_912.json
[GENERATOR] Starting call test_eval_444...
[GENERATOR] Call test_eval_414 completed in 48.39s
[LOG] generator call logged to generator_test_eval_414_20260222_080129_285.json
[GENERATOR] Starting call test_eval_445...
[GENERATOR] Call test_eval_439 completed in 8.68s
[LOG] generator call logged to generator_test_eval_439_20260222_080131_604.json
[GENERATOR] Starting call test_eval_446...
[GENERATOR] Call test_eval_441 completed in 7.79s
[LOG] generator call logged to generator_test_eval_441_20260222_080132_688.json
[GENERATOR] Starting call test_eval_447...
[GENERATOR] Call test_eval_419 completed in 42.75s
[LOG] generator call logged to generator_test_eval_419_20260222_080132_987.json
[GENERATOR] Starting call test_eval_448...
[GENERATOR] Call test_eval_418 completed in 46.91s
[LOG] generator call logged to generator_test_eval_418_20260222_080134_030.json
[GENERATOR] Starting call test_eval_449...
[GENERATOR] Call test_eval_420 completed in 45.04s
[LOG] generator call logged to generator_test_eval_420_20260222_080136_223.json
[GENERATOR] Starting call test_eval_450...
[GENERATOR] Call test_eval_422 completed in 42.73s
[LOG] generator call logged to generator_test_eval_422_20260222_080137_162.json
[GENERATOR] Starting call test_eval_451...
[GENERATOR] Call test_eval_443 completed in 8.98s
[LOG] generator call logged to generator_test_eval_443_20260222_080137_367.json
[GENERATOR] Starting call test_eval_452...
[GENERATOR] Call test_eval_424 completed in 41.37s
[LOG] generator call logged to generator_test_eval_424_20260222_080140_234.json
[GENERATOR] Starting call test_eval_453...
[GENERATOR] Call test_eval_427 completed in 39.32s
[LOG] generator call logged to generator_test_eval_427_20260222_080140_553.json
[GENERATOR] Starting call test_eval_454...
[GENERATOR] Call test_eval_449 completed in 8.35s
[LOG] generator call logged to generator_test_eval_449_20260222_080142_381.json
[GENERATOR] Starting call test_eval_455...
[GENERATOR] Call test_eval_429 completed in 38.84s
[LOG] generator call logged to generator_test_eval_429_20260222_080143_022.json
[GENERATOR] Starting call test_eval_456...
[GENERATOR] Call test_eval_430 completed in 38.26s
[LOG] generator call logged to generator_test_eval_430_20260222_080143_818.json
[GENERATOR] Starting call test_eval_457...
[GENERATOR] Call test_eval_452 completed in 8.36s
[LOG] generator call logged to generator_test_eval_452_20260222_080145_732.json
[GENERATOR] Starting call test_eval_458...
[GENERATOR] Call test_eval_447 completed in 13.20s
[LOG] generator call logged to generator_test_eval_447_20260222_080145_890.json
[GENERATOR] Starting call test_eval_459...
[GENERATOR] Call test_eval_432 completed in 33.49s
[LOG] generator call logged to generator_test_eval_432_20260222_080146_689.json
[GENERATOR] Starting call test_eval_460...
[GENERATOR] Call test_eval_431 completed in 37.27s
[LOG] generator call logged to generator_test_eval_431_20260222_080147_399.json
[GENERATOR] Starting call test_eval_461...
[GENERATOR] Call test_eval_454 completed in 7.67s
[LOG] generator call logged to generator_test_eval_454_20260222_080148_222.json
[GENERATOR] Starting call test_eval_462...
[GENERATOR] Call test_eval_457 completed in 5.83s
[LOG] generator call logged to generator_test_eval_457_20260222_080149_655.json
[GENERATOR] Starting call test_eval_463...
[GENERATOR] Call test_eval_456 completed in 6.94s
[LOG] generator call logged to generator_test_eval_456_20260222_080149_962.json
[GENERATOR] Starting call test_eval_464...
[GENERATOR] Call test_eval_434 completed in 35.27s
[LOG] generator call logged to generator_test_eval_434_20260222_080151_140.json
[GENERATOR] Starting call test_eval_465...
[GENERATOR] Call test_eval_436 completed in 32.16s
[LOG] generator call logged to generator_test_eval_436_20260222_080151_924.json
[GENERATOR] Starting call test_eval_466...
[GENERATOR] Call test_eval_455 completed in 10.03s
[LOG] generator call logged to generator_test_eval_455_20260222_080152_415.json
[GENERATOR] Starting call test_eval_467...
[GENERATOR] Call test_eval_459 completed in 6.54s
[LOG] generator call logged to generator_test_eval_459_20260222_080152_427.json
[GENERATOR] Starting call test_eval_468...
[GENERATOR] Call test_eval_458 completed in 6.84s
[LOG] generator call logged to generator_test_eval_458_20260222_080152_580.json
[GENERATOR] Starting call test_eval_469...
Progress: 450/1080, Accuracy: 0.371
[GENERATOR] Call test_eval_440 completed in 30.11s
[LOG] generator call logged to generator_test_eval_440_20260222_080154_815.json
[GENERATOR] Starting call test_eval_470...
[GENERATOR] Call test_eval_438 completed in 33.84s
[LOG] generator call logged to generator_test_eval_438_20260222_080155_075.json
[GENERATOR] Starting call test_eval_471...
[GENERATOR] Call test_eval_461 completed in 7.84s
[LOG] generator call logged to generator_test_eval_461_20260222_080155_236.json
[GENERATOR] Starting call test_eval_472...
[GENERATOR] Call test_eval_460 completed in 9.67s
[LOG] generator call logged to generator_test_eval_460_20260222_080156_363.json
[GENERATOR] Starting call test_eval_473...
[GENERATOR] Call test_eval_442 completed in 32.66s
[LOG] generator call logged to generator_test_eval_442_20260222_080157_886.json
[GENERATOR] Starting call test_eval_474...
[GENERATOR] Call test_eval_462 completed in 9.92s
[LOG] generator call logged to generator_test_eval_462_20260222_080158_145.json
[GENERATOR] Starting call test_eval_475...
[GENERATOR] Call test_eval_466 completed in 7.66s
[LOG] generator call logged to generator_test_eval_466_20260222_080159_584.json
[GENERATOR] Starting call test_eval_476...
[GENERATOR] Call test_eval_444 completed in 31.49s
[LOG] generator call logged to generator_test_eval_444_20260222_080200_407.json
[GENERATOR] Starting call test_eval_477...
[GENERATOR] Call test_eval_467 completed in 8.91s
[LOG] generator call logged to generator_test_eval_467_20260222_080201_322.json
[GENERATOR] Starting call test_eval_478...
[GENERATOR] Call test_eval_445 completed in 32.12s
[LOG] generator call logged to generator_test_eval_445_20260222_080201_404.json
[GENERATOR] Starting call test_eval_479...
[GENERATOR] Call test_eval_471 completed in 8.98s
[LOG] generator call logged to generator_test_eval_471_20260222_080204_055.json
[GENERATOR] Starting call test_eval_480...
[GENERATOR] Call test_eval_475 completed in 6.43s
[LOG] generator call logged to generator_test_eval_475_20260222_080204_575.json
[GENERATOR] Starting call test_eval_481...
[GENERATOR] Call test_eval_448 completed in 31.82s
[LOG] generator call logged to generator_test_eval_448_20260222_080204_813.json
[GENERATOR] Starting call test_eval_482...
[GENERATOR] Call test_eval_446 completed in 34.64s
[LOG] generator call logged to generator_test_eval_446_20260222_080206_244.json
[GENERATOR] Starting call test_eval_483...
[GENERATOR] Call test_eval_476 completed in 8.09s
[LOG] generator call logged to generator_test_eval_476_20260222_080207_677.json
[GENERATOR] Starting call test_eval_484...
[GENERATOR] Call test_eval_450 completed in 33.30s
[LOG] generator call logged to generator_test_eval_450_20260222_080209_522.json
[GENERATOR] Starting call test_eval_485...
[GENERATOR] Call test_eval_451 completed in 32.46s
[LOG] generator call logged to generator_test_eval_451_20260222_080209_625.json
[GENERATOR] Starting call test_eval_486...
[GENERATOR] Call test_eval_478 completed in 10.24s
[LOG] generator call logged to generator_test_eval_478_20260222_080211_568.json
[GENERATOR] Starting call test_eval_487...
[GENERATOR] Call test_eval_463 completed in 23.75s
[LOG] generator call logged to generator_test_eval_463_20260222_080213_412.json
[GENERATOR] Starting call test_eval_488...
[GENERATOR] Call test_eval_453 completed in 33.69s
[LOG] generator call logged to generator_test_eval_453_20260222_080213_924.json
[GENERATOR] Starting call test_eval_489...
[GENERATOR] Call test_eval_479 completed in 14.38s
[LOG] generator call logged to generator_test_eval_479_20260222_080215_789.json
[GENERATOR] Starting call test_eval_490...
[GENERATOR] Call test_eval_464 completed in 26.71s
[LOG] generator call logged to generator_test_eval_464_20260222_080216_676.json
[GENERATOR] Starting call test_eval_491...
[GENERATOR] Call test_eval_465 completed in 25.79s
[LOG] generator call logged to generator_test_eval_465_20260222_080216_933.json
[GENERATOR] Starting call test_eval_492...
[GENERATOR] Call test_eval_487 completed in 8.47s
[LOG] generator call logged to generator_test_eval_487_20260222_080220_039.json
[GENERATOR] Starting call test_eval_493...
[GENERATOR] Call test_eval_469 completed in 27.56s
[LOG] generator call logged to generator_test_eval_469_20260222_080220_142.json
[GENERATOR] Starting call test_eval_494...
[GENERATOR] Call test_eval_468 completed in 28.05s
[LOG] generator call logged to generator_test_eval_468_20260222_080220_478.json
[GENERATOR] Starting call test_eval_495...
[GENERATOR] Call test_eval_482 completed in 16.89s
[LOG] generator call logged to generator_test_eval_482_20260222_080221_703.json
[GENERATOR] Starting call test_eval_496...
[GENERATOR] Call test_eval_488 completed in 10.42s
[LOG] generator call logged to generator_test_eval_488_20260222_080223_838.json
[GENERATOR] Starting call test_eval_497...
[GENERATOR] Call test_eval_470 completed in 29.20s
[LOG] generator call logged to generator_test_eval_470_20260222_080224_017.json
[GENERATOR] Starting call test_eval_498...
[GENERATOR] Call test_eval_472 completed in 30.86s
[LOG] generator call logged to generator_test_eval_472_20260222_080226_103.json
[GENERATOR] Starting call test_eval_499...
[GENERATOR] Call test_eval_489 completed in 12.78s
[LOG] generator call logged to generator_test_eval_489_20260222_080226_704.json
[GENERATOR] Starting call test_eval_500...
[GENERATOR] Call test_eval_492 completed in 9.85s
[LOG] generator call logged to generator_test_eval_492_20260222_080226_784.json
[GENERATOR] Starting call test_eval_501...
[GENERATOR] Call test_eval_473 completed in 32.51s
[LOG] generator call logged to generator_test_eval_473_20260222_080228_870.json
[GENERATOR] Starting call test_eval_502...
[GENERATOR] Call test_eval_474 completed in 31.15s
[LOG] generator call logged to generator_test_eval_474_20260222_080229_038.json
[GENERATOR] Starting call test_eval_503...
[GENERATOR] Call test_eval_493 completed in 9.86s
[LOG] generator call logged to generator_test_eval_493_20260222_080229_899.json
[GENERATOR] Starting call test_eval_504...
[GENERATOR] Call test_eval_477 completed in 31.03s
[LOG] generator call logged to generator_test_eval_477_20260222_080231_441.json
[GENERATOR] Starting call test_eval_505...
[GENERATOR] Call test_eval_494 completed in 11.54s
[LOG] generator call logged to generator_test_eval_494_20260222_080231_688.json
[GENERATOR] Starting call test_eval_506...
[GENERATOR] Call test_eval_480 completed in 28.68s
[LOG] generator call logged to generator_test_eval_480_20260222_080232_733.json
[GENERATOR] Starting call test_eval_507...
[GENERATOR] Call test_eval_495 completed in 12.44s
[LOG] generator call logged to generator_test_eval_495_20260222_080232_915.json
[GENERATOR] Starting call test_eval_508...
[GENERATOR] Call test_eval_499 completed in 8.29s
[LOG] generator call logged to generator_test_eval_499_20260222_080234_398.json
[GENERATOR] Starting call test_eval_509...
[GENERATOR] Call test_eval_481 completed in 30.44s
[LOG] generator call logged to generator_test_eval_481_20260222_080235_015.json
[GENERATOR] Starting call test_eval_510...
[GENERATOR] Call test_eval_501 completed in 10.30s
[LOG] generator call logged to generator_test_eval_501_20260222_080237_085.json
[GENERATOR] Starting call test_eval_511...
[GENERATOR] Call test_eval_483 completed in 31.66s
[LOG] generator call logged to generator_test_eval_483_20260222_080237_905.json
[GENERATOR] Starting call test_eval_512...
[GENERATOR] Call test_eval_484 completed in 30.48s
[LOG] generator call logged to generator_test_eval_484_20260222_080238_160.json
[GENERATOR] Starting call test_eval_513...
[GENERATOR] Call test_eval_502 completed in 10.89s
[LOG] generator call logged to generator_test_eval_502_20260222_080239_764.json
[GENERATOR] Starting call test_eval_514...
[GENERATOR] Call test_eval_505 completed in 8.76s
[LOG] generator call logged to generator_test_eval_505_20260222_080240_204.json
[GENERATOR] Starting call test_eval_515...
[GENERATOR] Call test_eval_485 completed in 31.36s
[LOG] generator call logged to generator_test_eval_485_20260222_080240_881.json
[GENERATOR] Starting call test_eval_516...
[GENERATOR] Call test_eval_486 completed in 31.74s
[LOG] generator call logged to generator_test_eval_486_20260222_080241_367.json
[GENERATOR] Starting call test_eval_517...
[GENERATOR] Call test_eval_506 completed in 11.11s
[LOG] generator call logged to generator_test_eval_506_20260222_080242_801.json
[GENERATOR] Starting call test_eval_518...
[GENERATOR] Call test_eval_509 completed in 9.22s
[LOG] generator call logged to generator_test_eval_509_20260222_080243_620.json
[GENERATOR] Starting call test_eval_519...
Progress: 500/1080, Accuracy: 0.372
[GENERATOR] Call test_eval_491 completed in 27.55s
[LOG] generator call logged to generator_test_eval_491_20260222_080244_227.json
[GENERATOR] Starting call test_eval_520...
[GENERATOR] Call test_eval_490 completed in 28.99s
[LOG] generator call logged to generator_test_eval_490_20260222_080244_784.json
[GENERATOR] Starting call test_eval_521...
[GENERATOR] Call test_eval_510 completed in 10.48s
[LOG] generator call logged to generator_test_eval_510_20260222_080245_497.json
[GENERATOR] Starting call test_eval_522...
[GENERATOR] Call test_eval_511 completed in 9.49s
[LOG] generator call logged to generator_test_eval_511_20260222_080246_579.json
[GENERATOR] Starting call test_eval_523...
[GENERATOR] Call test_eval_496 completed in 25.34s
[LOG] generator call logged to generator_test_eval_496_20260222_080247_044.json
[GENERATOR] Starting call test_eval_524...
[GENERATOR] Call test_eval_497 completed in 24.17s
[LOG] generator call logged to generator_test_eval_497_20260222_080248_011.json
[GENERATOR] Starting call test_eval_525...
[GENERATOR] Call test_eval_512 completed in 10.53s
[LOG] generator call logged to generator_test_eval_512_20260222_080248_435.json
[GENERATOR] Starting call test_eval_526...
[GENERATOR] Call test_eval_498 completed in 25.95s
[LOG] generator call logged to generator_test_eval_498_20260222_080249_965.json
[GENERATOR] Starting call test_eval_527...
[GENERATOR] Call test_eval_500 completed in 24.08s
[LOG] generator call logged to generator_test_eval_500_20260222_080250_788.json
[GENERATOR] Starting call test_eval_528...
[GENERATOR] Call test_eval_518 completed in 8.60s
[LOG] generator call logged to generator_test_eval_518_20260222_080251_403.json
[GENERATOR] Starting call test_eval_529...
[GENERATOR] Call test_eval_504 completed in 24.47s
[LOG] generator call logged to generator_test_eval_504_20260222_080254_372.json
[GENERATOR] Starting call test_eval_530...
[GENERATOR] Call test_eval_503 completed in 25.89s
[LOG] generator call logged to generator_test_eval_503_20260222_080254_926.json
[GENERATOR] Starting call test_eval_531...
[GENERATOR] Call test_eval_515 completed in 16.95s
[LOG] generator call logged to generator_test_eval_515_20260222_080257_156.json
[GENERATOR] Starting call test_eval_532...
[GENERATOR] Call test_eval_519 completed in 13.60s
[LOG] generator call logged to generator_test_eval_519_20260222_080257_219.json
[GENERATOR] Starting call test_eval_533...
[GENERATOR] Call test_eval_507 completed in 25.26s
[LOG] generator call logged to generator_test_eval_507_20260222_080257_998.json
[GENERATOR] Starting call test_eval_534...
[GENERATOR] Call test_eval_508 completed in 25.22s
[LOG] generator call logged to generator_test_eval_508_20260222_080258_132.json
[GENERATOR] Starting call test_eval_535...
[GENERATOR] Call test_eval_523 completed in 14.04s
[LOG] generator call logged to generator_test_eval_523_20260222_080300_619.json
[GENERATOR] Starting call test_eval_536...
[GENERATOR] Call test_eval_513 completed in 22.97s
[LOG] generator call logged to generator_test_eval_513_20260222_080301_127.json
[GENERATOR] Starting call test_eval_537...
[GENERATOR] Call test_eval_522 completed in 15.77s
[LOG] generator call logged to generator_test_eval_522_20260222_080301_269.json
[GENERATOR] Starting call test_eval_538...
[GENERATOR] Call test_eval_516 completed in 23.22s
[LOG] generator call logged to generator_test_eval_516_20260222_080304_097.json
[GENERATOR] Starting call test_eval_539...
[GENERATOR] Call test_eval_524 completed in 17.67s
[LOG] generator call logged to generator_test_eval_524_20260222_080304_715.json
[GENERATOR] Starting call test_eval_540...
[GENERATOR] Call test_eval_517 completed in 25.50s
[LOG] generator call logged to generator_test_eval_517_20260222_080306_875.json
[GENERATOR] Starting call test_eval_541...
[GENERATOR] Call test_eval_525 completed in 21.52s
[LOG] generator call logged to generator_test_eval_525_20260222_080309_528.json
[GENERATOR] Starting call test_eval_542...
[GENERATOR] Call test_eval_526 completed in 21.24s
[LOG] generator call logged to generator_test_eval_526_20260222_080309_680.json
[GENERATOR] Starting call test_eval_543...
[GENERATOR] Call test_eval_520 completed in 25.55s
[LOG] generator call logged to generator_test_eval_520_20260222_080309_779.json
[GENERATOR] Starting call test_eval_544...
[GENERATOR] Call test_eval_514 completed in 33.04s
[LOG] generator call logged to generator_test_eval_514_20260222_080312_803.json
[GENERATOR] Starting call test_eval_545...
[GENERATOR] Call test_eval_531 completed in 17.99s
[LOG] generator call logged to generator_test_eval_531_20260222_080312_921.json
[GENERATOR] Starting call test_eval_546...
[GENERATOR] Call test_eval_521 completed in 28.21s
[LOG] generator call logged to generator_test_eval_521_20260222_080312_995.json
[GENERATOR] Starting call test_eval_547...
[GENERATOR] Call test_eval_528 completed in 26.02s
[LOG] generator call logged to generator_test_eval_528_20260222_080316_806.json
[GENERATOR] Starting call test_eval_548...
[GENERATOR] Call test_eval_537 completed in 15.98s
[LOG] generator call logged to generator_test_eval_537_20260222_080317_105.json
[GENERATOR] Starting call test_eval_549...
[GENERATOR] Call test_eval_535 completed in 19.99s
[LOG] generator call logged to generator_test_eval_535_20260222_080318_124.json
[GENERATOR] Starting call test_eval_550...
[GENERATOR] Call test_eval_529 completed in 27.97s
[LOG] generator call logged to generator_test_eval_529_20260222_080319_372.json
[GENERATOR] Starting call test_eval_551...
[GENERATOR] Call test_eval_538 completed in 18.85s
[LOG] generator call logged to generator_test_eval_538_20260222_080320_125.json
[GENERATOR] Starting call test_eval_552...
[GENERATOR] Call test_eval_540 completed in 16.18s
[LOG] generator call logged to generator_test_eval_540_20260222_080320_894.json
[GENERATOR] Starting call test_eval_553...
[GENERATOR] Call test_eval_530 completed in 27.89s
[LOG] generator call logged to generator_test_eval_530_20260222_080322_267.json
[GENERATOR] Starting call test_eval_554...
[GENERATOR] Call test_eval_541 completed in 16.07s
[LOG] generator call logged to generator_test_eval_541_20260222_080322_952.json
[GENERATOR] Starting call test_eval_555...
[GENERATOR] Call test_eval_544 completed in 13.75s
[LOG] generator call logged to generator_test_eval_544_20260222_080323_531.json
[GENERATOR] Starting call test_eval_556...
[GENERATOR] Call test_eval_527 completed in 34.90s
[LOG] generator call logged to generator_test_eval_527_20260222_080324_869.json
[GENERATOR] Starting call test_eval_557...
[GENERATOR] Call test_eval_532 completed in 28.16s
[LOG] generator call logged to generator_test_eval_532_20260222_080325_314.json
[GENERATOR] Starting call test_eval_558...
[GENERATOR] Call test_eval_546 completed in 13.60s
[LOG] generator call logged to generator_test_eval_546_20260222_080326_523.json
[GENERATOR] Starting call test_eval_559...
[GENERATOR] Call test_eval_549 completed in 9.87s
[LOG] generator call logged to generator_test_eval_549_20260222_080326_973.json
[GENERATOR] Starting call test_eval_560...
[GENERATOR] Call test_eval_534 completed in 30.53s
[LOG] generator call logged to generator_test_eval_534_20260222_080328_531.json
[GENERATOR] Starting call test_eval_561...
[GENERATOR] Call test_eval_533 completed in 31.76s
[LOG] generator call logged to generator_test_eval_533_20260222_080328_983.json
[GENERATOR] Starting call test_eval_562...
[GENERATOR] Call test_eval_550 completed in 11.29s
[LOG] generator call logged to generator_test_eval_550_20260222_080329_419.json
[GENERATOR] Starting call test_eval_563...
[GENERATOR] Call test_eval_556 completed in 6.48s
[LOG] generator call logged to generator_test_eval_556_20260222_080330_008.json
[GENERATOR] Starting call test_eval_564...
[GENERATOR] Call test_eval_536 completed in 30.90s
[LOG] generator call logged to generator_test_eval_536_20260222_080331_524.json
[GENERATOR] Starting call test_eval_565...
[GENERATOR] Call test_eval_539 completed in 28.06s
[LOG] generator call logged to generator_test_eval_539_20260222_080332_157.json
[GENERATOR] Starting call test_eval_566...
[GENERATOR] Call test_eval_561 completed in 4.54s
[LOG] generator call logged to generator_test_eval_561_20260222_080333_068.json
[GENERATOR] Starting call test_eval_567...
[GENERATOR] Call test_eval_560 completed in 6.41s
[LOG] generator call logged to generator_test_eval_560_20260222_080333_383.json
[GENERATOR] Starting call test_eval_568...
[GENERATOR] Call test_eval_542 completed in 24.95s
[LOG] generator call logged to generator_test_eval_542_20260222_080334_477.json
[GENERATOR] Starting call test_eval_569...
Progress: 550/1080, Accuracy: 0.364
[GENERATOR] Call test_eval_543 completed in 25.24s
[LOG] generator call logged to generator_test_eval_543_20260222_080334_923.json
[GENERATOR] Starting call test_eval_570...
[GENERATOR] Call test_eval_567 completed in 3.62s
[LOG] generator call logged to generator_test_eval_567_20260222_080336_689.json
[GENERATOR] Starting call test_eval_571...
[GENERATOR] Call test_eval_545 completed in 24.37s
[LOG] generator call logged to generator_test_eval_545_20260222_080337_176.json
[GENERATOR] Starting call test_eval_572...
[GENERATOR] Call test_eval_564 completed in 8.35s
[LOG] generator call logged to generator_test_eval_564_20260222_080338_358.json
[GENERATOR] Starting call test_eval_573...
[GENERATOR] Call test_eval_568 completed in 6.04s
[LOG] generator call logged to generator_test_eval_568_20260222_080339_426.json
[GENERATOR] Starting call test_eval_574...
[GENERATOR] Call test_eval_548 completed in 23.31s
[LOG] generator call logged to generator_test_eval_548_20260222_080340_118.json
[GENERATOR] Starting call test_eval_575...
[GENERATOR] Call test_eval_547 completed in 27.61s
[LOG] generator call logged to generator_test_eval_547_20260222_080340_604.json
[GENERATOR] Starting call test_eval_576...
[GENERATOR] Call test_eval_569 completed in 7.15s
[LOG] generator call logged to generator_test_eval_569_20260222_080341_625.json
[GENERATOR] Starting call test_eval_577...
[GENERATOR] Call test_eval_570 completed in 7.27s
[LOG] generator call logged to generator_test_eval_570_20260222_080342_194.json
[GENERATOR] Starting call test_eval_578...
[GENERATOR] Call test_eval_551 completed in 24.66s
[LOG] generator call logged to generator_test_eval_551_20260222_080344_037.json
[GENERATOR] Starting call test_eval_579...
[GENERATOR] Call test_eval_571 completed in 7.76s
[LOG] generator call logged to generator_test_eval_571_20260222_080344_447.json
[GENERATOR] Starting call test_eval_580...
[GENERATOR] Call test_eval_553 completed in 25.97s
[LOG] generator call logged to generator_test_eval_553_20260222_080346_866.json
[GENERATOR] Starting call test_eval_581...
[GENERATOR] Call test_eval_576 completed in 8.02s
[LOG] generator call logged to generator_test_eval_576_20260222_080348_630.json
[GENERATOR] Starting call test_eval_582...
[GENERATOR] Call test_eval_554 completed in 27.21s
[LOG] generator call logged to generator_test_eval_554_20260222_080349_480.json
[GENERATOR] Starting call test_eval_583...
[GENERATOR] Call test_eval_552 completed in 29.48s
[LOG] generator call logged to generator_test_eval_552_20260222_080349_605.json
[GENERATOR] Starting call test_eval_584...
[GENERATOR] Call test_eval_557 completed in 27.64s
[LOG] generator call logged to generator_test_eval_557_20260222_080352_511.json
[GENERATOR] Starting call test_eval_585...
[GENERATOR] Call test_eval_577 completed in 11.36s
[LOG] generator call logged to generator_test_eval_577_20260222_080352_988.json
[GENERATOR] Starting call test_eval_586...
[GENERATOR] Call test_eval_555 completed in 30.55s
[LOG] generator call logged to generator_test_eval_555_20260222_080353_504.json
[GENERATOR] Starting call test_eval_587...
[GENERATOR] Call test_eval_578 completed in 11.35s
[LOG] generator call logged to generator_test_eval_578_20260222_080353_543.json
[GENERATOR] Starting call test_eval_588...
[GENERATOR] Call test_eval_580 completed in 11.79s
[LOG] generator call logged to generator_test_eval_580_20260222_080356_241.json
[GENERATOR] Starting call test_eval_589...
[GENERATOR] Call test_eval_558 completed in 31.86s
[LOG] generator call logged to generator_test_eval_558_20260222_080357_171.json
[GENERATOR] Starting call test_eval_590...
[GENERATOR] Call test_eval_559 completed in 30.89s
[LOG] generator call logged to generator_test_eval_559_20260222_080357_410.json
[GENERATOR] Starting call test_eval_591...
[GENERATOR] Call test_eval_581 completed in 12.74s
[LOG] generator call logged to generator_test_eval_581_20260222_080359_608.json
[GENERATOR] Starting call test_eval_592...
[GENERATOR] Call test_eval_582 completed in 11.00s
[LOG] generator call logged to generator_test_eval_582_20260222_080359_631.json
[GENERATOR] Starting call test_eval_593...
[GENERATOR] Call test_eval_563 completed in 30.92s
[GENERATOR] Call test_eval_562 completed in 31.35s
[LOG] generator call logged to generator_test_eval_563_20260222_080400_337.json
[GENERATOR] Starting call test_eval_594...
[LOG] generator call logged to generator_test_eval_562_20260222_080400_338.json
[GENERATOR] Starting call test_eval_595...
[GENERATOR] Call test_eval_586 completed in 9.58s
[LOG] generator call logged to generator_test_eval_586_20260222_080402_570.json
[GENERATOR] Starting call test_eval_596...
[GENERATOR] Call test_eval_589 completed in 6.85s
[LOG] generator call logged to generator_test_eval_589_20260222_080403_090.json
[GENERATOR] Starting call test_eval_597...
[GENERATOR] Call test_eval_565 completed in 32.21s
[LOG] generator call logged to generator_test_eval_565_20260222_080403_738.json
[GENERATOR] Starting call test_eval_598...
[GENERATOR] Call test_eval_593 completed in 5.68s
[LOG] generator call logged to generator_test_eval_593_20260222_080405_312.json
[GENERATOR] Starting call test_eval_599...
[GENERATOR] Call test_eval_572 completed in 29.52s
[LOG] generator call logged to generator_test_eval_572_20260222_080406_698.json
[GENERATOR] Starting call test_eval_600...
[GENERATOR] Call test_eval_566 completed in 34.95s
[LOG] generator call logged to generator_test_eval_566_20260222_080407_110.json
[GENERATOR] Starting call test_eval_601...
[GENERATOR] Call test_eval_595 completed in 6.85s
[LOG] generator call logged to generator_test_eval_595_20260222_080407_189.json
[GENERATOR] Starting call test_eval_602...
[GENERATOR] Call test_eval_594 completed in 7.97s
[LOG] generator call logged to generator_test_eval_594_20260222_080408_307.json
[GENERATOR] Starting call test_eval_603...
[GENERATOR] Call test_eval_574 completed in 30.31s
[LOG] generator call logged to generator_test_eval_574_20260222_080409_735.json
[GENERATOR] Starting call test_eval_604...
[GENERATOR] Call test_eval_596 completed in 7.54s
[LOG] generator call logged to generator_test_eval_596_20260222_080410_114.json
[GENERATOR] Starting call test_eval_605...
[GENERATOR] Call test_eval_573 completed in 32.63s
[LOG] generator call logged to generator_test_eval_573_20260222_080410_991.json
[GENERATOR] Starting call test_eval_606...
[GENERATOR] Call test_eval_599 completed in 5.83s
[LOG] generator call logged to generator_test_eval_599_20260222_080411_146.json
[GENERATOR] Starting call test_eval_607...
[GENERATOR] Call test_eval_575 completed in 32.26s
[LOG] generator call logged to generator_test_eval_575_20260222_080412_379.json
[GENERATOR] Starting call test_eval_608...
[GENERATOR] Call test_eval_601 completed in 7.03s
[LOG] generator call logged to generator_test_eval_601_20260222_080414_142.json
[GENERATOR] Starting call test_eval_609...
[GENERATOR] Call test_eval_579 completed in 31.65s
[LOG] generator call logged to generator_test_eval_579_20260222_080415_687.json
[GENERATOR] Starting call test_eval_610...
[GENERATOR] Call test_eval_600 completed in 9.06s
[LOG] generator call logged to generator_test_eval_600_20260222_080415_760.json
[GENERATOR] Starting call test_eval_611...
[GENERATOR] Call test_eval_604 completed in 9.42s
[LOG] generator call logged to generator_test_eval_604_20260222_080419_153.json
[GENERATOR] Starting call test_eval_612...
[GENERATOR] Call test_eval_602 completed in 12.58s
[LOG] generator call logged to generator_test_eval_602_20260222_080419_775.json
[GENERATOR] Starting call test_eval_613...
[GENERATOR] Call test_eval_584 completed in 31.39s
[LOG] generator call logged to generator_test_eval_584_20260222_080421_000.json
[GENERATOR] Starting call test_eval_614...
[GENERATOR] Call test_eval_583 completed in 32.21s
[LOG] generator call logged to generator_test_eval_583_20260222_080421_689.json
[GENERATOR] Starting call test_eval_615...
[GENERATOR] Call test_eval_605 completed in 12.30s
[LOG] generator call logged to generator_test_eval_605_20260222_080422_416.json
[GENERATOR] Starting call test_eval_616...
[GENERATOR] Call test_eval_585 completed in 31.54s
[LOG] generator call logged to generator_test_eval_585_20260222_080424_051.json
[GENERATOR] Starting call test_eval_617...
[GENERATOR] Call test_eval_587 completed in 31.17s
[LOG] generator call logged to generator_test_eval_587_20260222_080424_675.json
[GENERATOR] Starting call test_eval_618...
[GENERATOR] Call test_eval_606 completed in 14.04s
[LOG] generator call logged to generator_test_eval_606_20260222_080425_034.json
[GENERATOR] Starting call test_eval_619...
Progress: 600/1080, Accuracy: 0.368
[GENERATOR] Call test_eval_607 completed in 14.58s
[LOG] generator call logged to generator_test_eval_607_20260222_080425_732.json
[GENERATOR] Starting call test_eval_620...
[GENERATOR] Call test_eval_588 completed in 33.60s
[LOG] generator call logged to generator_test_eval_588_20260222_080427_145.json
[GENERATOR] Starting call test_eval_621...
[GENERATOR] Call test_eval_590 completed in 30.31s
[LOG] generator call logged to generator_test_eval_590_20260222_080427_487.json
[GENERATOR] Starting call test_eval_622...
[GENERATOR] Call test_eval_608 completed in 15.79s
[LOG] generator call logged to generator_test_eval_608_20260222_080428_168.json
[GENERATOR] Starting call test_eval_623...
[GENERATOR] Call test_eval_609 completed in 15.94s
[LOG] generator call logged to generator_test_eval_609_20260222_080430_088.json
[GENERATOR] Starting call test_eval_624...
[GENERATOR] Call test_eval_592 completed in 31.04s
[LOG] generator call logged to generator_test_eval_592_20260222_080430_655.json
[GENERATOR] Starting call test_eval_625...
[GENERATOR] Call test_eval_610 completed in 15.68s
[LOG] generator call logged to generator_test_eval_610_20260222_080431_367.json
[GENERATOR] Starting call test_eval_626...
[GENERATOR] Call test_eval_591 completed in 35.16s
[LOG] generator call logged to generator_test_eval_591_20260222_080432_575.json
[GENERATOR] Starting call test_eval_627...
[GENERATOR] Call test_eval_613 completed in 13.62s
[LOG] generator call logged to generator_test_eval_613_20260222_080433_394.json
[GENERATOR] Starting call test_eval_628...
[GENERATOR] Call test_eval_597 completed in 30.48s
[LOG] generator call logged to generator_test_eval_597_20260222_080433_573.json
[GENERATOR] Starting call test_eval_629...
[GENERATOR] Call test_eval_614 completed in 13.19s
[LOG] generator call logged to generator_test_eval_614_20260222_080434_194.json
[GENERATOR] Starting call test_eval_630...
[GENERATOR] Call test_eval_598 completed in 32.01s
[LOG] generator call logged to generator_test_eval_598_20260222_080435_749.json
[GENERATOR] Starting call test_eval_631...
[GENERATOR] Call test_eval_615 completed in 15.39s
[LOG] generator call logged to generator_test_eval_615_20260222_080437_077.json
[GENERATOR] Starting call test_eval_632...
[GENERATOR] Call test_eval_603 completed in 29.49s
[LOG] generator call logged to generator_test_eval_603_20260222_080437_797.json
[GENERATOR] Starting call test_eval_633...
[GENERATOR] Call test_eval_619 completed in 13.03s
[LOG] generator call logged to generator_test_eval_619_20260222_080438_062.json
[GENERATOR] Starting call test_eval_634...
[GENERATOR] Call test_eval_611 completed in 23.57s
[LOG] generator call logged to generator_test_eval_611_20260222_080439_336.json
[GENERATOR] Starting call test_eval_635...
[GENERATOR] Call test_eval_620 completed in 13.91s
[LOG] generator call logged to generator_test_eval_620_20260222_080439_640.json
[GENERATOR] Starting call test_eval_636...
[GENERATOR] Call test_eval_612 completed in 21.51s
[LOG] generator call logged to generator_test_eval_612_20260222_080440_664.json
[GENERATOR] Starting call test_eval_637...
[GENERATOR] Call test_eval_616 completed in 20.06s
[LOG] generator call logged to generator_test_eval_616_20260222_080442_480.json
[GENERATOR] Starting call test_eval_638...
[GENERATOR] Call test_eval_622 completed in 17.56s
[LOG] generator call logged to generator_test_eval_622_20260222_080445_053.json
[GENERATOR] Starting call test_eval_639...
[GENERATOR] Call test_eval_617 completed in 24.50s
[LOG] generator call logged to generator_test_eval_617_20260222_080448_550.json
[GENERATOR] Starting call test_eval_640...
[GENERATOR] Call test_eval_623 completed in 20.43s
[LOG] generator call logged to generator_test_eval_623_20260222_080448_603.json
[GENERATOR] Starting call test_eval_641...
[GENERATOR] Call test_eval_625 completed in 21.47s
[LOG] generator call logged to generator_test_eval_625_20260222_080452_131.json
[GENERATOR] Starting call test_eval_642...
[GENERATOR] Call test_eval_618 completed in 27.75s
[LOG] generator call logged to generator_test_eval_618_20260222_080452_430.json
[GENERATOR] Starting call test_eval_643...
[GENERATOR] Call test_eval_632 completed in 15.39s
[LOG] generator call logged to generator_test_eval_632_20260222_080452_470.json
[GENERATOR] Starting call test_eval_644...
[GENERATOR] Call test_eval_633 completed in 17.30s
[LOG] generator call logged to generator_test_eval_633_20260222_080455_100.json
[GENERATOR] Starting call test_eval_645...
[GENERATOR] Call test_eval_621 completed in 28.92s
[LOG] generator call logged to generator_test_eval_621_20260222_080456_071.json
[GENERATOR] Starting call test_eval_646...
[GENERATOR] Call test_eval_624 completed in 28.80s
[GENERATOR] Call test_eval_634 completed in 20.83s
[LOG] generator call logged to generator_test_eval_624_20260222_080458_894.json
[GENERATOR] Starting call test_eval_647...
[LOG] generator call logged to generator_test_eval_634_20260222_080458_895.json
[GENERATOR] Starting call test_eval_648...
[GENERATOR] Call test_eval_635 completed in 19.65s
[LOG] generator call logged to generator_test_eval_635_20260222_080458_986.json
[GENERATOR] Starting call test_eval_649...
[GENERATOR] Call test_eval_637 completed in 21.20s
[LOG] generator call logged to generator_test_eval_637_20260222_080501_862.json
[GENERATOR] Starting call test_eval_650...
[GENERATOR] Call test_eval_641 completed in 13.40s
[LOG] generator call logged to generator_test_eval_641_20260222_080502_000.json
[GENERATOR] Starting call test_eval_651...
[GENERATOR] Call test_eval_646 completed in 8.79s
[LOG] generator call logged to generator_test_eval_646_20260222_080504_862.json
[GENERATOR] Starting call test_eval_652...
[GENERATOR] Call test_eval_626 completed in 33.90s
[LOG] generator call logged to generator_test_eval_626_20260222_080505_269.json
[GENERATOR] Starting call test_eval_653...
[GENERATOR] Call test_eval_651 completed in 6.18s
[LOG] generator call logged to generator_test_eval_651_20260222_080508_182.json
[GENERATOR] Starting call test_eval_654...
[GENERATOR] Call test_eval_627 completed in 36.76s
[LOG] generator call logged to generator_test_eval_627_20260222_080509_333.json
[GENERATOR] Starting call test_eval_655...
[GENERATOR] Call test_eval_649 completed in 11.99s
[LOG] generator call logged to generator_test_eval_649_20260222_080510_976.json
[GENERATOR] Starting call test_eval_656...
[GENERATOR] Call test_eval_652 completed in 7.55s
[LOG] generator call logged to generator_test_eval_652_20260222_080512_412.json
[GENERATOR] Starting call test_eval_657...
[GENERATOR] Call test_eval_653 completed in 8.60s
[LOG] generator call logged to generator_test_eval_653_20260222_080513_874.json
[GENERATOR] Starting call test_eval_658...
[GENERATOR] Call test_eval_628 completed in 41.57s
[LOG] generator call logged to generator_test_eval_628_20260222_080514_965.json
[GENERATOR] Starting call test_eval_659...
[GENERATOR] Call test_eval_658 completed in 3.20s
[LOG] generator call logged to generator_test_eval_658_20260222_080517_078.json
[GENERATOR] Starting call test_eval_660...
[GENERATOR] Call test_eval_655 completed in 8.97s
[LOG] generator call logged to generator_test_eval_655_20260222_080518_306.json
[GENERATOR] Starting call test_eval_661...
[GENERATOR] Call test_eval_629 completed in 46.37s
[LOG] generator call logged to generator_test_eval_629_20260222_080519_943.json
[GENERATOR] Starting call test_eval_662...
[GENERATOR] Call test_eval_630 completed in 46.51s
[LOG] generator call logged to generator_test_eval_630_20260222_080520_704.json
[GENERATOR] Starting call test_eval_663...
[GENERATOR] Call test_eval_631 completed in 47.22s
[LOG] generator call logged to generator_test_eval_631_20260222_080522_971.json
[GENERATOR] Starting call test_eval_664...
[GENERATOR] Call test_eval_636 completed in 44.54s
[LOG] generator call logged to generator_test_eval_636_20260222_080524_182.json
[GENERATOR] Starting call test_eval_665...
[GENERATOR] Call test_eval_638 completed in 43.57s
[LOG] generator call logged to generator_test_eval_638_20260222_080526_057.json
[GENERATOR] Starting call test_eval_666...
[GENERATOR] Call test_eval_664 completed in 3.97s
[LOG] generator call logged to generator_test_eval_664_20260222_080526_942.json
[GENERATOR] Starting call test_eval_667...
[GENERATOR] Call test_eval_639 completed in 42.06s
[LOG] generator call logged to generator_test_eval_639_20260222_080527_117.json
[GENERATOR] Starting call test_eval_668...
[GENERATOR] Call test_eval_640 completed in 40.47s
[LOG] generator call logged to generator_test_eval_640_20260222_080529_019.json
[GENERATOR] Starting call test_eval_669...
Progress: 650/1080, Accuracy: 0.366
[GENERATOR] Call test_eval_642 completed in 37.91s
[LOG] generator call logged to generator_test_eval_642_20260222_080530_038.json
[GENERATOR] Starting call test_eval_670...
[GENERATOR] Call test_eval_668 completed in 4.34s
[LOG] generator call logged to generator_test_eval_668_20260222_080531_455.json
[GENERATOR] Starting call test_eval_671...
[GENERATOR] Call test_eval_643 completed in 39.78s
[LOG] generator call logged to generator_test_eval_643_20260222_080532_215.json
[GENERATOR] Starting call test_eval_672...
[GENERATOR] Call test_eval_669 completed in 5.20s
[LOG] generator call logged to generator_test_eval_669_20260222_080534_220.json
[GENERATOR] Starting call test_eval_673...
[GENERATOR] Call test_eval_670 completed in 4.40s
[LOG] generator call logged to generator_test_eval_670_20260222_080534_443.json
[GENERATOR] Starting call test_eval_674...
[GENERATOR] Call test_eval_644 completed in 42.74s
[LOG] generator call logged to generator_test_eval_644_20260222_080535_212.json
[GENERATOR] Starting call test_eval_675...
[GENERATOR] Call test_eval_645 completed in 40.45s
[LOG] generator call logged to generator_test_eval_645_20260222_080535_550.json
[GENERATOR] Starting call test_eval_676...
[GENERATOR] Call test_eval_672 completed in 5.58s
[LOG] generator call logged to generator_test_eval_672_20260222_080537_799.json
[GENERATOR] Starting call test_eval_677...
[GENERATOR] Call test_eval_648 completed in 39.09s
[LOG] generator call logged to generator_test_eval_648_20260222_080537_987.json
[GENERATOR] Starting call test_eval_678...
[GENERATOR] Call test_eval_647 completed in 39.43s
[GENERATOR] Call test_eval_673 completed in 4.10s
[LOG] generator call logged to generator_test_eval_647_20260222_080538_323.json
[GENERATOR] Starting call test_eval_679...
[LOG] generator call logged to generator_test_eval_673_20260222_080538_327.json
[GENERATOR] Starting call test_eval_680...
[GENERATOR] Call test_eval_654 completed in 33.10s
[LOG] generator call logged to generator_test_eval_654_20260222_080541_285.json
[GENERATOR] Starting call test_eval_681...
[GENERATOR] Call test_eval_650 completed in 39.48s
[LOG] generator call logged to generator_test_eval_650_20260222_080541_341.json
[GENERATOR] Starting call test_eval_682...
[GENERATOR] Call test_eval_674 completed in 6.96s
[LOG] generator call logged to generator_test_eval_674_20260222_080541_410.json
[GENERATOR] Starting call test_eval_683...
[GENERATOR] Call test_eval_676 completed in 5.98s
[LOG] generator call logged to generator_test_eval_676_20260222_080541_531.json
[GENERATOR] Starting call test_eval_684...
[GENERATOR] Call test_eval_677 completed in 6.96s
[LOG] generator call logged to generator_test_eval_677_20260222_080544_763.json
[GENERATOR] Starting call test_eval_685...
[GENERATOR] Call test_eval_657 completed in 32.40s
[LOG] generator call logged to generator_test_eval_657_20260222_080544_808.json
[GENERATOR] Starting call test_eval_686...
[GENERATOR] Call test_eval_678 completed in 7.31s
[LOG] generator call logged to generator_test_eval_678_20260222_080545_296.json
[GENERATOR] Starting call test_eval_687...
[GENERATOR] Call test_eval_656 completed in 37.04s
[LOG] generator call logged to generator_test_eval_656_20260222_080548_017.json
[GENERATOR] Starting call test_eval_688...
[GENERATOR] Call test_eval_659 completed in 33.06s
[LOG] generator call logged to generator_test_eval_659_20260222_080548_029.json
[GENERATOR] Starting call test_eval_689...
[GENERATOR] Call test_eval_679 completed in 10.13s
[LOG] generator call logged to generator_test_eval_679_20260222_080548_454.json
[GENERATOR] Starting call test_eval_690...
[GENERATOR] Call test_eval_684 completed in 7.02s
[LOG] generator call logged to generator_test_eval_684_20260222_080548_553.json
[GENERATOR] Starting call test_eval_691...
[GENERATOR] Call test_eval_660 completed in 34.55s
[LOG] generator call logged to generator_test_eval_660_20260222_080551_628.json
[GENERATOR] Starting call test_eval_692...
[GENERATOR] Call test_eval_661 completed in 33.93s
[LOG] generator call logged to generator_test_eval_661_20260222_080552_242.json
[GENERATOR] Starting call test_eval_693...
[GENERATOR] Call test_eval_662 completed in 35.70s
[LOG] generator call logged to generator_test_eval_662_20260222_080555_648.json
[GENERATOR] Starting call test_eval_694...
[GENERATOR] Call test_eval_663 completed in 35.64s
[LOG] generator call logged to generator_test_eval_663_20260222_080556_348.json
[GENERATOR] Starting call test_eval_695...
[GENERATOR] Call test_eval_688 completed in 8.68s
[LOG] generator call logged to generator_test_eval_688_20260222_080556_698.json
[GENERATOR] Starting call test_eval_696...
[GENERATOR] Call test_eval_691 completed in 8.20s
[LOG] generator call logged to generator_test_eval_691_20260222_080556_754.json
[GENERATOR] Starting call test_eval_697...
[GENERATOR] Call test_eval_665 completed in 34.30s
[LOG] generator call logged to generator_test_eval_665_20260222_080558_489.json
[GENERATOR] Starting call test_eval_698...
[GENERATOR] Call test_eval_695 completed in 3.37s
[LOG] generator call logged to generator_test_eval_695_20260222_080559_717.json
[GENERATOR] Starting call test_eval_699...
[GENERATOR] Call test_eval_696 completed in 3.82s
[LOG] generator call logged to generator_test_eval_696_20260222_080600_520.json
[GENERATOR] Starting call test_eval_700...
[GENERATOR] Call test_eval_666 completed in 34.74s
[LOG] generator call logged to generator_test_eval_666_20260222_080600_796.json
[GENERATOR] Starting call test_eval_701...
[GENERATOR] Call test_eval_667 completed in 34.76s
[LOG] generator call logged to generator_test_eval_667_20260222_080601_704.json
[GENERATOR] Starting call test_eval_702...
[GENERATOR] Call test_eval_698 completed in 4.40s
[LOG] generator call logged to generator_test_eval_698_20260222_080602_888.json
[GENERATOR] Starting call test_eval_703...
[GENERATOR] Call test_eval_671 completed in 31.95s
[LOG] generator call logged to generator_test_eval_671_20260222_080603_404.json
[GENERATOR] Starting call test_eval_704...
[GENERATOR] Call test_eval_675 completed in 30.03s
[LOG] generator call logged to generator_test_eval_675_20260222_080605_247.json
[GENERATOR] Starting call test_eval_705...
[GENERATOR] Call test_eval_680 completed in 27.90s
[LOG] generator call logged to generator_test_eval_680_20260222_080606_226.json
[GENERATOR] Starting call test_eval_706...
[GENERATOR] Call test_eval_702 completed in 5.44s
[LOG] generator call logged to generator_test_eval_702_20260222_080607_148.json
[GENERATOR] Starting call test_eval_707...
[GENERATOR] Call test_eval_681 completed in 27.45s
[LOG] generator call logged to generator_test_eval_681_20260222_080608_736.json
[GENERATOR] Starting call test_eval_708...
[GENERATOR] Call test_eval_703 completed in 7.32s
[LOG] generator call logged to generator_test_eval_703_20260222_080610_208.json
[GENERATOR] Starting call test_eval_709...
[GENERATOR] Call test_eval_683 completed in 30.44s
[LOG] generator call logged to generator_test_eval_683_20260222_080611_856.json
[GENERATOR] Starting call test_eval_710...
[GENERATOR] Call test_eval_704 completed in 9.11s
[LOG] generator call logged to generator_test_eval_704_20260222_080612_518.json
[GENERATOR] Starting call test_eval_711...
[GENERATOR] Call test_eval_682 completed in 31.72s
[LOG] generator call logged to generator_test_eval_682_20260222_080613_058.json
[GENERATOR] Starting call test_eval_712...
[GENERATOR] Call test_eval_705 completed in 8.65s
[LOG] generator call logged to generator_test_eval_705_20260222_080613_903.json
[GENERATOR] Starting call test_eval_713...
[GENERATOR] Call test_eval_706 completed in 9.27s
[LOG] generator call logged to generator_test_eval_706_20260222_080615_503.json
[GENERATOR] Starting call test_eval_714...
[GENERATOR] Call test_eval_685 completed in 31.12s
[LOG] generator call logged to generator_test_eval_685_20260222_080615_882.json
[GENERATOR] Starting call test_eval_715...
[GENERATOR] Call test_eval_712 completed in 3.97s
[LOG] generator call logged to generator_test_eval_712_20260222_080617_028.json
[GENERATOR] Starting call test_eval_716...
[GENERATOR] Call test_eval_686 completed in 33.90s
[LOG] generator call logged to generator_test_eval_686_20260222_080618_704.json
[GENERATOR] Starting call test_eval_717...
[GENERATOR] Call test_eval_687 completed in 34.48s
[LOG] generator call logged to generator_test_eval_687_20260222_080619_783.json
[GENERATOR] Starting call test_eval_718...
[GENERATOR] Call test_eval_715 completed in 4.10s
[LOG] generator call logged to generator_test_eval_715_20260222_080619_985.json
[GENERATOR] Starting call test_eval_719...
Progress: 700/1080, Accuracy: 0.360
[GENERATOR] Call test_eval_716 completed in 6.22s
[LOG] generator call logged to generator_test_eval_716_20260222_080623_244.json
[GENERATOR] Starting call test_eval_720...
[GENERATOR] Call test_eval_689 completed in 35.98s
[LOG] generator call logged to generator_test_eval_689_20260222_080624_006.json
[GENERATOR] Starting call test_eval_721...
[GENERATOR] Call test_eval_718 completed in 7.02s
[LOG] generator call logged to generator_test_eval_718_20260222_080626_803.json
[GENERATOR] Starting call test_eval_722...
[GENERATOR] Call test_eval_717 completed in 8.40s
[LOG] generator call logged to generator_test_eval_717_20260222_080627_101.json
[GENERATOR] Starting call test_eval_723...
[GENERATOR] Call test_eval_690 completed in 39.85s
[LOG] generator call logged to generator_test_eval_690_20260222_080628_306.json
[GENERATOR] Starting call test_eval_724...
[GENERATOR] Call test_eval_721 completed in 4.59s
[LOG] generator call logged to generator_test_eval_721_20260222_080628_596.json
[GENERATOR] Starting call test_eval_725...
[GENERATOR] Call test_eval_725 completed in 2.60s
[LOG] generator call logged to generator_test_eval_725_20260222_080631_196.json
[GENERATOR] Starting call test_eval_726...
[GENERATOR] Call test_eval_692 completed in 41.59s
[LOG] generator call logged to generator_test_eval_692_20260222_080633_221.json
[GENERATOR] Starting call test_eval_727...
[GENERATOR] Call test_eval_726 completed in 5.58s
[LOG] generator call logged to generator_test_eval_726_20260222_080636_778.json
[GENERATOR] Starting call test_eval_728...
[GENERATOR] Call test_eval_694 completed in 42.88s
[LOG] generator call logged to generator_test_eval_694_20260222_080638_528.json
[GENERATOR] Starting call test_eval_729...
[GENERATOR] Call test_eval_693 completed in 47.31s
[LOG] generator call logged to generator_test_eval_693_20260222_080639_551.json
[GENERATOR] Starting call test_eval_730...
[GENERATOR] Call test_eval_697 completed in 44.95s
[LOG] generator call logged to generator_test_eval_697_20260222_080641_702.json
[GENERATOR] Starting call test_eval_731...
[GENERATOR] Call test_eval_699 completed in 42.75s
[LOG] generator call logged to generator_test_eval_699_20260222_080642_464.json
[GENERATOR] Starting call test_eval_732...
[GENERATOR] Call test_eval_701 completed in 44.46s
[LOG] generator call logged to generator_test_eval_701_20260222_080645_253.json
[GENERATOR] Starting call test_eval_733...
[GENERATOR] Call test_eval_727 completed in 12.12s
[LOG] generator call logged to generator_test_eval_727_20260222_080645_341.json
[GENERATOR] Starting call test_eval_734...
[GENERATOR] Call test_eval_700 completed in 45.05s
[LOG] generator call logged to generator_test_eval_700_20260222_080645_576.json
[GENERATOR] Starting call test_eval_735...
[GENERATOR] Call test_eval_728 completed in 9.18s
[LOG] generator call logged to generator_test_eval_728_20260222_080645_963.json
[GENERATOR] Starting call test_eval_736...
[GENERATOR] Call test_eval_707 completed in 41.51s
[LOG] generator call logged to generator_test_eval_707_20260222_080648_662.json
[GENERATOR] Starting call test_eval_737...
[GENERATOR] Call test_eval_708 completed in 39.99s
[LOG] generator call logged to generator_test_eval_708_20260222_080648_727.json
[GENERATOR] Starting call test_eval_738...
[GENERATOR] Call test_eval_729 completed in 11.24s
[LOG] generator call logged to generator_test_eval_729_20260222_080649_765.json
[GENERATOR] Starting call test_eval_739...
[GENERATOR] Call test_eval_730 completed in 10.95s
[LOG] generator call logged to generator_test_eval_730_20260222_080650_505.json
[GENERATOR] Starting call test_eval_740...
[GENERATOR] Call test_eval_709 completed in 42.14s
[LOG] generator call logged to generator_test_eval_709_20260222_080652_348.json
[GENERATOR] Starting call test_eval_741...
[GENERATOR] Call test_eval_710 completed in 41.20s
[LOG] generator call logged to generator_test_eval_710_20260222_080653_057.json
[GENERATOR] Starting call test_eval_742...
[GENERATOR] Call test_eval_731 completed in 11.87s
[LOG] generator call logged to generator_test_eval_731_20260222_080653_578.json
[GENERATOR] Starting call test_eval_743...
[GENERATOR] Call test_eval_733 completed in 8.63s
[LOG] generator call logged to generator_test_eval_733_20260222_080653_887.json
[GENERATOR] Starting call test_eval_744...
[GENERATOR] Call test_eval_711 completed in 42.60s
[LOG] generator call logged to generator_test_eval_711_20260222_080655_116.json
[GENERATOR] Starting call test_eval_745...
[GENERATOR] Call test_eval_713 completed in 41.83s
[LOG] generator call logged to generator_test_eval_713_20260222_080655_731.json
[GENERATOR] Starting call test_eval_746...
[GENERATOR] Call test_eval_735 completed in 10.97s
[LOG] generator call logged to generator_test_eval_735_20260222_080656_547.json
[GENERATOR] Starting call test_eval_747...
[GENERATOR] Call test_eval_714 completed in 42.64s
[LOG] generator call logged to generator_test_eval_714_20260222_080658_140.json
[GENERATOR] Starting call test_eval_748...
[GENERATOR] Call test_eval_736 completed in 12.18s
[LOG] generator call logged to generator_test_eval_736_20260222_080658_147.json
[GENERATOR] Starting call test_eval_749...
[GENERATOR] Call test_eval_738 completed in 10.89s
[LOG] generator call logged to generator_test_eval_738_20260222_080659_619.json
[GENERATOR] Starting call test_eval_750...
[GENERATOR] Call test_eval_719 completed in 40.43s
[LOG] generator call logged to generator_test_eval_719_20260222_080700_413.json
[GENERATOR] Starting call test_eval_751...
[GENERATOR] Call test_eval_720 completed in 37.91s
[LOG] generator call logged to generator_test_eval_720_20260222_080701_159.json
[GENERATOR] Starting call test_eval_752...
[GENERATOR] Call test_eval_742 completed in 9.43s
[LOG] generator call logged to generator_test_eval_742_20260222_080702_486.json
[GENERATOR] Starting call test_eval_753...
[GENERATOR] Call test_eval_722 completed in 36.26s
[LOG] generator call logged to generator_test_eval_722_20260222_080703_071.json
[GENERATOR] Starting call test_eval_754...
[GENERATOR] Call test_eval_723 completed in 37.23s
[LOG] generator call logged to generator_test_eval_723_20260222_080704_333.json
[GENERATOR] Starting call test_eval_755...
[GENERATOR] Call test_eval_740 completed in 13.95s
[LOG] generator call logged to generator_test_eval_740_20260222_080704_451.json
[GENERATOR] Starting call test_eval_756...
[GENERATOR] Call test_eval_724 completed in 37.46s
[GENERATOR] Call test_eval_743 completed in 12.19s
[LOG] generator call logged to generator_test_eval_724_20260222_080705_768.json
[GENERATOR] Starting call test_eval_757...
[LOG] generator call logged to generator_test_eval_743_20260222_080705_768.json
[GENERATOR] Starting call test_eval_758...
[GENERATOR] Call test_eval_744 completed in 15.35s
[LOG] generator call logged to generator_test_eval_744_20260222_080709_242.json
[GENERATOR] Starting call test_eval_759...
[GENERATOR] Call test_eval_745 completed in 15.41s
[LOG] generator call logged to generator_test_eval_745_20260222_080710_527.json
[GENERATOR] Starting call test_eval_760...
[GENERATOR] Call test_eval_734 completed in 25.60s
[LOG] generator call logged to generator_test_eval_734_20260222_080710_942.json
[GENERATOR] Starting call test_eval_761...
[GENERATOR] Call test_eval_747 completed in 15.46s
[LOG] generator call logged to generator_test_eval_747_20260222_080712_013.json
[GENERATOR] Starting call test_eval_762...
[GENERATOR] Call test_eval_737 completed in 25.78s
[LOG] generator call logged to generator_test_eval_737_20260222_080714_444.json
[GENERATOR] Starting call test_eval_763...
[GENERATOR] Call test_eval_753 completed in 12.29s
[LOG] generator call logged to generator_test_eval_753_20260222_080714_775.json
[GENERATOR] Starting call test_eval_764...
[GENERATOR] Call test_eval_732 completed in 32.41s
[LOG] generator call logged to generator_test_eval_732_20260222_080714_874.json
[GENERATOR] Starting call test_eval_765...
[GENERATOR] Call test_eval_751 completed in 14.72s
[LOG] generator call logged to generator_test_eval_751_20260222_080715_130.json
[GENERATOR] Starting call test_eval_766...
[GENERATOR] Call test_eval_739 completed in 27.67s
[LOG] generator call logged to generator_test_eval_739_20260222_080717_439.json
[GENERATOR] Starting call test_eval_767...
[GENERATOR] Call test_eval_741 completed in 25.71s
[LOG] generator call logged to generator_test_eval_741_20260222_080718_054.json
[GENERATOR] Starting call test_eval_768...
[GENERATOR] Call test_eval_759 completed in 9.83s
[LOG] generator call logged to generator_test_eval_759_20260222_080719_078.json
[GENERATOR] Starting call test_eval_769...
Progress: 750/1080, Accuracy: 0.355
[GENERATOR] Call test_eval_746 completed in 24.51s
[LOG] generator call logged to generator_test_eval_746_20260222_080720_248.json
[GENERATOR] Starting call test_eval_770...
[GENERATOR] Call test_eval_755 completed in 16.90s
[LOG] generator call logged to generator_test_eval_755_20260222_080721_240.json
[GENERATOR] Starting call test_eval_771...
[GENERATOR] Call test_eval_748 completed in 23.59s
[LOG] generator call logged to generator_test_eval_748_20260222_080721_737.json
[GENERATOR] Starting call test_eval_772...
[GENERATOR] Call test_eval_760 completed in 12.34s
[LOG] generator call logged to generator_test_eval_760_20260222_080722_867.json
[GENERATOR] Starting call test_eval_773...
[GENERATOR] Call test_eval_749 completed in 25.79s
[LOG] generator call logged to generator_test_eval_749_20260222_080723_934.json
[GENERATOR] Starting call test_eval_774...
[GENERATOR] Call test_eval_762 completed in 12.34s
[LOG] generator call logged to generator_test_eval_762_20260222_080724_358.json
[GENERATOR] Starting call test_eval_775...
[GENERATOR] Call test_eval_750 completed in 25.09s
[LOG] generator call logged to generator_test_eval_750_20260222_080724_708.json
[GENERATOR] Starting call test_eval_776...
[GENERATOR] Call test_eval_763 completed in 11.49s
[LOG] generator call logged to generator_test_eval_763_20260222_080725_941.json
[GENERATOR] Starting call test_eval_777...
[GENERATOR] Call test_eval_752 completed in 26.42s
[GENERATOR] Call test_eval_754 completed in 24.51s
[LOG] generator call logged to generator_test_eval_754_20260222_080727_580.json
[GENERATOR] Starting call test_eval_778...
[LOG] generator call logged to generator_test_eval_752_20260222_080727_579.json
[GENERATOR] Starting call test_eval_779...
[GENERATOR] Call test_eval_765 completed in 13.01s
[LOG] generator call logged to generator_test_eval_765_20260222_080727_881.json
[GENERATOR] Starting call test_eval_780...
[GENERATOR] Call test_eval_766 completed in 14.00s
[LOG] generator call logged to generator_test_eval_766_20260222_080729_131.json
[GENERATOR] Starting call test_eval_781...
[GENERATOR] Call test_eval_756 completed in 26.82s
[LOG] generator call logged to generator_test_eval_756_20260222_080731_273.json
[GENERATOR] Starting call test_eval_782...
[GENERATOR] Call test_eval_770 completed in 11.62s
[LOG] generator call logged to generator_test_eval_770_20260222_080731_875.json
[GENERATOR] Starting call test_eval_783...
[GENERATOR] Call test_eval_757 completed in 27.00s
[LOG] generator call logged to generator_test_eval_757_20260222_080732_770.json
[GENERATOR] Starting call test_eval_784...
[GENERATOR] Call test_eval_771 completed in 12.68s
[LOG] generator call logged to generator_test_eval_771_20260222_080733_923.json
[GENERATOR] Starting call test_eval_785...
[GENERATOR] Call test_eval_772 completed in 13.05s
[LOG] generator call logged to generator_test_eval_772_20260222_080734_785.json
[GENERATOR] Starting call test_eval_786...
[GENERATOR] Call test_eval_775 completed in 12.53s
[LOG] generator call logged to generator_test_eval_775_20260222_080736_890.json
[GENERATOR] Starting call test_eval_787...
[GENERATOR] Call test_eval_779 completed in 9.93s
[LOG] generator call logged to generator_test_eval_779_20260222_080737_510.json
[GENERATOR] Starting call test_eval_788...
[GENERATOR] Call test_eval_780 completed in 12.29s
[LOG] generator call logged to generator_test_eval_780_20260222_080740_172.json
[GENERATOR] Starting call test_eval_789...
[GENERATOR] Call test_eval_758 completed in 36.71s
[LOG] generator call logged to generator_test_eval_758_20260222_080742_484.json
[GENERATOR] Starting call test_eval_790...
[GENERATOR] Call test_eval_761 completed in 32.51s
[LOG] generator call logged to generator_test_eval_761_20260222_080743_450.json
[GENERATOR] Starting call test_eval_791...
[GENERATOR] Call test_eval_781 completed in 14.33s
[LOG] generator call logged to generator_test_eval_781_20260222_080743_469.json
[GENERATOR] Starting call test_eval_792...
[GENERATOR] Call test_eval_768 completed in 28.36s
[LOG] generator call logged to generator_test_eval_768_20260222_080746_421.json
[GENERATOR] Starting call test_eval_793...
[GENERATOR] Call test_eval_764 completed in 31.92s
[LOG] generator call logged to generator_test_eval_764_20260222_080746_694.json
[GENERATOR] Starting call test_eval_794...
[GENERATOR] Call test_eval_784 completed in 14.08s
[LOG] generator call logged to generator_test_eval_784_20260222_080746_855.json
[GENERATOR] Starting call test_eval_795...
[GENERATOR] Call test_eval_769 completed in 30.00s
[LOG] generator call logged to generator_test_eval_769_20260222_080749_082.json
[GENERATOR] Starting call test_eval_796...
[GENERATOR] Call test_eval_767 completed in 32.52s
[LOG] generator call logged to generator_test_eval_767_20260222_080749_956.json
[GENERATOR] Starting call test_eval_797...
[GENERATOR] Call test_eval_785 completed in 16.21s
[LOG] generator call logged to generator_test_eval_785_20260222_080750_139.json
[GENERATOR] Starting call test_eval_798...
[GENERATOR] Call test_eval_773 completed in 29.70s
[GENERATOR] Call test_eval_789 completed in 12.39s
[LOG] generator call logged to generator_test_eval_773_20260222_080752_568.json
[GENERATOR] Starting call test_eval_799...
[LOG] generator call logged to generator_test_eval_789_20260222_080752_569.json
[GENERATOR] Starting call test_eval_800...
[GENERATOR] Call test_eval_774 completed in 29.42s
[LOG] generator call logged to generator_test_eval_774_20260222_080753_351.json
[GENERATOR] Starting call test_eval_801...
[GENERATOR] Call test_eval_793 completed in 8.59s
[LOG] generator call logged to generator_test_eval_793_20260222_080755_017.json
[GENERATOR] Starting call test_eval_802...
[GENERATOR] Call test_eval_776 completed in 30.81s
[LOG] generator call logged to generator_test_eval_776_20260222_080755_515.json
[GENERATOR] Starting call test_eval_803...
[GENERATOR] Call test_eval_777 completed in 30.15s
[LOG] generator call logged to generator_test_eval_777_20260222_080756_095.json
[GENERATOR] Starting call test_eval_804...
[GENERATOR] Call test_eval_791 completed in 13.12s
[LOG] generator call logged to generator_test_eval_791_20260222_080756_577.json
[GENERATOR] Starting call test_eval_805...
[GENERATOR] Call test_eval_794 completed in 11.95s
[LOG] generator call logged to generator_test_eval_794_20260222_080758_643.json
[GENERATOR] Starting call test_eval_806...
[GENERATOR] Call test_eval_778 completed in 31.43s
[LOG] generator call logged to generator_test_eval_778_20260222_080759_011.json
[GENERATOR] Starting call test_eval_807...
[GENERATOR] Call test_eval_782 completed in 27.82s
[LOG] generator call logged to generator_test_eval_782_20260222_080759_095.json
[GENERATOR] Starting call test_eval_808...
[GENERATOR] Call test_eval_796 completed in 10.55s
[LOG] generator call logged to generator_test_eval_796_20260222_080759_629.json
[GENERATOR] Starting call test_eval_809...
[GENERATOR] Call test_eval_797 completed in 12.33s
[LOG] generator call logged to generator_test_eval_797_20260222_080802_292.json
[GENERATOR] Starting call test_eval_810...
[GENERATOR] Call test_eval_783 completed in 30.63s
[LOG] generator call logged to generator_test_eval_783_20260222_080802_508.json
[GENERATOR] Starting call test_eval_811...
[GENERATOR] Call test_eval_800 completed in 12.79s
[LOG] generator call logged to generator_test_eval_800_20260222_080805_359.json
[GENERATOR] Starting call test_eval_812...
[GENERATOR] Call test_eval_786 completed in 30.88s
[LOG] generator call logged to generator_test_eval_786_20260222_080805_670.json
[GENERATOR] Starting call test_eval_813...
[GENERATOR] Call test_eval_806 completed in 9.73s
[LOG] generator call logged to generator_test_eval_806_20260222_080808_378.json
[GENERATOR] Starting call test_eval_814...
[GENERATOR] Call test_eval_808 completed in 9.75s
[LOG] generator call logged to generator_test_eval_808_20260222_080808_845.json
[GENERATOR] Starting call test_eval_815...
[GENERATOR] Call test_eval_788 completed in 33.19s
[LOG] generator call logged to generator_test_eval_788_20260222_080810_701.json
[GENERATOR] Starting call test_eval_816...
[GENERATOR] Call test_eval_787 completed in 33.96s
[LOG] generator call logged to generator_test_eval_787_20260222_080810_852.json
[GENERATOR] Starting call test_eval_817...
[GENERATOR] Call test_eval_809 completed in 11.52s
[LOG] generator call logged to generator_test_eval_809_20260222_080811_147.json
[GENERATOR] Starting call test_eval_818...
[GENERATOR] Call test_eval_810 completed in 9.52s
[LOG] generator call logged to generator_test_eval_810_20260222_080811_815.json
[GENERATOR] Starting call test_eval_819...
Progress: 800/1080, Accuracy: 0.355
[GENERATOR] Call test_eval_792 completed in 31.70s
[LOG] generator call logged to generator_test_eval_792_20260222_080815_167.json
[GENERATOR] Starting call test_eval_820...
[GENERATOR] Call test_eval_816 completed in 4.55s
[LOG] generator call logged to generator_test_eval_816_20260222_080815_256.json
[GENERATOR] Starting call test_eval_821...
[GENERATOR] Call test_eval_812 completed in 10.85s
[LOG] generator call logged to generator_test_eval_812_20260222_080816_214.json
[GENERATOR] Starting call test_eval_822...
[GENERATOR] Call test_eval_817 completed in 8.63s
[LOG] generator call logged to generator_test_eval_817_20260222_080819_488.json
[GENERATOR] Starting call test_eval_823...
[GENERATOR] Call test_eval_819 completed in 8.96s
[LOG] generator call logged to generator_test_eval_819_20260222_080820_775.json
[GENERATOR] Starting call test_eval_824...
[GENERATOR] Call test_eval_795 completed in 34.62s
[LOG] generator call logged to generator_test_eval_795_20260222_080821_480.json
[GENERATOR] Starting call test_eval_825...
[GENERATOR] Call test_eval_790 completed in 40.91s
[LOG] generator call logged to generator_test_eval_790_20260222_080823_400.json
[GENERATOR] Starting call test_eval_826...
[GENERATOR] Call test_eval_798 completed in 34.00s
[LOG] generator call logged to generator_test_eval_798_20260222_080824_136.json
[GENERATOR] Starting call test_eval_827...
[GENERATOR] Call test_eval_821 completed in 9.36s
[LOG] generator call logged to generator_test_eval_821_20260222_080824_615.json
[GENERATOR] Starting call test_eval_828...
[GENERATOR] Call test_eval_820 completed in 10.99s
[LOG] generator call logged to generator_test_eval_820_20260222_080826_155.json
[GENERATOR] Starting call test_eval_829...
[GENERATOR] Call test_eval_799 completed in 33.67s
[LOG] generator call logged to generator_test_eval_799_20260222_080826_237.json
[GENERATOR] Starting call test_eval_830...
[GENERATOR] Call test_eval_822 completed in 11.07s
[LOG] generator call logged to generator_test_eval_822_20260222_080827_288.json
[GENERATOR] Starting call test_eval_831...
[GENERATOR] Call test_eval_801 completed in 34.54s
[LOG] generator call logged to generator_test_eval_801_20260222_080827_893.json
[GENERATOR] Starting call test_eval_832...
[GENERATOR] Call test_eval_823 completed in 10.41s
[LOG] generator call logged to generator_test_eval_823_20260222_080829_895.json
[GENERATOR] Starting call test_eval_833...
[GENERATOR] Call test_eval_824 completed in 9.29s
[LOG] generator call logged to generator_test_eval_824_20260222_080830_064.json
[GENERATOR] Starting call test_eval_834...
[GENERATOR] Call test_eval_830 completed in 7.14s
[LOG] generator call logged to generator_test_eval_830_20260222_080833_378.json
[GENERATOR] Starting call test_eval_835...
[GENERATOR] Call test_eval_803 completed in 38.22s
[LOG] generator call logged to generator_test_eval_803_20260222_080833_737.json
[GENERATOR] Starting call test_eval_836...
[GENERATOR] Call test_eval_829 completed in 8.33s
[LOG] generator call logged to generator_test_eval_829_20260222_080834_492.json
[GENERATOR] Starting call test_eval_837...
[GENERATOR] Call test_eval_802 completed in 41.58s
[LOG] generator call logged to generator_test_eval_802_20260222_080836_598.json
[GENERATOR] Starting call test_eval_838...
[GENERATOR] Call test_eval_804 completed in 41.21s
[LOG] generator call logged to generator_test_eval_804_20260222_080837_310.json
[GENERATOR] Starting call test_eval_839...
[GENERATOR] Call test_eval_833 completed in 8.13s
[LOG] generator call logged to generator_test_eval_833_20260222_080838_029.json
[GENERATOR] Starting call test_eval_840...
[GENERATOR] Call test_eval_805 completed in 42.73s
[LOG] generator call logged to generator_test_eval_805_20260222_080839_307.json
[GENERATOR] Starting call test_eval_841...
[GENERATOR] Call test_eval_831 completed in 12.41s
[LOG] generator call logged to generator_test_eval_831_20260222_080839_702.json
[GENERATOR] Starting call test_eval_842...
[GENERATOR] Call test_eval_836 completed in 7.05s
[LOG] generator call logged to generator_test_eval_836_20260222_080840_794.json
[GENERATOR] Starting call test_eval_843...
[GENERATOR] Call test_eval_837 completed in 7.33s
[LOG] generator call logged to generator_test_eval_837_20260222_080841_824.json
[GENERATOR] Starting call test_eval_844...
[GENERATOR] Call test_eval_807 completed in 43.52s
[LOG] generator call logged to generator_test_eval_807_20260222_080842_531.json
[GENERATOR] Starting call test_eval_845...
[GENERATOR] Call test_eval_811 completed in 40.33s
[LOG] generator call logged to generator_test_eval_811_20260222_080842_842.json
[GENERATOR] Starting call test_eval_846...
[GENERATOR] Call test_eval_838 completed in 8.11s
[LOG] generator call logged to generator_test_eval_838_20260222_080844_707.json
[GENERATOR] Starting call test_eval_847...
[GENERATOR] Call test_eval_813 completed in 39.73s
[LOG] generator call logged to generator_test_eval_813_20260222_080845_403.json
[GENERATOR] Starting call test_eval_848...
[GENERATOR] Call test_eval_839 completed in 8.91s
[LOG] generator call logged to generator_test_eval_839_20260222_080846_223.json
[GENERATOR] Starting call test_eval_849...
[GENERATOR] Call test_eval_840 completed in 10.30s
[LOG] generator call logged to generator_test_eval_840_20260222_080848_334.json
[GENERATOR] Starting call test_eval_850...
[GENERATOR] Call test_eval_814 completed in 40.75s
[LOG] generator call logged to generator_test_eval_814_20260222_080849_127.json
[GENERATOR] Starting call test_eval_851...
[GENERATOR] Call test_eval_843 completed in 8.70s
[LOG] generator call logged to generator_test_eval_843_20260222_080849_494.json
[GENERATOR] Starting call test_eval_852...
[GENERATOR] Call test_eval_815 completed in 41.67s
[LOG] generator call logged to generator_test_eval_815_20260222_080850_519.json
[GENERATOR] Starting call test_eval_853...
[GENERATOR] Call test_eval_846 completed in 10.15s
[LOG] generator call logged to generator_test_eval_846_20260222_080852_998.json
[GENERATOR] Starting call test_eval_854...
[GENERATOR] Call test_eval_847 completed in 8.89s
[LOG] generator call logged to generator_test_eval_847_20260222_080853_595.json
[GENERATOR] Starting call test_eval_855...
[GENERATOR] Call test_eval_818 completed in 44.19s
[LOG] generator call logged to generator_test_eval_818_20260222_080855_337.json
[GENERATOR] Starting call test_eval_856...
[GENERATOR] Call test_eval_851 completed in 7.90s
[LOG] generator call logged to generator_test_eval_851_20260222_080857_028.json
[GENERATOR] Starting call test_eval_857...
[GENERATOR] Call test_eval_825 completed in 37.95s
[LOG] generator call logged to generator_test_eval_825_20260222_080859_431.json
[GENERATOR] Starting call test_eval_858...
[GENERATOR] Call test_eval_852 completed in 11.47s
[LOG] generator call logged to generator_test_eval_852_20260222_080900_967.json
[GENERATOR] Starting call test_eval_859...
[GENERATOR] Call test_eval_849 completed in 14.78s
[LOG] generator call logged to generator_test_eval_849_20260222_080901_005.json
[GENERATOR] Starting call test_eval_860...
[GENERATOR] Call test_eval_826 completed in 37.98s
[LOG] generator call logged to generator_test_eval_826_20260222_080901_376.json
[GENERATOR] Starting call test_eval_861...
[GENERATOR] Call test_eval_827 completed in 39.88s
[LOG] generator call logged to generator_test_eval_827_20260222_080904_021.json
[GENERATOR] Starting call test_eval_862...
[GENERATOR] Call test_eval_853 completed in 13.77s
[LOG] generator call logged to generator_test_eval_853_20260222_080904_293.json
[GENERATOR] Starting call test_eval_863...
[GENERATOR] Call test_eval_828 completed in 40.73s
[LOG] generator call logged to generator_test_eval_828_20260222_080905_344.json
[GENERATOR] Starting call test_eval_864...
[GENERATOR] Call test_eval_834 completed in 37.96s
[LOG] generator call logged to generator_test_eval_834_20260222_080908_029.json
[GENERATOR] Starting call test_eval_865...
[GENERATOR] Call test_eval_832 completed in 41.24s
[LOG] generator call logged to generator_test_eval_832_20260222_080909_132.json
[GENERATOR] Starting call test_eval_866...
[GENERATOR] Call test_eval_858 completed in 10.23s
[LOG] generator call logged to generator_test_eval_858_20260222_080909_667.json
[GENERATOR] Starting call test_eval_867...
[GENERATOR] Call test_eval_835 completed in 37.79s
[LOG] generator call logged to generator_test_eval_835_20260222_080911_169.json
[GENERATOR] Starting call test_eval_868...
[GENERATOR] Call test_eval_859 completed in 11.41s
[LOG] generator call logged to generator_test_eval_859_20260222_080912_380.json
[GENERATOR] Starting call test_eval_869...
Progress: 850/1080, Accuracy: 0.352
[GENERATOR] Call test_eval_841 completed in 33.45s
[LOG] generator call logged to generator_test_eval_841_20260222_080912_765.json
[GENERATOR] Starting call test_eval_870...
[GENERATOR] Call test_eval_856 completed in 17.70s
[LOG] generator call logged to generator_test_eval_856_20260222_080913_037.json
[GENERATOR] Starting call test_eval_871...
[GENERATOR] Call test_eval_862 completed in 11.60s
[LOG] generator call logged to generator_test_eval_862_20260222_080915_618.json
[GENERATOR] Starting call test_eval_872...
[GENERATOR] Call test_eval_861 completed in 14.64s
[LOG] generator call logged to generator_test_eval_861_20260222_080916_015.json
[GENERATOR] Starting call test_eval_873...
[GENERATOR] Call test_eval_842 completed in 36.52s
[LOG] generator call logged to generator_test_eval_842_20260222_080916_223.json
[GENERATOR] Starting call test_eval_874...
[GENERATOR] Call test_eval_844 completed in 35.18s
[LOG] generator call logged to generator_test_eval_844_20260222_080917_003.json
[GENERATOR] Starting call test_eval_875...
[GENERATOR] Call test_eval_863 completed in 14.09s
[LOG] generator call logged to generator_test_eval_863_20260222_080918_385.json
[GENERATOR] Starting call test_eval_876...
[GENERATOR] Call test_eval_845 completed in 36.97s
[LOG] generator call logged to generator_test_eval_845_20260222_080919_505.json
[GENERATOR] Starting call test_eval_877...
[GENERATOR] Call test_eval_864 completed in 14.36s
[LOG] generator call logged to generator_test_eval_864_20260222_080919_705.json
[GENERATOR] Starting call test_eval_878...
[GENERATOR] Call test_eval_866 completed in 12.40s
[LOG] generator call logged to generator_test_eval_866_20260222_080921_538.json
[GENERATOR] Starting call test_eval_879...
[GENERATOR] Call test_eval_848 completed in 36.72s
[LOG] generator call logged to generator_test_eval_848_20260222_080922_126.json
[GENERATOR] Starting call test_eval_880...
[GENERATOR] Call test_eval_850 completed in 34.75s
[LOG] generator call logged to generator_test_eval_850_20260222_080923_086.json
[GENERATOR] Starting call test_eval_881...
[GENERATOR] Call test_eval_867 completed in 14.43s
[LOG] generator call logged to generator_test_eval_867_20260222_080924_094.json
[GENERATOR] Starting call test_eval_882...
[GENERATOR] Call test_eval_869 completed in 12.29s
[LOG] generator call logged to generator_test_eval_869_20260222_080924_673.json
[GENERATOR] Starting call test_eval_883...
[GENERATOR] Call test_eval_855 completed in 32.51s
[LOG] generator call logged to generator_test_eval_855_20260222_080926_109.json
[GENERATOR] Starting call test_eval_884...
[GENERATOR] Call test_eval_870 completed in 14.33s
[LOG] generator call logged to generator_test_eval_870_20260222_080927_093.json
[GENERATOR] Starting call test_eval_885...
[GENERATOR] Call test_eval_854 completed in 34.43s
[LOG] generator call logged to generator_test_eval_854_20260222_080927_433.json
[GENERATOR] Starting call test_eval_886...
[GENERATOR] Call test_eval_857 completed in 32.01s
[LOG] generator call logged to generator_test_eval_857_20260222_080929_042.json
[GENERATOR] Starting call test_eval_887...
[GENERATOR] Call test_eval_871 completed in 16.72s
[LOG] generator call logged to generator_test_eval_871_20260222_080929_759.json
[GENERATOR] Starting call test_eval_888...
[GENERATOR] Call test_eval_875 completed in 12.98s
[LOG] generator call logged to generator_test_eval_875_20260222_080929_981.json
[GENERATOR] Starting call test_eval_889...
[GENERATOR] Call test_eval_860 completed in 29.33s
[LOG] generator call logged to generator_test_eval_860_20260222_080930_341.json
[GENERATOR] Starting call test_eval_890...
[GENERATOR] Call test_eval_865 completed in 23.87s
[LOG] generator call logged to generator_test_eval_865_20260222_080931_901.json
[GENERATOR] Starting call test_eval_891...
[GENERATOR] Call test_eval_877 completed in 13.20s
[LOG] generator call logged to generator_test_eval_877_20260222_080932_711.json
[GENERATOR] Starting call test_eval_892...
[GENERATOR] Call test_eval_868 completed in 21.89s
[LOG] generator call logged to generator_test_eval_868_20260222_080933_056.json
[GENERATOR] Starting call test_eval_893...
[GENERATOR] Call test_eval_883 completed in 9.24s
[LOG] generator call logged to generator_test_eval_883_20260222_080933_911.json
[GENERATOR] Starting call test_eval_894...
[GENERATOR] Call test_eval_872 completed in 18.93s
[LOG] generator call logged to generator_test_eval_872_20260222_080934_551.json
[GENERATOR] Starting call test_eval_895...
[GENERATOR] Call test_eval_885 completed in 9.10s
[LOG] generator call logged to generator_test_eval_885_20260222_080936_196.json
[GENERATOR] Starting call test_eval_896...
[GENERATOR] Call test_eval_873 completed in 21.30s
[LOG] generator call logged to generator_test_eval_873_20260222_080937_320.json
[GENERATOR] Starting call test_eval_897...
[GENERATOR] Call test_eval_886 completed in 10.77s
[LOG] generator call logged to generator_test_eval_886_20260222_080938_205.json
[GENERATOR] Starting call test_eval_898...
[GENERATOR] Call test_eval_874 completed in 22.88s
[LOG] generator call logged to generator_test_eval_874_20260222_080939_102.json
[GENERATOR] Starting call test_eval_899...
[GENERATOR] Call test_eval_876 completed in 22.21s
[LOG] generator call logged to generator_test_eval_876_20260222_080940_595.json
[GENERATOR] Starting call test_eval_900...
[GENERATOR] Call test_eval_888 completed in 12.06s
[LOG] generator call logged to generator_test_eval_888_20260222_080941_821.json
[GENERATOR] Starting call test_eval_901...
[GENERATOR] Call test_eval_878 completed in 22.21s
[LOG] generator call logged to generator_test_eval_878_20260222_080941_921.json
[GENERATOR] Starting call test_eval_902...
[GENERATOR] Call test_eval_890 completed in 12.50s
[LOG] generator call logged to generator_test_eval_890_20260222_080942_845.json
[GENERATOR] Starting call test_eval_903...
[GENERATOR] Call test_eval_879 completed in 22.56s
[LOG] generator call logged to generator_test_eval_879_20260222_080944_095.json
[GENERATOR] Starting call test_eval_904...
[GENERATOR] Call test_eval_892 completed in 11.98s
[LOG] generator call logged to generator_test_eval_892_20260222_080944_692.json
[GENERATOR] Starting call test_eval_905...
[GENERATOR] Call test_eval_880 completed in 22.77s
[LOG] generator call logged to generator_test_eval_880_20260222_080944_898.json
[GENERATOR] Starting call test_eval_906...
[GENERATOR] Call test_eval_894 completed in 13.07s
[LOG] generator call logged to generator_test_eval_894_20260222_080946_983.json
[GENERATOR] Starting call test_eval_907...
[GENERATOR] Call test_eval_882 completed in 23.66s
[LOG] generator call logged to generator_test_eval_882_20260222_080947_761.json
[GENERATOR] Starting call test_eval_908...
[GENERATOR] Call test_eval_881 completed in 25.28s
[LOG] generator call logged to generator_test_eval_881_20260222_080948_371.json
[GENERATOR] Starting call test_eval_909...
[GENERATOR] Call test_eval_896 completed in 13.92s
[LOG] generator call logged to generator_test_eval_896_20260222_080950_120.json
[GENERATOR] Starting call test_eval_910...
[GENERATOR] Call test_eval_898 completed in 12.10s
[LOG] generator call logged to generator_test_eval_898_20260222_080950_311.json
[GENERATOR] Starting call test_eval_911...
[GENERATOR] Call test_eval_884 completed in 24.50s
[LOG] generator call logged to generator_test_eval_884_20260222_080950_613.json
[GENERATOR] Starting call test_eval_912...
[GENERATOR] Call test_eval_899 completed in 14.09s
[LOG] generator call logged to generator_test_eval_899_20260222_080953_193.json
[GENERATOR] Starting call test_eval_913...
[GENERATOR] Call test_eval_901 completed in 11.78s
[LOG] generator call logged to generator_test_eval_901_20260222_080953_602.json
[GENERATOR] Starting call test_eval_914...
[GENERATOR] Call test_eval_889 completed in 23.92s
[LOG] generator call logged to generator_test_eval_889_20260222_080953_904.json
[GENERATOR] Starting call test_eval_915...
[GENERATOR] Call test_eval_887 completed in 25.72s
[LOG] generator call logged to generator_test_eval_887_20260222_080954_767.json
[GENERATOR] Starting call test_eval_916...
[GENERATOR] Call test_eval_902 completed in 14.98s
[LOG] generator call logged to generator_test_eval_902_20260222_080956_905.json
[GENERATOR] Starting call test_eval_917...
[GENERATOR] Call test_eval_907 completed in 10.92s
[LOG] generator call logged to generator_test_eval_907_20260222_080957_900.json
[GENERATOR] Starting call test_eval_918...
[GENERATOR] Call test_eval_891 completed in 26.40s
[LOG] generator call logged to generator_test_eval_891_20260222_080958_301.json
[GENERATOR] Starting call test_eval_919...
Progress: 900/1080, Accuracy: 0.347
[GENERATOR] Call test_eval_893 completed in 25.66s
[LOG] generator call logged to generator_test_eval_893_20260222_080958_720.json
[GENERATOR] Starting call test_eval_920...
[GENERATOR] Call test_eval_908 completed in 12.19s
[LOG] generator call logged to generator_test_eval_908_20260222_080959_946.json
[GENERATOR] Starting call test_eval_921...
[GENERATOR] Call test_eval_910 completed in 10.95s
[LOG] generator call logged to generator_test_eval_910_20260222_081001_074.json
[GENERATOR] Starting call test_eval_922...
[GENERATOR] Call test_eval_897 completed in 25.29s
[LOG] generator call logged to generator_test_eval_897_20260222_081002_617.json
[GENERATOR] Starting call test_eval_923...
[GENERATOR] Call test_eval_911 completed in 13.73s
[GENERATOR] Call test_eval_895 completed in 29.49s
[LOG] generator call logged to generator_test_eval_911_20260222_081004_043.json
[GENERATOR] Starting call test_eval_924...
[LOG] generator call logged to generator_test_eval_895_20260222_081004_043.json
[GENERATOR] Starting call test_eval_925...
[GENERATOR] Call test_eval_914 completed in 11.28s
[LOG] generator call logged to generator_test_eval_914_20260222_081004_881.json
[GENERATOR] Starting call test_eval_926...
[GENERATOR] Call test_eval_900 completed in 24.79s
[LOG] generator call logged to generator_test_eval_900_20260222_081005_392.json
[GENERATOR] Starting call test_eval_927...
[GENERATOR] Call test_eval_903 completed in 24.93s
[LOG] generator call logged to generator_test_eval_903_20260222_081007_773.json
[GENERATOR] Starting call test_eval_928...
[GENERATOR] Call test_eval_904 completed in 24.28s
[LOG] generator call logged to generator_test_eval_904_20260222_081008_376.json
[GENERATOR] Starting call test_eval_929...
[GENERATOR] Call test_eval_915 completed in 14.91s
[LOG] generator call logged to generator_test_eval_915_20260222_081008_814.json
[GENERATOR] Starting call test_eval_930...
[GENERATOR] Call test_eval_906 completed in 26.53s
[LOG] generator call logged to generator_test_eval_906_20260222_081011_425.json
[GENERATOR] Starting call test_eval_931...
[GENERATOR] Call test_eval_916 completed in 17.06s
[LOG] generator call logged to generator_test_eval_916_20260222_081011_831.json
[GENERATOR] Starting call test_eval_932...
[GENERATOR] Call test_eval_905 completed in 28.00s
[LOG] generator call logged to generator_test_eval_905_20260222_081012_694.json
[GENERATOR] Starting call test_eval_933...
[GENERATOR] Call test_eval_917 completed in 17.38s
[GENERATOR] Call test_eval_909 completed in 25.92s
[LOG] generator call logged to generator_test_eval_917_20260222_081014_290.json
[GENERATOR] Starting call test_eval_934...
[LOG] generator call logged to generator_test_eval_909_20260222_081014_292.json
[GENERATOR] Starting call test_eval_935...
[GENERATOR] Call test_eval_921 completed in 15.02s
[LOG] generator call logged to generator_test_eval_921_20260222_081014_962.json
[GENERATOR] Starting call test_eval_936...
[GENERATOR] Call test_eval_912 completed in 26.42s
[LOG] generator call logged to generator_test_eval_912_20260222_081017_032.json
[GENERATOR] Starting call test_eval_937...
[GENERATOR] Call test_eval_922 completed in 17.27s
[LOG] generator call logged to generator_test_eval_922_20260222_081018_341.json
[GENERATOR] Starting call test_eval_938...
[GENERATOR] Call test_eval_913 completed in 25.98s
[LOG] generator call logged to generator_test_eval_913_20260222_081019_178.json
[GENERATOR] Starting call test_eval_939...
[GENERATOR] Call test_eval_918 completed in 21.99s
[LOG] generator call logged to generator_test_eval_918_20260222_081019_889.json
[GENERATOR] Starting call test_eval_940...
[GENERATOR] Call test_eval_923 completed in 18.63s
[LOG] generator call logged to generator_test_eval_923_20260222_081021_250.json
[GENERATOR] Starting call test_eval_941...
[GENERATOR] Call test_eval_924 completed in 18.02s
[LOG] generator call logged to generator_test_eval_924_20260222_081022_067.json
[GENERATOR] Starting call test_eval_942...
[GENERATOR] Call test_eval_920 completed in 24.22s
[LOG] generator call logged to generator_test_eval_920_20260222_081022_936.json
[GENERATOR] Starting call test_eval_943...
[GENERATOR] Call test_eval_926 completed in 19.12s
[LOG] generator call logged to generator_test_eval_926_20260222_081023_999.json
[GENERATOR] Starting call test_eval_944...
[GENERATOR] Call test_eval_919 completed in 26.09s
[LOG] generator call logged to generator_test_eval_919_20260222_081024_390.json
[GENERATOR] Starting call test_eval_945...
[GENERATOR] Call test_eval_929 completed in 16.94s
[LOG] generator call logged to generator_test_eval_929_20260222_081025_321.json
[GENERATOR] Starting call test_eval_946...
[GENERATOR] Call test_eval_925 completed in 22.33s
[LOG] generator call logged to generator_test_eval_925_20260222_081026_370.json
[GENERATOR] Starting call test_eval_947...
[GENERATOR] Call test_eval_930 completed in 19.42s
[LOG] generator call logged to generator_test_eval_930_20260222_081028_237.json
[GENERATOR] Starting call test_eval_948...
[GENERATOR] Call test_eval_931 completed in 17.52s
[LOG] generator call logged to generator_test_eval_931_20260222_081028_948.json
[GENERATOR] Starting call test_eval_949...
[GENERATOR] Call test_eval_927 completed in 24.19s
[LOG] generator call logged to generator_test_eval_927_20260222_081029_586.json
[GENERATOR] Starting call test_eval_950...
[GENERATOR] Call test_eval_933 completed in 19.41s
[LOG] generator call logged to generator_test_eval_933_20260222_081032_101.json
[GENERATOR] Starting call test_eval_951...
[GENERATOR] Call test_eval_928 completed in 24.33s
[LOG] generator call logged to generator_test_eval_928_20260222_081032_103.json
[GENERATOR] Starting call test_eval_952...
[GENERATOR] Call test_eval_935 completed in 18.07s
[LOG] generator call logged to generator_test_eval_935_20260222_081032_369.json
[GENERATOR] Starting call test_eval_953...
[GENERATOR] Call test_eval_932 completed in 20.74s
[LOG] generator call logged to generator_test_eval_932_20260222_081032_571.json
[GENERATOR] Starting call test_eval_954...
[GENERATOR] Call test_eval_936 completed in 19.47s
[LOG] generator call logged to generator_test_eval_936_20260222_081034_435.json
[GENERATOR] Starting call test_eval_955...
[GENERATOR] Call test_eval_941 completed in 14.22s
[LOG] generator call logged to generator_test_eval_941_20260222_081035_475.json
[GENERATOR] Starting call test_eval_956...
[GENERATOR] Call test_eval_937 completed in 19.79s
[LOG] generator call logged to generator_test_eval_937_20260222_081036_821.json
[GENERATOR] Starting call test_eval_957...
[GENERATOR] Call test_eval_934 completed in 22.79s
[LOG] generator call logged to generator_test_eval_934_20260222_081037_078.json
[GENERATOR] Starting call test_eval_958...
[GENERATOR] Call test_eval_948 completed in 10.71s
[LOG] generator call logged to generator_test_eval_948_20260222_081038_954.json
[GENERATOR] Starting call test_eval_959...
[GENERATOR] Call test_eval_938 completed in 21.45s
[LOG] generator call logged to generator_test_eval_938_20260222_081039_793.json
[GENERATOR] Starting call test_eval_960...
[GENERATOR] Call test_eval_939 completed in 21.01s
[LOG] generator call logged to generator_test_eval_939_20260222_081040_190.json
[GENERATOR] Starting call test_eval_961...
[GENERATOR] Call test_eval_942 completed in 19.70s
[LOG] generator call logged to generator_test_eval_942_20260222_081041_768.json
[GENERATOR] Starting call test_eval_962...
[GENERATOR] Call test_eval_950 completed in 13.94s
[LOG] generator call logged to generator_test_eval_950_20260222_081043_529.json
[GENERATOR] Starting call test_eval_963...
[GENERATOR] Call test_eval_940 completed in 23.70s
[LOG] generator call logged to generator_test_eval_940_20260222_081043_586.json
[GENERATOR] Starting call test_eval_964...
[GENERATOR] Call test_eval_951 completed in 12.37s
[LOG] generator call logged to generator_test_eval_951_20260222_081044_476.json
[GENERATOR] Starting call test_eval_965...
[GENERATOR] Call test_eval_943 completed in 22.89s
[LOG] generator call logged to generator_test_eval_943_20260222_081045_825.json
[GENERATOR] Starting call test_eval_966...
[GENERATOR] Call test_eval_944 completed in 22.82s
[LOG] generator call logged to generator_test_eval_944_20260222_081046_825.json
[GENERATOR] Starting call test_eval_967...
[GENERATOR] Call test_eval_952 completed in 14.86s
[LOG] generator call logged to generator_test_eval_952_20260222_081046_968.json
[GENERATOR] Starting call test_eval_968...
[GENERATOR] Call test_eval_945 completed in 24.30s
[LOG] generator call logged to generator_test_eval_945_20260222_081048_695.json
[GENERATOR] Starting call test_eval_969...
Progress: 950/1080, Accuracy: 0.352
[GENERATOR] Call test_eval_946 completed in 24.12s
[LOG] generator call logged to generator_test_eval_946_20260222_081049_442.json
[GENERATOR] Starting call test_eval_970...
[GENERATOR] Call test_eval_947 completed in 24.99s
[LOG] generator call logged to generator_test_eval_947_20260222_081051_363.json
[GENERATOR] Starting call test_eval_971...
[GENERATOR] Call test_eval_949 completed in 23.34s
[LOG] generator call logged to generator_test_eval_949_20260222_081052_291.json
[GENERATOR] Starting call test_eval_972...
[GENERATOR] Call test_eval_957 completed in 16.51s
[LOG] generator call logged to generator_test_eval_957_20260222_081053_338.json
[GENERATOR] Starting call test_eval_973...
[GENERATOR] Call test_eval_956 completed in 17.87s
[LOG] generator call logged to generator_test_eval_956_20260222_081053_354.json
[GENERATOR] Starting call test_eval_974...
[GENERATOR] Call test_eval_954 completed in 22.63s
[LOG] generator call logged to generator_test_eval_954_20260222_081055_204.json
[GENERATOR] Starting call test_eval_975...
[GENERATOR] Call test_eval_960 completed in 16.78s
[LOG] generator call logged to generator_test_eval_960_20260222_081056_578.json
[GENERATOR] Starting call test_eval_976...
[GENERATOR] Call test_eval_953 completed in 24.39s
[LOG] generator call logged to generator_test_eval_953_20260222_081056_757.json
[GENERATOR] Starting call test_eval_977...
[GENERATOR] Call test_eval_958 completed in 21.85s
[LOG] generator call logged to generator_test_eval_958_20260222_081058_924.json
[GENERATOR] Starting call test_eval_978...
[GENERATOR] Call test_eval_955 completed in 25.34s
[LOG] generator call logged to generator_test_eval_955_20260222_081059_776.json
[GENERATOR] Starting call test_eval_979...
[GENERATOR] Call test_eval_959 completed in 22.85s
[LOG] generator call logged to generator_test_eval_959_20260222_081101_814.json
[GENERATOR] Starting call test_eval_980...
[GENERATOR] Call test_eval_962 completed in 20.60s
[LOG] generator call logged to generator_test_eval_962_20260222_081102_369.json
[GENERATOR] Starting call test_eval_981...
[GENERATOR] Call test_eval_967 completed in 16.35s
[LOG] generator call logged to generator_test_eval_967_20260222_081103_173.json
[GENERATOR] Starting call test_eval_982...
[GENERATOR] Call test_eval_961 completed in 23.94s
[LOG] generator call logged to generator_test_eval_961_20260222_081104_133.json
[GENERATOR] Starting call test_eval_983...
[GENERATOR] Call test_eval_968 completed in 19.13s
[LOG] generator call logged to generator_test_eval_968_20260222_081106_103.json
[GENERATOR] Starting call test_eval_984...
[GENERATOR] Call test_eval_969 completed in 17.77s
[LOG] generator call logged to generator_test_eval_969_20260222_081106_469.json
[GENERATOR] Starting call test_eval_985...
[GENERATOR] Call test_eval_972 completed in 16.82s
[LOG] generator call logged to generator_test_eval_972_20260222_081109_116.json
[GENERATOR] Starting call test_eval_986...
[GENERATOR] Call test_eval_978 completed in 10.96s
[LOG] generator call logged to generator_test_eval_978_20260222_081109_890.json
[GENERATOR] Starting call test_eval_987...
[GENERATOR] Call test_eval_979 completed in 12.32s
[LOG] generator call logged to generator_test_eval_979_20260222_081112_099.json
[GENERATOR] Starting call test_eval_988...
[GENERATOR] Call test_eval_981 completed in 10.59s
[LOG] generator call logged to generator_test_eval_981_20260222_081112_961.json
[GENERATOR] Starting call test_eval_989...
[GENERATOR] Call test_eval_964 completed in 29.84s
[LOG] generator call logged to generator_test_eval_964_20260222_081113_426.json
[GENERATOR] Starting call test_eval_990...
[GENERATOR] Call test_eval_963 completed in 29.90s
[LOG] generator call logged to generator_test_eval_963_20260222_081113_435.json
[GENERATOR] Starting call test_eval_991...
[GENERATOR] Call test_eval_982 completed in 12.73s
[LOG] generator call logged to generator_test_eval_982_20260222_081115_910.json
[GENERATOR] Starting call test_eval_992...
[GENERATOR] Call test_eval_965 completed in 31.96s
[LOG] generator call logged to generator_test_eval_965_20260222_081116_439.json
[GENERATOR] Starting call test_eval_993...
[GENERATOR] Call test_eval_983 completed in 12.91s
[LOG] generator call logged to generator_test_eval_983_20260222_081117_049.json
[GENERATOR] Starting call test_eval_994...
[GENERATOR] Call test_eval_966 completed in 33.37s
[LOG] generator call logged to generator_test_eval_966_20260222_081119_197.json
[GENERATOR] Starting call test_eval_995...
[GENERATOR] Call test_eval_970 completed in 29.91s
[LOG] generator call logged to generator_test_eval_970_20260222_081119_349.json
[GENERATOR] Starting call test_eval_996...
[GENERATOR] Call test_eval_984 completed in 13.58s
[LOG] generator call logged to generator_test_eval_984_20260222_081119_683.json
[GENERATOR] Starting call test_eval_997...
[GENERATOR] Call test_eval_988 completed in 8.83s
[LOG] generator call logged to generator_test_eval_988_20260222_081120_932.json
[GENERATOR] Starting call test_eval_998...
[GENERATOR] Call test_eval_971 completed in 30.51s
[LOG] generator call logged to generator_test_eval_971_20260222_081121_871.json
[GENERATOR] Starting call test_eval_999...
[GENERATOR] Call test_eval_973 completed in 29.15s
[LOG] generator call logged to generator_test_eval_973_20260222_081122_486.json
[GENERATOR] Starting call test_eval_1000...
[GENERATOR] Call test_eval_989 completed in 10.24s
[LOG] generator call logged to generator_test_eval_989_20260222_081123_203.json
[GENERATOR] Starting call test_eval_1001...
[GENERATOR] Call test_eval_975 completed in 29.93s
[LOG] generator call logged to generator_test_eval_975_20260222_081125_135.json
[GENERATOR] Starting call test_eval_1002...
[GENERATOR] Call test_eval_974 completed in 31.94s
[LOG] generator call logged to generator_test_eval_974_20260222_081125_294.json
[GENERATOR] Starting call test_eval_1003...
[GENERATOR] Call test_eval_992 completed in 10.36s
[LOG] generator call logged to generator_test_eval_992_20260222_081126_270.json
[GENERATOR] Starting call test_eval_1004...
[GENERATOR] Call test_eval_976 completed in 31.64s
[LOG] generator call logged to generator_test_eval_976_20260222_081128_222.json
[GENERATOR] Starting call test_eval_1005...
[GENERATOR] Call test_eval_977 completed in 31.87s
[LOG] generator call logged to generator_test_eval_977_20260222_081128_632.json
[GENERATOR] Starting call test_eval_1006...
[GENERATOR] Call test_eval_993 completed in 12.62s
[LOG] generator call logged to generator_test_eval_993_20260222_081129_063.json
[GENERATOR] Starting call test_eval_1007...
[GENERATOR] Call test_eval_990 completed in 17.09s
[LOG] generator call logged to generator_test_eval_990_20260222_081130_517.json
[GENERATOR] Starting call test_eval_1008...
[GENERATOR] Call test_eval_980 completed in 29.79s
[LOG] generator call logged to generator_test_eval_980_20260222_081131_602.json
[GENERATOR] Starting call test_eval_1009...
[GENERATOR] Call test_eval_994 completed in 15.68s
[LOG] generator call logged to generator_test_eval_994_20260222_081132_730.json
[GENERATOR] Starting call test_eval_1010...
[GENERATOR] Call test_eval_985 completed in 26.82s
[LOG] generator call logged to generator_test_eval_985_20260222_081133_290.json
[GENERATOR] Starting call test_eval_1011...
[GENERATOR] Call test_eval_998 completed in 14.76s
[GENERATOR] Call test_eval_996 completed in 16.35s
[LOG] generator call logged to generator_test_eval_998_20260222_081135_697.json
[GENERATOR] Starting call test_eval_1012...
[LOG] generator call logged to generator_test_eval_996_20260222_081135_699.json
[GENERATOR] Starting call test_eval_1013...
[GENERATOR] Call test_eval_986 completed in 27.09s
[LOG] generator call logged to generator_test_eval_986_20260222_081136_208.json
[GENERATOR] Starting call test_eval_1014...
[GENERATOR] Call test_eval_987 completed in 27.16s
[LOG] generator call logged to generator_test_eval_987_20260222_081137_049.json
[GENERATOR] Starting call test_eval_1015...
[GENERATOR] Call test_eval_991 completed in 25.55s
[LOG] generator call logged to generator_test_eval_991_20260222_081138_991.json
[GENERATOR] Starting call test_eval_1016...
[GENERATOR] Call test_eval_1001 completed in 16.48s
[LOG] generator call logged to generator_test_eval_1001_20260222_081139_685.json
[GENERATOR] Starting call test_eval_1017...
[GENERATOR] Call test_eval_995 completed in 21.82s
[LOG] generator call logged to generator_test_eval_995_20260222_081141_020.json
[GENERATOR] Starting call test_eval_1018...
[GENERATOR] Call test_eval_1002 completed in 17.28s
[LOG] generator call logged to generator_test_eval_1002_20260222_081142_419.json
[GENERATOR] Starting call test_eval_1019...
Progress: 1000/1080, Accuracy: 0.349
[GENERATOR] Call test_eval_997 completed in 23.23s
[LOG] generator call logged to generator_test_eval_997_20260222_081142_917.json
[GENERATOR] Starting call test_eval_1020...
[GENERATOR] Call test_eval_1003 completed in 21.12s
[LOG] generator call logged to generator_test_eval_1003_20260222_081146_414.json
[GENERATOR] Starting call test_eval_1021...
[GENERATOR] Call test_eval_1005 completed in 18.44s
[LOG] generator call logged to generator_test_eval_1005_20260222_081146_664.json
[GENERATOR] Starting call test_eval_1022...
[GENERATOR] Call test_eval_1000 completed in 24.32s
[LOG] generator call logged to generator_test_eval_1000_20260222_081146_809.json
[GENERATOR] Starting call test_eval_1023...
[GENERATOR] Call test_eval_999 completed in 25.29s
[LOG] generator call logged to generator_test_eval_999_20260222_081147_168.json
[GENERATOR] Starting call test_eval_1024...
[GENERATOR] Call test_eval_1004 completed in 22.87s
[LOG] generator call logged to generator_test_eval_1004_20260222_081149_137.json
[GENERATOR] Starting call test_eval_1025...
[GENERATOR] Call test_eval_1006 completed in 20.88s
[LOG] generator call logged to generator_test_eval_1006_20260222_081149_515.json
[GENERATOR] Starting call test_eval_1026...
[GENERATOR] Call test_eval_1008 completed in 19.91s
[LOG] generator call logged to generator_test_eval_1008_20260222_081150_428.json
[GENERATOR] Starting call test_eval_1027...
[GENERATOR] Call test_eval_1007 completed in 21.51s
[LOG] generator call logged to generator_test_eval_1007_20260222_081150_578.json
[GENERATOR] Starting call test_eval_1028...
[GENERATOR] Call test_eval_1010 completed in 20.06s
[LOG] generator call logged to generator_test_eval_1010_20260222_081152_797.json
[GENERATOR] Starting call test_eval_1029...
[GENERATOR] Call test_eval_1009 completed in 22.01s
[GENERATOR] Call test_eval_1013 completed in 17.91s
[LOG] generator call logged to generator_test_eval_1009_20260222_081153_611.json
[GENERATOR] Starting call test_eval_1030...
[LOG] generator call logged to generator_test_eval_1013_20260222_081153_612.json
[GENERATOR] Starting call test_eval_1031...
[GENERATOR] Call test_eval_1011 completed in 21.01s
[LOG] generator call logged to generator_test_eval_1011_20260222_081154_305.json
[GENERATOR] Starting call test_eval_1032...
[GENERATOR] Call test_eval_1032 completed in 1.65s
[LOG] generator call logged to generator_test_eval_1032_20260222_081155_959.json
[GENERATOR] Starting call test_eval_1033...
[GENERATOR] Call test_eval_1015 completed in 19.64s
[LOG] generator call logged to generator_test_eval_1015_20260222_081156_688.json
[GENERATOR] Starting call test_eval_1034...
[GENERATOR] Call test_eval_1012 completed in 22.56s
[LOG] generator call logged to generator_test_eval_1012_20260222_081158_259.json
[GENERATOR] Starting call test_eval_1035...
[GENERATOR] Call test_eval_1016 completed in 20.15s
[LOG] generator call logged to generator_test_eval_1016_20260222_081159_144.json
[GENERATOR] Starting call test_eval_1036...
[GENERATOR] Call test_eval_1014 completed in 23.94s
[LOG] generator call logged to generator_test_eval_1014_20260222_081200_153.json
[GENERATOR] Starting call test_eval_1037...
[GENERATOR] Call test_eval_1034 completed in 3.55s
[LOG] generator call logged to generator_test_eval_1034_20260222_081200_240.json
[GENERATOR] Starting call test_eval_1038...
[GENERATOR] Call test_eval_1021 completed in 14.04s
[LOG] generator call logged to generator_test_eval_1021_20260222_081200_453.json
[GENERATOR] Starting call test_eval_1039...
[GENERATOR] Call test_eval_1033 completed in 4.71s
[LOG] generator call logged to generator_test_eval_1033_20260222_081200_671.json
[GENERATOR] Starting call test_eval_1040...
[GENERATOR] Call test_eval_1017 completed in 23.04s
[LOG] generator call logged to generator_test_eval_1017_20260222_081202_726.json
[GENERATOR] Starting call test_eval_1041...
[GENERATOR] Call test_eval_1036 completed in 5.25s
[LOG] generator call logged to generator_test_eval_1036_20260222_081204_392.json
[GENERATOR] Starting call test_eval_1042...
[GENERATOR] Call test_eval_1022 completed in 18.40s
[LOG] generator call logged to generator_test_eval_1022_20260222_081205_061.json
[GENERATOR] Starting call test_eval_1043...
[GENERATOR] Call test_eval_1035 completed in 7.69s
[LOG] generator call logged to generator_test_eval_1035_20260222_081205_951.json
[GENERATOR] Starting call test_eval_1044...
[GENERATOR] Call test_eval_1041 completed in 4.61s
[LOG] generator call logged to generator_test_eval_1041_20260222_081207_342.json
[GENERATOR] Starting call test_eval_1045...
[GENERATOR] Call test_eval_1025 completed in 19.22s
[LOG] generator call logged to generator_test_eval_1025_20260222_081208_355.json
[GENERATOR] Starting call test_eval_1046...
[GENERATOR] Call test_eval_1018 completed in 27.56s
[LOG] generator call logged to generator_test_eval_1018_20260222_081208_585.json
[GENERATOR] Starting call test_eval_1047...
[GENERATOR] Call test_eval_1044 completed in 2.79s
[LOG] generator call logged to generator_test_eval_1044_20260222_081208_738.json
[GENERATOR] Starting call test_eval_1048...
[GENERATOR] Call test_eval_1027 completed in 19.68s
[LOG] generator call logged to generator_test_eval_1027_20260222_081210_109.json
[GENERATOR] Starting call test_eval_1049...
[GENERATOR] Call test_eval_1029 completed in 18.94s
[LOG] generator call logged to generator_test_eval_1029_20260222_081211_736.json
[GENERATOR] Starting call test_eval_1050...
[GENERATOR] Call test_eval_1020 completed in 29.00s
[LOG] generator call logged to generator_test_eval_1020_20260222_081211_921.json
[GENERATOR] Starting call test_eval_1051...
[GENERATOR] Call test_eval_1030 completed in 20.99s
[GENERATOR] Call test_eval_1040 completed in 13.93s
[LOG] generator call logged to generator_test_eval_1030_20260222_081214_605.json
[GENERATOR] Starting call test_eval_1052...
[LOG] generator call logged to generator_test_eval_1040_20260222_081214_605.json
[GENERATOR] Starting call test_eval_1053...
[GENERATOR] Call test_eval_1045 completed in 10.41s
[LOG] generator call logged to generator_test_eval_1045_20260222_081217_749.json
[GENERATOR] Starting call test_eval_1054...
[GENERATOR] Call test_eval_1042 completed in 13.37s
[LOG] generator call logged to generator_test_eval_1042_20260222_081217_762.json
[GENERATOR] Starting call test_eval_1055...
[GENERATOR] Call test_eval_1019 completed in 38.12s
[LOG] generator call logged to generator_test_eval_1019_20260222_081220_541.json
[GENERATOR] Starting call test_eval_1056...
[GENERATOR] Call test_eval_1046 completed in 13.02s
[LOG] generator call logged to generator_test_eval_1046_20260222_081221_373.json
[GENERATOR] Starting call test_eval_1057...
[GENERATOR] Call test_eval_1023 completed in 34.77s
[LOG] generator call logged to generator_test_eval_1023_20260222_081221_577.json
[GENERATOR] Starting call test_eval_1058...
[GENERATOR] Call test_eval_1048 completed in 14.16s
[LOG] generator call logged to generator_test_eval_1048_20260222_081222_902.json
[GENERATOR] Starting call test_eval_1059...
[GENERATOR] Call test_eval_1024 completed in 37.30s
[LOG] generator call logged to generator_test_eval_1024_20260222_081224_468.json
[GENERATOR] Starting call test_eval_1060...
[GENERATOR] Call test_eval_1050 completed in 14.18s
[LOG] generator call logged to generator_test_eval_1050_20260222_081225_920.json
[GENERATOR] Starting call test_eval_1061...
[GENERATOR] Call test_eval_1026 completed in 38.12s
[LOG] generator call logged to generator_test_eval_1026_20260222_081227_637.json
[GENERATOR] Starting call test_eval_1062...
[GENERATOR] Call test_eval_1028 completed in 37.08s
[LOG] generator call logged to generator_test_eval_1028_20260222_081227_663.json
[GENERATOR] Starting call test_eval_1063...
[GENERATOR] Call test_eval_1051 completed in 17.12s
[LOG] generator call logged to generator_test_eval_1051_20260222_081229_047.json
[GENERATOR] Starting call test_eval_1064...
[GENERATOR] Call test_eval_1039 completed in 30.46s
[LOG] generator call logged to generator_test_eval_1039_20260222_081230_917.json
[GENERATOR] Starting call test_eval_1065...
[GENERATOR] Call test_eval_1031 completed in 37.90s
[LOG] generator call logged to generator_test_eval_1031_20260222_081231_515.json
[GENERATOR] Starting call test_eval_1066...
[GENERATOR] Call test_eval_1057 completed in 11.05s
[LOG] generator call logged to generator_test_eval_1057_20260222_081232_423.json
[GENERATOR] Starting call test_eval_1067...
[GENERATOR] Call test_eval_1037 completed in 33.56s
[LOG] generator call logged to generator_test_eval_1037_20260222_081233_717.json
[GENERATOR] Starting call test_eval_1068...
[GENERATOR] Call test_eval_1038 completed in 34.76s
[LOG] generator call logged to generator_test_eval_1038_20260222_081235_004.json
[GENERATOR] Starting call test_eval_1069...
Progress: 1050/1080, Accuracy: 0.345
[GENERATOR] Call test_eval_1058 completed in 13.92s
[LOG] generator call logged to generator_test_eval_1058_20260222_081235_496.json
[GENERATOR] Starting call test_eval_1070...
[GENERATOR] Call test_eval_1049 completed in 25.69s
[LOG] generator call logged to generator_test_eval_1049_20260222_081235_801.json
[GENERATOR] Starting call test_eval_1071...
[GENERATOR] Call test_eval_1043 completed in 31.56s
[LOG] generator call logged to generator_test_eval_1043_20260222_081236_623.json
[GENERATOR] Starting call test_eval_1072...
[GENERATOR] Call test_eval_1047 completed in 29.74s
[LOG] generator call logged to generator_test_eval_1047_20260222_081238_330.json
[GENERATOR] Starting call test_eval_1073...
[GENERATOR] Call test_eval_1063 completed in 11.11s
[LOG] generator call logged to generator_test_eval_1063_20260222_081238_773.json
[GENERATOR] Starting call test_eval_1074...
[GENERATOR] Call test_eval_1062 completed in 11.40s
[LOG] generator call logged to generator_test_eval_1062_20260222_081239_035.json
[GENERATOR] Starting call test_eval_1075...
[GENERATOR] Call test_eval_1052 completed in 24.99s
[LOG] generator call logged to generator_test_eval_1052_20260222_081239_592.json
[GENERATOR] Starting call test_eval_1076...
[GENERATOR] Call test_eval_1053 completed in 26.80s
[LOG] generator call logged to generator_test_eval_1053_20260222_081241_411.json
[GENERATOR] Starting call test_eval_1077...
[GENERATOR] Call test_eval_1064 completed in 12.69s
[LOG] generator call logged to generator_test_eval_1064_20260222_081241_743.json
[GENERATOR] Starting call test_eval_1078...
[GENERATOR] Call test_eval_1054 completed in 24.81s
[LOG] generator call logged to generator_test_eval_1054_20260222_081242_562.json
[GENERATOR] Starting call test_eval_1079...
[GENERATOR] Call test_eval_1065 completed in 13.79s
[LOG] generator call logged to generator_test_eval_1065_20260222_081244_713.json
[GENERATOR] Call test_eval_1055 completed in 27.27s
[LOG] generator call logged to generator_test_eval_1055_20260222_081245_037.json
[GENERATOR] Call test_eval_1056 completed in 24.63s
[LOG] generator call logged to generator_test_eval_1056_20260222_081245_179.json
[GENERATOR] Call test_eval_1066 completed in 14.42s
[LOG] generator call logged to generator_test_eval_1066_20260222_081245_938.json
[GENERATOR] Call test_eval_1068 completed in 14.75s
[LOG] generator call logged to generator_test_eval_1068_20260222_081248_473.json
[GENERATOR] Call test_eval_1059 completed in 25.89s
[LOG] generator call logged to generator_test_eval_1059_20260222_081248_791.json
[GENERATOR] Call test_eval_1060 completed in 24.51s
[LOG] generator call logged to generator_test_eval_1060_20260222_081248_984.json
[GENERATOR] Call test_eval_1069 completed in 14.10s
[LOG] generator call logged to generator_test_eval_1069_20260222_081249_101.json
[GENERATOR] Call test_eval_1070 completed in 16.08s
[LOG] generator call logged to generator_test_eval_1070_20260222_081251_579.json
[GENERATOR] Call test_eval_1061 completed in 25.83s
[LOG] generator call logged to generator_test_eval_1061_20260222_081251_751.json
[GENERATOR] Call test_eval_1073 completed in 14.16s
[LOG] generator call logged to generator_test_eval_1073_20260222_081252_495.json
[GENERATOR] Call test_eval_1067 completed in 21.53s
[LOG] generator call logged to generator_test_eval_1067_20260222_081253_957.json
[GENERATOR] Call test_eval_1071 completed in 20.89s
[LOG] generator call logged to generator_test_eval_1071_20260222_081256_698.json
[GENERATOR] Call test_eval_1072 completed in 20.79s
[LOG] generator call logged to generator_test_eval_1072_20260222_081257_411.json
[GENERATOR] Call test_eval_1076 completed in 19.63s
[LOG] generator call logged to generator_test_eval_1076_20260222_081259_224.json
[GENERATOR] Call test_eval_1074 completed in 20.65s
[LOG] generator call logged to generator_test_eval_1074_20260222_081259_426.json
[GENERATOR] Call test_eval_1075 completed in 20.90s
[LOG] generator call logged to generator_test_eval_1075_20260222_081259_934.json
[GENERATOR] Call test_eval_1078 completed in 18.74s
[LOG] generator call logged to generator_test_eval_1078_20260222_081300_482.json
[GENERATOR] Call test_eval_1079 completed in 21.05s
[LOG] generator call logged to generator_test_eval_1079_20260222_081303_613.json
[GENERATOR] Call test_eval_1077 completed in 27.26s
[LOG] generator call logged to generator_test_eval_1077_20260222_081308_678.json
  Element selection accuracy: 489/1080 = 0.453
  Operation type accuracy: 892/1080 = 0.826
  Full match accuracy: 374/1080 = 0.346

📊 Final Accuracy: 0.346 (374/1080)
🎉 New best accuracy: 0.346

============================================================
OFFLINE TRAINING COMPLETE
============================================================
Best Validation Accuracy: 0.346
============================================================


============================================================
RUN COMPLETE
============================================================
Mode: OFFLINE
Best Validation Accuracy: 0.346
Results saved to: results/mind2web_stepaware/mind2web_cluster15_stepaware10/ace_run_20260222_074143_mind2web_cluster15_stepaware10_offline
============================================================


Final results: {'training_results': {'best_validation_accuracy': 0.34629629629629627}}

 Test eval: mind2web_cluster15_stepaware10 (playbook from results/mind2web_stepaware/mind2web_cluster15_stepaware10/ace_run_20260222_074143_mind2web_cluster15_stepaware10_offline)

============================================================
ACE SYSTEM - Mind2Web
============================================================
Task: mind2web_cluster15_stepaware10
Mode: EVAL ONLY
Generator Model: DeepSeek-V3.1
============================================================

Loaded 1805 samples from ./eval/mind2web/data/mind2web_test.jsonl
Eval only mode: Testing on 1805 examples
Loaded initial playbook from results/mind2web_stepaware/mind2web_cluster15_stepaware10/ace_run_20260222_074143_mind2web_cluster15_stepaware10_offline/best_playbook.txt

Using Together API for all models

============================================================
ACE SYSTEM - EVAL ONLY MODE
============================================================
Task: mind2web_cluster15_stepaware10
Test samples: 1805
============================================================


============================================================
RUNNING TEST
============================================================


========================================
EVALUATING TEST SET - 1805 samples, 20 workers
========================================
[GENERATOR] Starting call test_eval_0...
[GENERATOR] Starting call test_eval_1...
[GENERATOR] Starting call test_eval_2...
[GENERATOR] Starting call test_eval_3...
[GENERATOR] Starting call test_eval_4...
[GENERATOR] Starting call test_eval_5...
[GENERATOR] Starting call test_eval_6...
[GENERATOR] Starting call test_eval_7...
[GENERATOR] Starting call test_eval_8...
[GENERATOR] Starting call test_eval_9...
[GENERATOR] Starting call test_eval_10...
[GENERATOR] Starting call test_eval_11...
[GENERATOR] Starting call test_eval_12...
[GENERATOR] Starting call test_eval_13...
[GENERATOR] Starting call test_eval_14...
[GENERATOR] Starting call test_eval_15...
[GENERATOR] Starting call test_eval_16...
[GENERATOR] Starting call test_eval_17...
[GENERATOR] Starting call test_eval_18...
[GENERATOR] Starting call test_eval_19...
[GENERATOR] Call test_eval_14 completed in 2.21s
[LOG] generator call logged to generator_test_eval_14_20260222_081314_980.json
[GENERATOR] Starting call test_eval_20...
[GENERATOR] Call test_eval_18 completed in 3.04s
[LOG] generator call logged to generator_test_eval_18_20260222_081315_807.json
[GENERATOR] Starting call test_eval_21...
[GENERATOR] Call test_eval_1 completed in 5.27s
[LOG] generator call logged to generator_test_eval_1_20260222_081318_033.json
[GENERATOR] Starting call test_eval_22...
[GENERATOR] Call test_eval_12 completed in 5.90s
[LOG] generator call logged to generator_test_eval_12_20260222_081318_667.json
[GENERATOR] Starting call test_eval_23...
[GENERATOR] Call test_eval_8 completed in 9.08s
[LOG] generator call logged to generator_test_eval_8_20260222_081321_844.json
[GENERATOR] Starting call test_eval_24...
[GENERATOR] Call test_eval_13 completed in 12.29s
[LOG] generator call logged to generator_test_eval_13_20260222_081325_059.json
[GENERATOR] Starting call test_eval_25...
[GENERATOR] Call test_eval_0 completed in 13.46s
[LOG] generator call logged to generator_test_eval_0_20260222_081326_225.json
[GENERATOR] Starting call test_eval_26...
[GENERATOR] Call test_eval_7 completed in 14.69s
[LOG] generator call logged to generator_test_eval_7_20260222_081327_454.json
[GENERATOR] Starting call test_eval_27...
[GENERATOR] Call test_eval_3 completed in 14.72s
[LOG] generator call logged to generator_test_eval_3_20260222_081327_482.json
[GENERATOR] Starting call test_eval_28...
[GENERATOR] Call test_eval_9 completed in 15.59s
[LOG] generator call logged to generator_test_eval_9_20260222_081328_353.json
[GENERATOR] Starting call test_eval_29...
[GENERATOR] Call test_eval_15 completed in 17.61s
[LOG] generator call logged to generator_test_eval_15_20260222_081330_380.json
[GENERATOR] Starting call test_eval_30...
[GENERATOR] Call test_eval_2 completed in 18.54s
[LOG] generator call logged to generator_test_eval_2_20260222_081331_306.json
[GENERATOR] Starting call test_eval_31...
[GENERATOR] Call test_eval_17 completed in 19.27s
[LOG] generator call logged to generator_test_eval_17_20260222_081332_035.json
[GENERATOR] Starting call test_eval_32...
[GENERATOR] Call test_eval_6 completed in 20.66s
[LOG] generator call logged to generator_test_eval_6_20260222_081333_427.json
[GENERATOR] Starting call test_eval_33...
[GENERATOR] Call test_eval_16 completed in 21.48s
[LOG] generator call logged to generator_test_eval_16_20260222_081334_244.json
[GENERATOR] Starting call test_eval_34...
[GENERATOR] Call test_eval_20 completed in 20.42s
[LOG] generator call logged to generator_test_eval_20_20260222_081335_399.json
[GENERATOR] Starting call test_eval_35...
[GENERATOR] Call test_eval_10 completed in 23.76s
[LOG] generator call logged to generator_test_eval_10_20260222_081336_524.json
[GENERATOR] Starting call test_eval_36...
[GENERATOR] Call test_eval_21 completed in 21.06s
[LOG] generator call logged to generator_test_eval_21_20260222_081336_869.json
[GENERATOR] Starting call test_eval_37...
[GENERATOR] Call test_eval_4 completed in 25.40s
[LOG] generator call logged to generator_test_eval_4_20260222_081338_167.json
[GENERATOR] Starting call test_eval_38...
[GENERATOR] Call test_eval_11 completed in 26.93s
[LOG] generator call logged to generator_test_eval_11_20260222_081339_702.json
[GENERATOR] Starting call test_eval_39...
[GENERATOR] Call test_eval_26 completed in 13.64s
[LOG] generator call logged to generator_test_eval_26_20260222_081339_870.json
[GENERATOR] Starting call test_eval_40...
[GENERATOR] Call test_eval_22 completed in 23.02s
[LOG] generator call logged to generator_test_eval_22_20260222_081341_054.json
[GENERATOR] Starting call test_eval_41...
[GENERATOR] Call test_eval_19 completed in 28.31s
[LOG] generator call logged to generator_test_eval_19_20260222_081341_074.json
[GENERATOR] Starting call test_eval_42...
[GENERATOR] Call test_eval_27 completed in 14.98s
[LOG] generator call logged to generator_test_eval_27_20260222_081342_438.json
[GENERATOR] Starting call test_eval_43...
[GENERATOR] Call test_eval_5 completed in 30.93s
[LOG] generator call logged to generator_test_eval_5_20260222_081343_693.json
[GENERATOR] Starting call test_eval_44...
[GENERATOR] Call test_eval_23 completed in 25.37s
[LOG] generator call logged to generator_test_eval_23_20260222_081344_044.json
[GENERATOR] Starting call test_eval_45...
[GENERATOR] Call test_eval_30 completed in 13.68s
[LOG] generator call logged to generator_test_eval_30_20260222_081344_063.json
[GENERATOR] Starting call test_eval_46...
[GENERATOR] Call test_eval_32 completed in 14.88s
[LOG] generator call logged to generator_test_eval_32_20260222_081346_914.json
[GENERATOR] Starting call test_eval_47...
[GENERATOR] Call test_eval_24 completed in 26.15s
[LOG] generator call logged to generator_test_eval_24_20260222_081347_997.json
[GENERATOR] Starting call test_eval_48...
[GENERATOR] Call test_eval_31 completed in 19.25s
[LOG] generator call logged to generator_test_eval_31_20260222_081350_561.json
[GENERATOR] Starting call test_eval_49...
[GENERATOR] Call test_eval_35 completed in 16.71s
[LOG] generator call logged to generator_test_eval_35_20260222_081352_108.json
[GENERATOR] Starting call test_eval_50...
[GENERATOR] Call test_eval_25 completed in 27.96s
[LOG] generator call logged to generator_test_eval_25_20260222_081353_017.json
[GENERATOR] Starting call test_eval_51...
[GENERATOR] Call test_eval_39 completed in 14.54s
[LOG] generator call logged to generator_test_eval_39_20260222_081354_243.json
[GENERATOR] Starting call test_eval_52...
[GENERATOR] Call test_eval_28 completed in 26.83s
[LOG] generator call logged to generator_test_eval_28_20260222_081354_311.json
[GENERATOR] Starting call test_eval_53...
[GENERATOR] Call test_eval_29 completed in 28.24s
[LOG] generator call logged to generator_test_eval_29_20260222_081356_591.json
[GENERATOR] Starting call test_eval_54...
[GENERATOR] Call test_eval_41 completed in 16.33s
[LOG] generator call logged to generator_test_eval_41_20260222_081357_385.json
[GENERATOR] Starting call test_eval_55...
[GENERATOR] Call test_eval_33 completed in 24.50s
[LOG] generator call logged to generator_test_eval_33_20260222_081357_926.json
[GENERATOR] Starting call test_eval_56...
[GENERATOR] Call test_eval_42 completed in 17.40s
[LOG] generator call logged to generator_test_eval_42_20260222_081358_471.json
[GENERATOR] Starting call test_eval_57...
[GENERATOR] Call test_eval_44 completed in 16.33s
[LOG] generator call logged to generator_test_eval_44_20260222_081400_019.json
[GENERATOR] Starting call test_eval_58...
[GENERATOR] Call test_eval_36 completed in 24.78s
[LOG] generator call logged to generator_test_eval_36_20260222_081401_309.json
[GENERATOR] Starting call test_eval_59...
[GENERATOR] Call test_eval_34 completed in 27.99s
[LOG] generator call logged to generator_test_eval_34_20260222_081402_234.json
[GENERATOR] Starting call test_eval_60...
[GENERATOR] Call test_eval_49 completed in 12.61s
[LOG] generator call logged to generator_test_eval_49_20260222_081403_176.json
[GENERATOR] Starting call test_eval_61...
[GENERATOR] Call test_eval_47 completed in 17.77s
[LOG] generator call logged to generator_test_eval_47_20260222_081404_685.json
[GENERATOR] Starting call test_eval_62...
[GENERATOR] Call test_eval_51 completed in 13.45s
[LOG] generator call logged to generator_test_eval_51_20260222_081406_470.json
[GENERATOR] Starting call test_eval_63...
[GENERATOR] Call test_eval_38 completed in 28.88s
[LOG] generator call logged to generator_test_eval_38_20260222_081407_049.json
[GENERATOR] Starting call test_eval_64...
[GENERATOR] Call test_eval_37 completed in 31.33s
[LOG] generator call logged to generator_test_eval_37_20260222_081408_205.json
[GENERATOR] Starting call test_eval_65...
[GENERATOR] Call test_eval_53 completed in 13.91s
[LOG] generator call logged to generator_test_eval_53_20260222_081408_223.json
[GENERATOR] Starting call test_eval_66...
[GENERATOR] Call test_eval_56 completed in 12.84s
[LOG] generator call logged to generator_test_eval_56_20260222_081410_764.json
[GENERATOR] Starting call test_eval_67...
[GENERATOR] Call test_eval_57 completed in 12.70s
[LOG] generator call logged to generator_test_eval_57_20260222_081411_175.json
[GENERATOR] Starting call test_eval_68...
[GENERATOR] Call test_eval_43 completed in 29.12s
[LOG] generator call logged to generator_test_eval_43_20260222_081411_558.json
[GENERATOR] Starting call test_eval_69...
Progress: 50/1805, Accuracy: 0.220
[GENERATOR] Call test_eval_40 completed in 32.08s
[LOG] generator call logged to generator_test_eval_40_20260222_081411_957.json
[GENERATOR] Starting call test_eval_70...
[GENERATOR] Call test_eval_62 completed in 9.73s
[GENERATOR] Call test_eval_59 completed in 13.11s
[LOG] generator call logged to generator_test_eval_62_20260222_081414_417.json
[GENERATOR] Starting call test_eval_71...
[LOG] generator call logged to generator_test_eval_59_20260222_081414_418.json
[GENERATOR] Starting call test_eval_72...
[GENERATOR] Call test_eval_45 completed in 31.17s
[LOG] generator call logged to generator_test_eval_45_20260222_081415_216.json
[GENERATOR] Starting call test_eval_73...
[GENERATOR] Call test_eval_63 completed in 10.54s
[LOG] generator call logged to generator_test_eval_63_20260222_081417_012.json
[GENERATOR] Starting call test_eval_74...
[GENERATOR] Call test_eval_65 completed in 8.89s
[LOG] generator call logged to generator_test_eval_65_20260222_081417_094.json
[GENERATOR] Starting call test_eval_75...
[GENERATOR] Call test_eval_48 completed in 30.76s
[LOG] generator call logged to generator_test_eval_48_20260222_081418_762.json
[GENERATOR] Starting call test_eval_76...
[GENERATOR] Call test_eval_46 completed in 35.98s
[LOG] generator call logged to generator_test_eval_46_20260222_081420_045.json
[GENERATOR] Starting call test_eval_77...
[GENERATOR] Call test_eval_69 completed in 9.72s
[LOG] generator call logged to generator_test_eval_69_20260222_081421_278.json
[GENERATOR] Starting call test_eval_78...
[GENERATOR] Call test_eval_50 completed in 29.98s
[LOG] generator call logged to generator_test_eval_50_20260222_081422_094.json
[GENERATOR] Starting call test_eval_79...
[GENERATOR] Call test_eval_67 completed in 11.42s
[LOG] generator call logged to generator_test_eval_67_20260222_081422_188.json
[GENERATOR] Starting call test_eval_80...
[GENERATOR] Call test_eval_72 completed in 10.50s
[LOG] generator call logged to generator_test_eval_72_20260222_081424_922.json
[GENERATOR] Starting call test_eval_81...
[GENERATOR] Call test_eval_70 completed in 13.62s
[LOG] generator call logged to generator_test_eval_70_20260222_081425_578.json
[GENERATOR] Starting call test_eval_82...
[GENERATOR] Call test_eval_52 completed in 33.07s
[LOG] generator call logged to generator_test_eval_52_20260222_081427_319.json
[GENERATOR] Starting call test_eval_83...
[GENERATOR] Call test_eval_71 completed in 14.43s
[LOG] generator call logged to generator_test_eval_71_20260222_081428_854.json
[GENERATOR] Starting call test_eval_84...
[GENERATOR] Call test_eval_74 completed in 12.18s
[LOG] generator call logged to generator_test_eval_74_20260222_081429_195.json
[GENERATOR] Starting call test_eval_85...
[GENERATOR] Call test_eval_54 completed in 34.00s
[LOG] generator call logged to generator_test_eval_54_20260222_081430_592.json
[GENERATOR] Starting call test_eval_86...
[GENERATOR] Call test_eval_75 completed in 14.72s
[LOG] generator call logged to generator_test_eval_75_20260222_081431_820.json
[GENERATOR] Starting call test_eval_87...
[GENERATOR] Call test_eval_55 completed in 35.05s
[LOG] generator call logged to generator_test_eval_55_20260222_081432_434.json
[GENERATOR] Starting call test_eval_88...
[GENERATOR] Call test_eval_58 completed in 35.18s
[LOG] generator call logged to generator_test_eval_58_20260222_081435_206.json
[GENERATOR] Starting call test_eval_89...
[GENERATOR] Call test_eval_60 completed in 33.12s
[LOG] generator call logged to generator_test_eval_60_20260222_081435_359.json
[GENERATOR] Starting call test_eval_90...
[GENERATOR] Call test_eval_77 completed in 16.84s
[LOG] generator call logged to generator_test_eval_77_20260222_081436_882.json
[GENERATOR] Starting call test_eval_91...
[GENERATOR] Call test_eval_61 completed in 34.99s
[LOG] generator call logged to generator_test_eval_61_20260222_081438_169.json
[GENERATOR] Starting call test_eval_92...
[GENERATOR] Call test_eval_64 completed in 31.39s
[LOG] generator call logged to generator_test_eval_64_20260222_081438_436.json
[GENERATOR] Starting call test_eval_93...
[GENERATOR] Call test_eval_81 completed in 15.25s
[LOG] generator call logged to generator_test_eval_81_20260222_081440_168.json
[GENERATOR] Starting call test_eval_94...
[GENERATOR] Call test_eval_66 completed in 32.81s
[LOG] generator call logged to generator_test_eval_66_20260222_081441_037.json
[GENERATOR] Starting call test_eval_95...
[GENERATOR] Call test_eval_73 completed in 28.22s
[LOG] generator call logged to generator_test_eval_73_20260222_081443_437.json
[GENERATOR] Starting call test_eval_96...
[GENERATOR] Call test_eval_68 completed in 32.83s
[LOG] generator call logged to generator_test_eval_68_20260222_081444_010.json
[GENERATOR] Starting call test_eval_97...
[GENERATOR] Call test_eval_78 completed in 22.74s
[LOG] generator call logged to generator_test_eval_78_20260222_081444_019.json
[GENERATOR] Starting call test_eval_98...
[GENERATOR] Call test_eval_76 completed in 25.89s
[LOG] generator call logged to generator_test_eval_76_20260222_081444_651.json
[GENERATOR] Starting call test_eval_99...
[GENERATOR] Call test_eval_83 completed in 18.84s
[LOG] generator call logged to generator_test_eval_83_20260222_081446_156.json
[GENERATOR] Starting call test_eval_100...
[GENERATOR] Call test_eval_79 completed in 24.25s
[LOG] generator call logged to generator_test_eval_79_20260222_081446_343.json
[GENERATOR] Starting call test_eval_101...
[GENERATOR] Call test_eval_80 completed in 25.61s
[LOG] generator call logged to generator_test_eval_80_20260222_081447_798.json
[GENERATOR] Starting call test_eval_102...
[GENERATOR] Call test_eval_85 completed in 19.42s
[LOG] generator call logged to generator_test_eval_85_20260222_081448_619.json
[GENERATOR] Starting call test_eval_103...
[GENERATOR] Call test_eval_102 completed in 1.43s
[LOG] generator call logged to generator_test_eval_102_20260222_081449_231.json
[GENERATOR] Starting call test_eval_104...
[GENERATOR] Call test_eval_82 completed in 23.75s
[LOG] generator call logged to generator_test_eval_82_20260222_081449_333.json
[GENERATOR] Starting call test_eval_105...
[GENERATOR] Call test_eval_88 completed in 16.94s
[LOG] generator call logged to generator_test_eval_88_20260222_081449_372.json
[GENERATOR] Starting call test_eval_106...
[GENERATOR] Call test_eval_84 completed in 22.12s
[LOG] generator call logged to generator_test_eval_84_20260222_081450_973.json
[GENERATOR] Starting call test_eval_107...
[GENERATOR] Call test_eval_89 completed in 16.38s
[LOG] generator call logged to generator_test_eval_89_20260222_081451_587.json
[GENERATOR] Starting call test_eval_108...
[GENERATOR] Call test_eval_107 completed in 1.33s
[LOG] generator call logged to generator_test_eval_107_20260222_081452_300.json
[GENERATOR] Starting call test_eval_109...
[GENERATOR] Call test_eval_86 completed in 22.63s
[LOG] generator call logged to generator_test_eval_86_20260222_081453_222.json
[GENERATOR] Starting call test_eval_110...
[GENERATOR] Call test_eval_110 completed in 1.54s
[GENERATOR] Call test_eval_92 completed in 16.59s
[LOG] generator call logged to generator_test_eval_92_20260222_081454_764.json
[GENERATOR] Starting call test_eval_111...
[LOG] generator call logged to generator_test_eval_110_20260222_081454_763.json
[GENERATOR] Starting call test_eval_112...
[GENERATOR] Call test_eval_91 completed in 20.08s
[LOG] generator call logged to generator_test_eval_91_20260222_081456_966.json
[GENERATOR] Starting call test_eval_113...
[GENERATOR] Call test_eval_87 completed in 25.85s
[LOG] generator call logged to generator_test_eval_87_20260222_081457_675.json
[GENERATOR] Starting call test_eval_114...
[GENERATOR] Call test_eval_96 completed in 14.80s
[LOG] generator call logged to generator_test_eval_96_20260222_081458_239.json
[GENERATOR] Starting call test_eval_115...
[GENERATOR] Call test_eval_97 completed in 16.48s
[LOG] generator call logged to generator_test_eval_97_20260222_081500_494.json
[GENERATOR] Starting call test_eval_116...
[GENERATOR] Call test_eval_90 completed in 26.68s
[LOG] generator call logged to generator_test_eval_90_20260222_081502_039.json
[GENERATOR] Starting call test_eval_117...
[GENERATOR] Call test_eval_93 completed in 23.90s
[LOG] generator call logged to generator_test_eval_93_20260222_081502_336.json
[GENERATOR] Starting call test_eval_118...
[GENERATOR] Call test_eval_116 completed in 1.98s
[LOG] generator call logged to generator_test_eval_116_20260222_081502_474.json
[GENERATOR] Starting call test_eval_119...
Progress: 100/1805, Accuracy: 0.280
[GENERATOR] Call test_eval_119 completed in 1.34s
[LOG] generator call logged to generator_test_eval_119_20260222_081503_820.json
[GENERATOR] Starting call test_eval_120...
[GENERATOR] Call test_eval_94 completed in 24.93s
[GENERATOR] Call test_eval_98 completed in 21.08s
[LOG] generator call logged to generator_test_eval_94_20260222_081505_103.json
[GENERATOR] Starting call test_eval_121...
[LOG] generator call logged to generator_test_eval_98_20260222_081505_104.json
[GENERATOR] Starting call test_eval_122...
[GENERATOR] Call test_eval_120 completed in 1.37s
[LOG] generator call logged to generator_test_eval_120_20260222_081505_193.json
[GENERATOR] Starting call test_eval_123...
[GENERATOR] Call test_eval_95 completed in 25.33s
[LOG] generator call logged to generator_test_eval_95_20260222_081506_363.json
[GENERATOR] Starting call test_eval_124...
[GENERATOR] Call test_eval_101 completed in 22.20s
[LOG] generator call logged to generator_test_eval_101_20260222_081508_545.json
[GENERATOR] Starting call test_eval_125...
[GENERATOR] Call test_eval_99 completed in 24.24s
[LOG] generator call logged to generator_test_eval_99_20260222_081508_893.json
[GENERATOR] Starting call test_eval_126...
[GENERATOR] Call test_eval_100 completed in 23.17s
[LOG] generator call logged to generator_test_eval_100_20260222_081509_326.json
[GENERATOR] Starting call test_eval_127...
[GENERATOR] Call test_eval_103 completed in 21.05s
[LOG] generator call logged to generator_test_eval_103_20260222_081509_673.json
[GENERATOR] Starting call test_eval_128...
[GENERATOR] Call test_eval_106 completed in 23.31s
[LOG] generator call logged to generator_test_eval_106_20260222_081512_682.json
[GENERATOR] Starting call test_eval_129...
[GENERATOR] Call test_eval_104 completed in 23.86s
[LOG] generator call logged to generator_test_eval_104_20260222_081513_092.json
[GENERATOR] Starting call test_eval_130...
[GENERATOR] Call test_eval_105 completed in 24.45s
[LOG] generator call logged to generator_test_eval_105_20260222_081513_786.json
[GENERATOR] Starting call test_eval_131...
[GENERATOR] Call test_eval_112 completed in 19.20s
[LOG] generator call logged to generator_test_eval_112_20260222_081513_971.json
[GENERATOR] Starting call test_eval_132...
[GENERATOR] Call test_eval_108 completed in 24.14s
[LOG] generator call logged to generator_test_eval_108_20260222_081515_726.json
[GENERATOR] Starting call test_eval_133...
[GENERATOR] Call test_eval_111 completed in 21.91s
[LOG] generator call logged to generator_test_eval_111_20260222_081516_675.json
[GENERATOR] Starting call test_eval_134...
[GENERATOR] Call test_eval_109 completed in 24.65s
[LOG] generator call logged to generator_test_eval_109_20260222_081516_949.json
[GENERATOR] Starting call test_eval_135...
[GENERATOR] Call test_eval_113 completed in 21.04s
[LOG] generator call logged to generator_test_eval_113_20260222_081518_009.json
[GENERATOR] Starting call test_eval_136...
[GENERATOR] Call test_eval_134 completed in 2.86s
[LOG] generator call logged to generator_test_eval_134_20260222_081519_539.json
[GENERATOR] Starting call test_eval_137...
[GENERATOR] Call test_eval_114 completed in 22.28s
[LOG] generator call logged to generator_test_eval_114_20260222_081519_961.json
[GENERATOR] Starting call test_eval_138...
[GENERATOR] Call test_eval_115 completed in 22.53s
[GENERATOR] Call test_eval_124 completed in 14.41s
[LOG] generator call logged to generator_test_eval_124_20260222_081520_774.json
[GENERATOR] Starting call test_eval_139...
[LOG] generator call logged to generator_test_eval_115_20260222_081520_773.json
[GENERATOR] Starting call test_eval_140...
[GENERATOR] Call test_eval_135 completed in 3.92s
[LOG] generator call logged to generator_test_eval_135_20260222_081520_875.json
[GENERATOR] Starting call test_eval_141...
[GENERATOR] Call test_eval_136 completed in 3.24s
[LOG] generator call logged to generator_test_eval_136_20260222_081521_254.json
[GENERATOR] Starting call test_eval_142...
[GENERATOR] Call test_eval_117 completed in 20.58s
[LOG] generator call logged to generator_test_eval_117_20260222_081522_619.json
[GENERATOR] Starting call test_eval_143...
[GENERATOR] Call test_eval_118 completed in 21.41s
[LOG] generator call logged to generator_test_eval_118_20260222_081523_741.json
[GENERATOR] Starting call test_eval_144...
[GENERATOR] Call test_eval_126 completed in 16.39s
[LOG] generator call logged to generator_test_eval_126_20260222_081525_280.json
[GENERATOR] Starting call test_eval_145...
[GENERATOR] Call test_eval_125 completed in 16.81s
[LOG] generator call logged to generator_test_eval_125_20260222_081525_353.json
[GENERATOR] Starting call test_eval_146...
[GENERATOR] Call test_eval_129 completed in 14.02s
[LOG] generator call logged to generator_test_eval_129_20260222_081526_708.json
[GENERATOR] Starting call test_eval_147...
[GENERATOR] Call test_eval_122 completed in 23.45s
[LOG] generator call logged to generator_test_eval_122_20260222_081528_559.json
[GENERATOR] Starting call test_eval_148...
[GENERATOR] Call test_eval_130 completed in 17.68s
[LOG] generator call logged to generator_test_eval_130_20260222_081530_775.json
[GENERATOR] Starting call test_eval_149...
[GENERATOR] Call test_eval_121 completed in 26.50s
[LOG] generator call logged to generator_test_eval_121_20260222_081531_608.json
[GENERATOR] Starting call test_eval_150...
[GENERATOR] Call test_eval_123 completed in 27.04s
[GENERATOR] Call test_eval_132 completed in 18.27s
[LOG] generator call logged to generator_test_eval_132_20260222_081532_241.json
[GENERATOR] Starting call test_eval_151...
[LOG] generator call logged to generator_test_eval_123_20260222_081532_240.json
[GENERATOR] Starting call test_eval_152...
[GENERATOR] Call test_eval_133 completed in 17.86s
[LOG] generator call logged to generator_test_eval_133_20260222_081533_589.json
[GENERATOR] Starting call test_eval_153...
[GENERATOR] Call test_eval_127 completed in 25.03s
[LOG] generator call logged to generator_test_eval_127_20260222_081534_354.json
[GENERATOR] Starting call test_eval_154...
[GENERATOR] Call test_eval_138 completed in 15.58s
[LOG] generator call logged to generator_test_eval_138_20260222_081535_544.json
[GENERATOR] Starting call test_eval_155...
[GENERATOR] Call test_eval_142 completed in 15.38s
[LOG] generator call logged to generator_test_eval_142_20260222_081536_640.json
[GENERATOR] Starting call test_eval_156...
[GENERATOR] Call test_eval_128 completed in 27.70s
[LOG] generator call logged to generator_test_eval_128_20260222_081537_377.json
[GENERATOR] Starting call test_eval_157...
[GENERATOR] Call test_eval_131 completed in 25.53s
[LOG] generator call logged to generator_test_eval_131_20260222_081539_321.json
[GENERATOR] Starting call test_eval_158...
[GENERATOR] Call test_eval_143 completed in 16.74s
[LOG] generator call logged to generator_test_eval_143_20260222_081539_357.json
[GENERATOR] Starting call test_eval_159...
[GENERATOR] Call test_eval_137 completed in 20.79s
[LOG] generator call logged to generator_test_eval_137_20260222_081540_330.json
[GENERATOR] Starting call test_eval_160...
[GENERATOR] Call test_eval_140 completed in 21.68s
[LOG] generator call logged to generator_test_eval_140_20260222_081542_458.json
[GENERATOR] Starting call test_eval_161...
[GENERATOR] Call test_eval_150 completed in 10.90s
[LOG] generator call logged to generator_test_eval_150_20260222_081542_504.json
[GENERATOR] Starting call test_eval_162...
[GENERATOR] Call test_eval_139 completed in 22.38s
[LOG] generator call logged to generator_test_eval_139_20260222_081543_152.json
[GENERATOR] Starting call test_eval_163...
[GENERATOR] Call test_eval_146 completed in 18.76s
[LOG] generator call logged to generator_test_eval_146_20260222_081544_119.json
[GENERATOR] Starting call test_eval_164...
[GENERATOR] Call test_eval_141 completed in 24.36s
[LOG] generator call logged to generator_test_eval_141_20260222_081545_233.json
[GENERATOR] Starting call test_eval_165...
[GENERATOR] Call test_eval_151 completed in 14.53s
[LOG] generator call logged to generator_test_eval_151_20260222_081546_777.json
[GENERATOR] Starting call test_eval_166...
[GENERATOR] Call test_eval_154 completed in 13.02s
[LOG] generator call logged to generator_test_eval_154_20260222_081547_379.json
[GENERATOR] Starting call test_eval_167...
[GENERATOR] Call test_eval_145 completed in 22.81s
[LOG] generator call logged to generator_test_eval_145_20260222_081548_097.json
[GENERATOR] Starting call test_eval_168...
[GENERATOR] Call test_eval_157 completed in 12.63s
[LOG] generator call logged to generator_test_eval_157_20260222_081550_005.json
[GENERATOR] Starting call test_eval_169...
Progress: 150/1805, Accuracy: 0.293
[GENERATOR] Call test_eval_144 completed in 26.52s
[LOG] generator call logged to generator_test_eval_144_20260222_081550_263.json
[GENERATOR] Starting call test_eval_170...
[GENERATOR] Call test_eval_162 completed in 8.40s
[LOG] generator call logged to generator_test_eval_162_20260222_081550_902.json
[GENERATOR] Starting call test_eval_171...
[GENERATOR] Call test_eval_161 completed in 13.49s
[LOG] generator call logged to generator_test_eval_161_20260222_081555_953.json
[GENERATOR] Starting call test_eval_172...
[GENERATOR] Call test_eval_148 completed in 28.15s
[LOG] generator call logged to generator_test_eval_148_20260222_081556_714.json
[GENERATOR] Starting call test_eval_173...
[GENERATOR] Call test_eval_168 completed in 8.68s
[LOG] generator call logged to generator_test_eval_168_20260222_081556_783.json
[GENERATOR] Starting call test_eval_174...
[GENERATOR] Call test_eval_164 completed in 14.52s
[LOG] generator call logged to generator_test_eval_164_20260222_081558_640.json
[GENERATOR] Starting call test_eval_175...
[GENERATOR] Call test_eval_147 completed in 32.67s
[LOG] generator call logged to generator_test_eval_147_20260222_081559_377.json
[GENERATOR] Starting call test_eval_176...
[GENERATOR] Call test_eval_167 completed in 13.53s
[LOG] generator call logged to generator_test_eval_167_20260222_081600_909.json
[GENERATOR] Starting call test_eval_177...
[GENERATOR] Call test_eval_149 completed in 32.29s
[GENERATOR] Call test_eval_170 completed in 12.80s
[LOG] generator call logged to generator_test_eval_149_20260222_081603_063.json
[GENERATOR] Starting call test_eval_178...
[LOG] generator call logged to generator_test_eval_170_20260222_081603_063.json
[GENERATOR] Starting call test_eval_179...
[GENERATOR] Call test_eval_171 completed in 13.22s
[LOG] generator call logged to generator_test_eval_171_20260222_081604_126.json
[GENERATOR] Starting call test_eval_180...
[GENERATOR] Call test_eval_172 completed in 11.19s
[LOG] generator call logged to generator_test_eval_172_20260222_081607_148.json
[GENERATOR] Starting call test_eval_181...
[GENERATOR] Call test_eval_152 completed in 36.60s
[LOG] generator call logged to generator_test_eval_152_20260222_081608_843.json
[GENERATOR] Starting call test_eval_182...
[GENERATOR] Call test_eval_175 completed in 10.39s
[LOG] generator call logged to generator_test_eval_175_20260222_081609_029.json
[GENERATOR] Starting call test_eval_183...
[GENERATOR] Call test_eval_179 completed in 10.49s
[LOG] generator call logged to generator_test_eval_179_20260222_081613_551.json
[GENERATOR] Starting call test_eval_184...
[GENERATOR] Call test_eval_183 completed in 7.76s
[GENERATOR] Call test_eval_184 completed in 3.23s
[LOG] generator call logged to generator_test_eval_183_20260222_081616_785.json
[GENERATOR] Starting call test_eval_185...
[LOG] generator call logged to generator_test_eval_184_20260222_081616_786.json
[GENERATOR] Starting call test_eval_186...
[GENERATOR] Call test_eval_153 completed in 43.32s
[LOG] generator call logged to generator_test_eval_153_20260222_081616_914.json
[GENERATOR] Starting call test_eval_187...
[GENERATOR] Call test_eval_155 completed in 45.13s
[LOG] generator call logged to generator_test_eval_155_20260222_081620_676.json
[GENERATOR] Starting call test_eval_188...
[GENERATOR] Call test_eval_186 completed in 4.71s
[LOG] generator call logged to generator_test_eval_186_20260222_081621_498.json
[GENERATOR] Starting call test_eval_189...
[GENERATOR] Call test_eval_156 completed in 46.81s
[LOG] generator call logged to generator_test_eval_156_20260222_081623_453.json
[GENERATOR] Starting call test_eval_190...
[GENERATOR] Call test_eval_158 completed in 44.43s
[LOG] generator call logged to generator_test_eval_158_20260222_081623_748.json
[GENERATOR] Starting call test_eval_191...
[GENERATOR] Call test_eval_187 completed in 8.17s
[LOG] generator call logged to generator_test_eval_187_20260222_081625_089.json
[GENERATOR] Starting call test_eval_192...
[GENERATOR] Call test_eval_159 completed in 47.46s
[LOG] generator call logged to generator_test_eval_159_20260222_081626_820.json
[GENERATOR] Starting call test_eval_193...
[GENERATOR] Call test_eval_185 completed in 10.10s
[LOG] generator call logged to generator_test_eval_185_20260222_081626_887.json
[GENERATOR] Starting call test_eval_194...
[GENERATOR] Call test_eval_160 completed in 47.12s
[LOG] generator call logged to generator_test_eval_160_20260222_081627_449.json
[GENERATOR] Starting call test_eval_195...
[GENERATOR] Call test_eval_190 completed in 5.02s
[LOG] generator call logged to generator_test_eval_190_20260222_081628_476.json
[GENERATOR] Starting call test_eval_196...
[GENERATOR] Call test_eval_191 completed in 6.00s
[LOG] generator call logged to generator_test_eval_191_20260222_081629_748.json
[GENERATOR] Starting call test_eval_197...
[GENERATOR] Call test_eval_163 completed in 47.14s
[LOG] generator call logged to generator_test_eval_163_20260222_081630_298.json
[GENERATOR] Starting call test_eval_198...
[GENERATOR] Call test_eval_165 completed in 45.21s
[LOG] generator call logged to generator_test_eval_165_20260222_081630_443.json
[GENERATOR] Starting call test_eval_199...
[GENERATOR] Call test_eval_192 completed in 7.57s
[LOG] generator call logged to generator_test_eval_192_20260222_081632_657.json
[GENERATOR] Starting call test_eval_200...
[GENERATOR] Call test_eval_197 completed in 3.99s
[LOG] generator call logged to generator_test_eval_197_20260222_081633_737.json
[GENERATOR] Starting call test_eval_201...
[GENERATOR] Call test_eval_166 completed in 47.81s
[LOG] generator call logged to generator_test_eval_166_20260222_081634_588.json
[GENERATOR] Starting call test_eval_202...
[GENERATOR] Call test_eval_169 completed in 46.53s
[LOG] generator call logged to generator_test_eval_169_20260222_081636_535.json
[GENERATOR] Starting call test_eval_203...
[GENERATOR] Call test_eval_199 completed in 6.59s
[LOG] generator call logged to generator_test_eval_199_20260222_081637_036.json
[GENERATOR] Starting call test_eval_204...
[GENERATOR] Call test_eval_198 completed in 8.35s
[LOG] generator call logged to generator_test_eval_198_20260222_081638_647.json
[GENERATOR] Starting call test_eval_205...
[GENERATOR] Call test_eval_173 completed in 42.77s
[LOG] generator call logged to generator_test_eval_173_20260222_081639_484.json
[GENERATOR] Starting call test_eval_206...
[GENERATOR] Call test_eval_174 completed in 42.81s
[LOG] generator call logged to generator_test_eval_174_20260222_081639_599.json
[GENERATOR] Starting call test_eval_207...
[GENERATOR] Call test_eval_202 completed in 5.66s
[LOG] generator call logged to generator_test_eval_202_20260222_081640_250.json
[GENERATOR] Starting call test_eval_208...
[GENERATOR] Call test_eval_204 completed in 4.87s
[LOG] generator call logged to generator_test_eval_204_20260222_081641_909.json
[GENERATOR] Starting call test_eval_209...
[GENERATOR] Call test_eval_205 completed in 4.76s
[LOG] generator call logged to generator_test_eval_205_20260222_081643_405.json
[GENERATOR] Starting call test_eval_210...
[GENERATOR] Call test_eval_177 completed in 43.05s
[LOG] generator call logged to generator_test_eval_177_20260222_081643_963.json
[GENERATOR] Starting call test_eval_211...
[GENERATOR] Call test_eval_176 completed in 47.92s
[LOG] generator call logged to generator_test_eval_176_20260222_081647_300.json
[GENERATOR] Starting call test_eval_212...
[GENERATOR] Call test_eval_178 completed in 45.26s
[LOG] generator call logged to generator_test_eval_178_20260222_081648_323.json
[GENERATOR] Starting call test_eval_213...
[GENERATOR] Call test_eval_210 completed in 6.76s
[LOG] generator call logged to generator_test_eval_210_20260222_081650_170.json
[GENERATOR] Starting call test_eval_214...
[GENERATOR] Call test_eval_181 completed in 44.48s
[LOG] generator call logged to generator_test_eval_181_20260222_081651_626.json
[GENERATOR] Starting call test_eval_215...
[GENERATOR] Call test_eval_180 completed in 48.09s
[LOG] generator call logged to generator_test_eval_180_20260222_081652_217.json
[GENERATOR] Starting call test_eval_216...
[GENERATOR] Call test_eval_188 completed in 34.68s
[LOG] generator call logged to generator_test_eval_188_20260222_081655_361.json
[GENERATOR] Starting call test_eval_217...
[GENERATOR] Call test_eval_182 completed in 46.85s
[LOG] generator call logged to generator_test_eval_182_20260222_081655_697.json
[GENERATOR] Starting call test_eval_218...
[GENERATOR] Call test_eval_189 completed in 37.30s
[LOG] generator call logged to generator_test_eval_189_20260222_081658_797.json
[GENERATOR] Starting call test_eval_219...
Progress: 200/1805, Accuracy: 0.290
[GENERATOR] Call test_eval_193 completed in 32.86s
[LOG] generator call logged to generator_test_eval_193_20260222_081659_688.json
[GENERATOR] Starting call test_eval_220...
[GENERATOR] Call test_eval_194 completed in 34.85s
[LOG] generator call logged to generator_test_eval_194_20260222_081701_737.json
[GENERATOR] Starting call test_eval_221...
[GENERATOR] Call test_eval_218 completed in 6.17s
[LOG] generator call logged to generator_test_eval_218_20260222_081701_872.json
[GENERATOR] Starting call test_eval_222...
[GENERATOR] Call test_eval_195 completed in 35.58s
[LOG] generator call logged to generator_test_eval_195_20260222_081703_032.json
[GENERATOR] Starting call test_eval_223...
[GENERATOR] Call test_eval_196 completed in 36.85s
[LOG] generator call logged to generator_test_eval_196_20260222_081705_323.json
[GENERATOR] Starting call test_eval_224...
[GENERATOR] Call test_eval_219 completed in 7.75s
[LOG] generator call logged to generator_test_eval_219_20260222_081706_549.json
[GENERATOR] Starting call test_eval_225...
[GENERATOR] Call test_eval_200 completed in 34.36s
[LOG] generator call logged to generator_test_eval_200_20260222_081707_020.json
[GENERATOR] Starting call test_eval_226...
[GENERATOR] Call test_eval_201 completed in 34.25s
[LOG] generator call logged to generator_test_eval_201_20260222_081707_985.json
[GENERATOR] Starting call test_eval_227...
[GENERATOR] Call test_eval_223 completed in 7.41s
[LOG] generator call logged to generator_test_eval_223_20260222_081710_444.json
[GENERATOR] Starting call test_eval_228...
[GENERATOR] Call test_eval_224 completed in 5.81s
[LOG] generator call logged to generator_test_eval_224_20260222_081711_135.json
[GENERATOR] Starting call test_eval_229...
[GENERATOR] Call test_eval_206 completed in 32.39s
[LOG] generator call logged to generator_test_eval_206_20260222_081711_876.json
[GENERATOR] Starting call test_eval_230...
[GENERATOR] Call test_eval_203 completed in 35.75s
[LOG] generator call logged to generator_test_eval_203_20260222_081712_286.json
[GENERATOR] Starting call test_eval_231...
[GENERATOR] Call test_eval_226 completed in 7.11s
[LOG] generator call logged to generator_test_eval_226_20260222_081714_129.json
[GENERATOR] Starting call test_eval_232...
[GENERATOR] Call test_eval_225 completed in 7.85s
[LOG] generator call logged to generator_test_eval_225_20260222_081714_396.json
[GENERATOR] Starting call test_eval_233...
[GENERATOR] Call test_eval_207 completed in 36.62s
[LOG] generator call logged to generator_test_eval_207_20260222_081716_219.json
[GENERATOR] Starting call test_eval_234...
[GENERATOR] Call test_eval_208 completed in 36.77s
[LOG] generator call logged to generator_test_eval_208_20260222_081717_025.json
[GENERATOR] Starting call test_eval_235...
[GENERATOR] Call test_eval_228 completed in 7.23s
[LOG] generator call logged to generator_test_eval_228_20260222_081717_672.json
[GENERATOR] Starting call test_eval_236...
[GENERATOR] Call test_eval_236 completed in 1.21s
[LOG] generator call logged to generator_test_eval_236_20260222_081718_884.json
[GENERATOR] Starting call test_eval_237...
[GENERATOR] Call test_eval_230 completed in 7.47s
[LOG] generator call logged to generator_test_eval_230_20260222_081719_351.json
[GENERATOR] Starting call test_eval_238...
[GENERATOR] Call test_eval_209 completed in 37.51s
[LOG] generator call logged to generator_test_eval_209_20260222_081719_420.json
[GENERATOR] Starting call test_eval_239...
[GENERATOR] Call test_eval_211 completed in 35.89s
[LOG] generator call logged to generator_test_eval_211_20260222_081719_852.json
[GENERATOR] Starting call test_eval_240...
[GENERATOR] Call test_eval_231 completed in 8.79s
[LOG] generator call logged to generator_test_eval_231_20260222_081721_077.json
[GENERATOR] Starting call test_eval_241...
[GENERATOR] Call test_eval_234 completed in 6.27s
[LOG] generator call logged to generator_test_eval_234_20260222_081722_487.json
[GENERATOR] Starting call test_eval_242...
[GENERATOR] Call test_eval_213 completed in 35.29s
[LOG] generator call logged to generator_test_eval_213_20260222_081723_611.json
[GENERATOR] Starting call test_eval_243...
[GENERATOR] Call test_eval_212 completed in 36.35s
[LOG] generator call logged to generator_test_eval_212_20260222_081723_647.json
[GENERATOR] Starting call test_eval_244...
[GENERATOR] Call test_eval_235 completed in 7.44s
[LOG] generator call logged to generator_test_eval_235_20260222_081724_470.json
[GENERATOR] Starting call test_eval_245...
[GENERATOR] Call test_eval_237 completed in 6.80s
[LOG] generator call logged to generator_test_eval_237_20260222_081725_685.json
[GENERATOR] Starting call test_eval_246...
[GENERATOR] Call test_eval_214 completed in 36.55s
[GENERATOR] Call test_eval_215 completed in 35.10s
[LOG] generator call logged to generator_test_eval_214_20260222_081726_723.json
[GENERATOR] Starting call test_eval_247...
[LOG] generator call logged to generator_test_eval_215_20260222_081726_723.json
[GENERATOR] Starting call test_eval_248...
[GENERATOR] Call test_eval_238 completed in 8.49s
[LOG] generator call logged to generator_test_eval_238_20260222_081727_847.json
[GENERATOR] Starting call test_eval_249...
[GENERATOR] Call test_eval_240 completed in 8.74s
[LOG] generator call logged to generator_test_eval_240_20260222_081728_591.json
[GENERATOR] Starting call test_eval_250...
[GENERATOR] Call test_eval_216 completed in 37.94s
[LOG] generator call logged to generator_test_eval_216_20260222_081730_161.json
[GENERATOR] Starting call test_eval_251...
[GENERATOR] Call test_eval_241 completed in 9.84s
[LOG] generator call logged to generator_test_eval_241_20260222_081730_919.json
[GENERATOR] Starting call test_eval_252...
[GENERATOR] Call test_eval_242 completed in 9.35s
[LOG] generator call logged to generator_test_eval_242_20260222_081731_841.json
[GENERATOR] Starting call test_eval_253...
[GENERATOR] Call test_eval_217 completed in 38.24s
[LOG] generator call logged to generator_test_eval_217_20260222_081733_603.json
[GENERATOR] Starting call test_eval_254...
[GENERATOR] Call test_eval_243 completed in 10.41s
[LOG] generator call logged to generator_test_eval_243_20260222_081734_022.json
[GENERATOR] Starting call test_eval_255...
[GENERATOR] Call test_eval_247 completed in 10.40s
[LOG] generator call logged to generator_test_eval_247_20260222_081737_122.json
[GENERATOR] Starting call test_eval_256...
[GENERATOR] Call test_eval_220 completed in 38.40s
[LOG] generator call logged to generator_test_eval_220_20260222_081738_089.json
[GENERATOR] Starting call test_eval_257...
[GENERATOR] Call test_eval_221 completed in 38.35s
[LOG] generator call logged to generator_test_eval_221_20260222_081740_089.json
[GENERATOR] Starting call test_eval_258...
[GENERATOR] Call test_eval_222 completed in 39.80s
[LOG] generator call logged to generator_test_eval_222_20260222_081741_673.json
[GENERATOR] Starting call test_eval_259...
[GENERATOR] Call test_eval_227 completed in 35.12s
[GENERATOR] Call test_eval_246 completed in 17.42s
[LOG] generator call logged to generator_test_eval_227_20260222_081743_106.json
[GENERATOR] Starting call test_eval_260...
[LOG] generator call logged to generator_test_eval_246_20260222_081743_106.json
[GENERATOR] Starting call test_eval_261...
[GENERATOR] Call test_eval_249 completed in 15.42s
[LOG] generator call logged to generator_test_eval_249_20260222_081743_266.json
[GENERATOR] Starting call test_eval_262...
[GENERATOR] Call test_eval_229 completed in 33.87s
[LOG] generator call logged to generator_test_eval_229_20260222_081745_009.json
[GENERATOR] Starting call test_eval_263...
[GENERATOR] Call test_eval_253 completed in 14.44s
[LOG] generator call logged to generator_test_eval_253_20260222_081746_284.json
[GENERATOR] Starting call test_eval_264...
[GENERATOR] Call test_eval_232 completed in 32.24s
[LOG] generator call logged to generator_test_eval_232_20260222_081746_373.json
[GENERATOR] Starting call test_eval_265...
[GENERATOR] Call test_eval_251 completed in 16.44s
[LOG] generator call logged to generator_test_eval_251_20260222_081746_603.json
[GENERATOR] Starting call test_eval_266...
[GENERATOR] Call test_eval_233 completed in 34.04s
[LOG] generator call logged to generator_test_eval_233_20260222_081748_433.json
[GENERATOR] Starting call test_eval_267...
[GENERATOR] Call test_eval_239 completed in 30.54s
[LOG] generator call logged to generator_test_eval_239_20260222_081749_966.json
[GENERATOR] Starting call test_eval_268...
[GENERATOR] Call test_eval_264 completed in 4.20s
[LOG] generator call logged to generator_test_eval_264_20260222_081750_482.json
[GENERATOR] Starting call test_eval_269...
Progress: 250/1805, Accuracy: 0.316
[GENERATOR] Call test_eval_261 completed in 7.38s
[LOG] generator call logged to generator_test_eval_261_20260222_081750_493.json
[GENERATOR] Starting call test_eval_270...
[GENERATOR] Call test_eval_265 completed in 6.97s
[LOG] generator call logged to generator_test_eval_265_20260222_081753_349.json
[GENERATOR] Starting call test_eval_271...
[GENERATOR] Call test_eval_266 completed in 6.98s
[LOG] generator call logged to generator_test_eval_266_20260222_081753_589.json
[GENERATOR] Starting call test_eval_272...
[GENERATOR] Call test_eval_244 completed in 31.24s
[LOG] generator call logged to generator_test_eval_244_20260222_081754_885.json
[GENERATOR] Starting call test_eval_273...
[GENERATOR] Call test_eval_268 completed in 6.96s
[LOG] generator call logged to generator_test_eval_268_20260222_081756_931.json
[GENERATOR] Starting call test_eval_274...
[GENERATOR] Call test_eval_248 completed in 31.32s
[LOG] generator call logged to generator_test_eval_248_20260222_081758_043.json
[GENERATOR] Starting call test_eval_275...
[GENERATOR] Call test_eval_267 completed in 10.89s
[LOG] generator call logged to generator_test_eval_267_20260222_081759_329.json
[GENERATOR] Starting call test_eval_276...
[GENERATOR] Call test_eval_245 completed in 34.86s
[LOG] generator call logged to generator_test_eval_245_20260222_081759_336.json
[GENERATOR] Starting call test_eval_277...
[GENERATOR] Call test_eval_271 completed in 7.94s
[LOG] generator call logged to generator_test_eval_271_20260222_081801_295.json
[GENERATOR] Starting call test_eval_278...
[GENERATOR] Call test_eval_250 completed in 33.26s
[LOG] generator call logged to generator_test_eval_250_20260222_081801_850.json
[GENERATOR] Starting call test_eval_279...
[GENERATOR] Call test_eval_252 completed in 31.37s
[LOG] generator call logged to generator_test_eval_252_20260222_081802_288.json
[GENERATOR] Starting call test_eval_280...
[GENERATOR] Call test_eval_272 completed in 8.94s
[LOG] generator call logged to generator_test_eval_272_20260222_081802_528.json
[GENERATOR] Starting call test_eval_281...
[GENERATOR] Call test_eval_254 completed in 31.11s
[LOG] generator call logged to generator_test_eval_254_20260222_081804_715.json
[GENERATOR] Starting call test_eval_282...
[GENERATOR] Call test_eval_281 completed in 3.88s
[LOG] generator call logged to generator_test_eval_281_20260222_081806_407.json
[GENERATOR] Starting call test_eval_283...
[GENERATOR] Call test_eval_255 completed in 32.45s
[LOG] generator call logged to generator_test_eval_255_20260222_081806_469.json
[GENERATOR] Starting call test_eval_284...
[GENERATOR] Call test_eval_277 completed in 7.70s
[LOG] generator call logged to generator_test_eval_277_20260222_081807_037.json
[GENERATOR] Starting call test_eval_285...
[GENERATOR] Call test_eval_256 completed in 31.47s
[LOG] generator call logged to generator_test_eval_256_20260222_081808_596.json
[GENERATOR] Starting call test_eval_286...
[GENERATOR] Call test_eval_283 completed in 3.15s
[LOG] generator call logged to generator_test_eval_283_20260222_081809_555.json
[GENERATOR] Starting call test_eval_287...
[GENERATOR] Call test_eval_257 completed in 31.75s
[LOG] generator call logged to generator_test_eval_257_20260222_081809_845.json
[GENERATOR] Starting call test_eval_288...
[GENERATOR] Call test_eval_284 completed in 3.48s
[LOG] generator call logged to generator_test_eval_284_20260222_081809_951.json
[GENERATOR] Starting call test_eval_289...
[GENERATOR] Call test_eval_258 completed in 31.49s
[LOG] generator call logged to generator_test_eval_258_20260222_081811_576.json
[GENERATOR] Starting call test_eval_290...
[GENERATOR] Call test_eval_285 completed in 5.37s
[LOG] generator call logged to generator_test_eval_285_20260222_081812_408.json
[GENERATOR] Starting call test_eval_291...
[GENERATOR] Call test_eval_286 completed in 4.58s
[LOG] generator call logged to generator_test_eval_286_20260222_081813_183.json
[GENERATOR] Starting call test_eval_292...
[GENERATOR] Call test_eval_259 completed in 31.86s
[LOG] generator call logged to generator_test_eval_259_20260222_081813_531.json
[GENERATOR] Starting call test_eval_293...
[GENERATOR] Call test_eval_260 completed in 32.00s
[LOG] generator call logged to generator_test_eval_260_20260222_081815_109.json
[GENERATOR] Starting call test_eval_294...
[GENERATOR] Call test_eval_288 completed in 6.14s
[LOG] generator call logged to generator_test_eval_288_20260222_081815_986.json
[GENERATOR] Starting call test_eval_295...
[GENERATOR] Call test_eval_289 completed in 6.54s
[LOG] generator call logged to generator_test_eval_289_20260222_081816_491.json
[GENERATOR] Starting call test_eval_296...
[GENERATOR] Call test_eval_262 completed in 34.44s
[LOG] generator call logged to generator_test_eval_262_20260222_081817_706.json
[GENERATOR] Starting call test_eval_297...
[GENERATOR] Call test_eval_290 completed in 7.62s
[LOG] generator call logged to generator_test_eval_290_20260222_081819_200.json
[GENERATOR] Starting call test_eval_298...
[GENERATOR] Call test_eval_263 completed in 34.70s
[LOG] generator call logged to generator_test_eval_263_20260222_081819_708.json
[GENERATOR] Starting call test_eval_299...
[GENERATOR] Call test_eval_292 completed in 6.59s
[LOG] generator call logged to generator_test_eval_292_20260222_081819_773.json
[GENERATOR] Starting call test_eval_300...
[GENERATOR] Call test_eval_269 completed in 30.06s
[LOG] generator call logged to generator_test_eval_269_20260222_081820_543.json
[GENERATOR] Starting call test_eval_301...
[GENERATOR] Call test_eval_295 completed in 6.65s
[LOG] generator call logged to generator_test_eval_295_20260222_081822_636.json
[GENERATOR] Starting call test_eval_302...
[GENERATOR] Call test_eval_297 completed in 5.74s
[LOG] generator call logged to generator_test_eval_297_20260222_081823_451.json
[GENERATOR] Starting call test_eval_303...
[GENERATOR] Call test_eval_298 completed in 6.95s
[LOG] generator call logged to generator_test_eval_298_20260222_081826_152.json
[GENERATOR] Starting call test_eval_304...
[GENERATOR] Call test_eval_301 completed in 6.96s
[LOG] generator call logged to generator_test_eval_301_20260222_081827_505.json
[GENERATOR] Starting call test_eval_305...
[GENERATOR] Call test_eval_302 completed in 8.00s
[LOG] generator call logged to generator_test_eval_302_20260222_081830_642.json
[GENERATOR] Starting call test_eval_306...
[GENERATOR] Call test_eval_270 completed in 40.74s
[LOG] generator call logged to generator_test_eval_270_20260222_081831_236.json
[GENERATOR] Starting call test_eval_307...
[GENERATOR] Call test_eval_303 completed in 8.09s
[LOG] generator call logged to generator_test_eval_303_20260222_081831_543.json
[GENERATOR] Starting call test_eval_308...
[GENERATOR] Call test_eval_273 completed in 40.90s
[LOG] generator call logged to generator_test_eval_273_20260222_081835_784.json
[GENERATOR] Starting call test_eval_309...
[GENERATOR] Call test_eval_274 completed in 39.25s
[LOG] generator call logged to generator_test_eval_274_20260222_081836_180.json
[GENERATOR] Starting call test_eval_310...
[GENERATOR] Call test_eval_307 completed in 5.35s
[LOG] generator call logged to generator_test_eval_307_20260222_081836_584.json
[GENERATOR] Starting call test_eval_311...
[GENERATOR] Call test_eval_275 completed in 41.31s
[LOG] generator call logged to generator_test_eval_275_20260222_081839_352.json
[GENERATOR] Starting call test_eval_312...
[GENERATOR] Call test_eval_310 completed in 3.19s
[LOG] generator call logged to generator_test_eval_310_20260222_081839_376.json
[GENERATOR] Starting call test_eval_313...
[GENERATOR] Call test_eval_276 completed in 40.46s
[LOG] generator call logged to generator_test_eval_276_20260222_081839_796.json
[GENERATOR] Starting call test_eval_314...
[GENERATOR] Call test_eval_308 completed in 9.42s
[LOG] generator call logged to generator_test_eval_308_20260222_081840_964.json
[GENERATOR] Starting call test_eval_315...
[GENERATOR] Call test_eval_312 completed in 3.56s
[GENERATOR] Call test_eval_278 completed in 41.62s
[LOG] generator call logged to generator_test_eval_312_20260222_081842_913.json
[GENERATOR] Starting call test_eval_316...
[LOG] generator call logged to generator_test_eval_278_20260222_081842_914.json
[GENERATOR] Starting call test_eval_317...
[GENERATOR] Call test_eval_279 completed in 41.47s
[LOG] generator call logged to generator_test_eval_279_20260222_081843_322.json
[GENERATOR] Starting call test_eval_318...
[GENERATOR] Call test_eval_313 completed in 4.52s
[LOG] generator call logged to generator_test_eval_313_20260222_081843_900.json
[GENERATOR] Starting call test_eval_319...
Progress: 300/1805, Accuracy: 0.320
[GENERATOR] Call test_eval_280 completed in 44.51s
[LOG] generator call logged to generator_test_eval_280_20260222_081846_802.json
[GENERATOR] Starting call test_eval_320...
[GENERATOR] Call test_eval_282 completed in 42.87s
[LOG] generator call logged to generator_test_eval_282_20260222_081847_584.json
[GENERATOR] Starting call test_eval_321...
[GENERATOR] Call test_eval_314 completed in 8.13s
[LOG] generator call logged to generator_test_eval_314_20260222_081847_930.json
[GENERATOR] Starting call test_eval_322...
[GENERATOR] Call test_eval_315 completed in 7.82s
[LOG] generator call logged to generator_test_eval_315_20260222_081848_783.json
[GENERATOR] Starting call test_eval_323...
[GENERATOR] Call test_eval_287 completed in 40.32s
[LOG] generator call logged to generator_test_eval_287_20260222_081849_874.json
[GENERATOR] Starting call test_eval_324...
[GENERATOR] Call test_eval_317 completed in 9.52s
[LOG] generator call logged to generator_test_eval_317_20260222_081852_434.json
[GENERATOR] Starting call test_eval_325...
[GENERATOR] Call test_eval_293 completed in 39.62s
[LOG] generator call logged to generator_test_eval_293_20260222_081853_151.json
[GENERATOR] Starting call test_eval_326...
[GENERATOR] Call test_eval_291 completed in 41.46s
[LOG] generator call logged to generator_test_eval_291_20260222_081853_869.json
[GENERATOR] Starting call test_eval_327...
[GENERATOR] Call test_eval_319 completed in 10.24s
[LOG] generator call logged to generator_test_eval_319_20260222_081854_142.json
[GENERATOR] Starting call test_eval_328...
[GENERATOR] Call test_eval_296 completed in 41.06s
[GENERATOR] Call test_eval_322 completed in 9.62s
[LOG] generator call logged to generator_test_eval_322_20260222_081857_557.json
[GENERATOR] Starting call test_eval_329...
[LOG] generator call logged to generator_test_eval_296_20260222_081857_556.json
[GENERATOR] Starting call test_eval_330...
[GENERATOR] Call test_eval_294 completed in 44.43s
[LOG] generator call logged to generator_test_eval_294_20260222_081859_544.json
[GENERATOR] Starting call test_eval_331...
[GENERATOR] Call test_eval_299 completed in 40.91s
[LOG] generator call logged to generator_test_eval_299_20260222_081900_624.json
[GENERATOR] Starting call test_eval_332...
[GENERATOR] Call test_eval_324 completed in 10.96s
[LOG] generator call logged to generator_test_eval_324_20260222_081900_833.json
[GENERATOR] Starting call test_eval_333...
[GENERATOR] Call test_eval_300 completed in 42.69s
[LOG] generator call logged to generator_test_eval_300_20260222_081902_469.json
[GENERATOR] Starting call test_eval_334...
[GENERATOR] Call test_eval_304 completed in 37.71s
[LOG] generator call logged to generator_test_eval_304_20260222_081903_862.json
[GENERATOR] Starting call test_eval_335...
[GENERATOR] Call test_eval_325 completed in 12.35s
[LOG] generator call logged to generator_test_eval_325_20260222_081904_784.json
[GENERATOR] Starting call test_eval_336...
[GENERATOR] Call test_eval_305 completed in 39.43s
[LOG] generator call logged to generator_test_eval_305_20260222_081906_937.json
[GENERATOR] Starting call test_eval_337...
[GENERATOR] Call test_eval_327 completed in 13.86s
[LOG] generator call logged to generator_test_eval_327_20260222_081907_733.json
[GENERATOR] Starting call test_eval_338...
[GENERATOR] Call test_eval_321 completed in 20.83s
[LOG] generator call logged to generator_test_eval_321_20260222_081908_418.json
[GENERATOR] Starting call test_eval_339...
[GENERATOR] Call test_eval_306 completed in 37.82s
[LOG] generator call logged to generator_test_eval_306_20260222_081908_463.json
[GENERATOR] Starting call test_eval_340...
[GENERATOR] Call test_eval_328 completed in 16.54s
[LOG] generator call logged to generator_test_eval_328_20260222_081910_685.json
[GENERATOR] Starting call test_eval_341...
[GENERATOR] Call test_eval_311 completed in 34.90s
[LOG] generator call logged to generator_test_eval_311_20260222_081911_483.json
[GENERATOR] Starting call test_eval_342...
[GENERATOR] Call test_eval_309 completed in 36.42s
[LOG] generator call logged to generator_test_eval_309_20260222_081912_208.json
[GENERATOR] Starting call test_eval_343...
[GENERATOR] Call test_eval_330 completed in 14.72s
[LOG] generator call logged to generator_test_eval_330_20260222_081912_277.json
[GENERATOR] Starting call test_eval_344...
[GENERATOR] Call test_eval_316 completed in 31.16s
[LOG] generator call logged to generator_test_eval_316_20260222_081914_078.json
[GENERATOR] Starting call test_eval_345...
[GENERATOR] Call test_eval_329 completed in 17.19s
[LOG] generator call logged to generator_test_eval_329_20260222_081914_751.json
[GENERATOR] Starting call test_eval_346...
[GENERATOR] Call test_eval_331 completed in 15.84s
[LOG] generator call logged to generator_test_eval_331_20260222_081915_382.json
[GENERATOR] Starting call test_eval_347...
[GENERATOR] Call test_eval_332 completed in 17.12s
[LOG] generator call logged to generator_test_eval_332_20260222_081917_746.json
[GENERATOR] Starting call test_eval_348...
[GENERATOR] Call test_eval_335 completed in 14.58s
[LOG] generator call logged to generator_test_eval_335_20260222_081918_443.json
[GENERATOR] Starting call test_eval_349...
[GENERATOR] Call test_eval_320 completed in 31.94s
[LOG] generator call logged to generator_test_eval_320_20260222_081918_741.json
[GENERATOR] Starting call test_eval_350...
[GENERATOR] Call test_eval_337 completed in 14.04s
[LOG] generator call logged to generator_test_eval_337_20260222_081920_974.json
[GENERATOR] Starting call test_eval_351...
[GENERATOR] Call test_eval_318 completed in 38.40s
[LOG] generator call logged to generator_test_eval_318_20260222_081921_721.json
[GENERATOR] Starting call test_eval_352...
[GENERATOR] Call test_eval_323 completed in 33.69s
[LOG] generator call logged to generator_test_eval_323_20260222_081922_470.json
[GENERATOR] Starting call test_eval_353...
[GENERATOR] Call test_eval_340 completed in 14.73s
[LOG] generator call logged to generator_test_eval_340_20260222_081923_195.json
[GENERATOR] Starting call test_eval_354...
[GENERATOR] Call test_eval_333 completed in 24.36s
[LOG] generator call logged to generator_test_eval_333_20260222_081925_194.json
[GENERATOR] Starting call test_eval_355...
[GENERATOR] Call test_eval_344 completed in 13.33s
[LOG] generator call logged to generator_test_eval_344_20260222_081925_612.json
[GENERATOR] Starting call test_eval_356...
[GENERATOR] Call test_eval_343 completed in 15.55s
[LOG] generator call logged to generator_test_eval_343_20260222_081927_763.json
[GENERATOR] Starting call test_eval_357...
[GENERATOR] Call test_eval_334 completed in 25.80s
[LOG] generator call logged to generator_test_eval_334_20260222_081928_274.json
[GENERATOR] Starting call test_eval_358...
[GENERATOR] Call test_eval_345 completed in 15.42s
[LOG] generator call logged to generator_test_eval_345_20260222_081929_503.json
[GENERATOR] Starting call test_eval_359...
[GENERATOR] Call test_eval_336 completed in 26.36s
[LOG] generator call logged to generator_test_eval_336_20260222_081931_143.json
[GENERATOR] Starting call test_eval_360...
[GENERATOR] Call test_eval_348 completed in 14.11s
[GENERATOR] Call test_eval_326 completed in 38.71s
[LOG] generator call logged to generator_test_eval_348_20260222_081931_857.json
[GENERATOR] Starting call test_eval_361...
[LOG] generator call logged to generator_test_eval_326_20260222_081931_858.json
[GENERATOR] Starting call test_eval_362...
[GENERATOR] Call test_eval_349 completed in 14.69s
[LOG] generator call logged to generator_test_eval_349_20260222_081933_131.json
[GENERATOR] Starting call test_eval_363...
[GENERATOR] Call test_eval_338 completed in 25.97s
[LOG] generator call logged to generator_test_eval_338_20260222_081933_701.json
[GENERATOR] Starting call test_eval_364...
[GENERATOR] Call test_eval_339 completed in 26.10s
[LOG] generator call logged to generator_test_eval_339_20260222_081934_521.json
[GENERATOR] Starting call test_eval_365...
[GENERATOR] Call test_eval_355 completed in 9.94s
[LOG] generator call logged to generator_test_eval_355_20260222_081935_131.json
[GENERATOR] Starting call test_eval_366...
[GENERATOR] Call test_eval_341 completed in 25.92s
[LOG] generator call logged to generator_test_eval_341_20260222_081936_610.json
[GENERATOR] Starting call test_eval_367...
[GENERATOR] Call test_eval_342 completed in 26.51s
[LOG] generator call logged to generator_test_eval_342_20260222_081937_999.json
[GENERATOR] Starting call test_eval_368...
[GENERATOR] Call test_eval_359 completed in 8.92s
[LOG] generator call logged to generator_test_eval_359_20260222_081938_421.json
[GENERATOR] Starting call test_eval_369...
Progress: 350/1805, Accuracy: 0.309
[GENERATOR] Call test_eval_357 completed in 10.78s
[LOG] generator call logged to generator_test_eval_357_20260222_081938_545.json
[GENERATOR] Starting call test_eval_370...
[GENERATOR] Call test_eval_346 completed in 25.63s
[LOG] generator call logged to generator_test_eval_346_20260222_081940_379.json
[GENERATOR] Starting call test_eval_371...
[GENERATOR] Call test_eval_361 completed in 9.73s
[GENERATOR] Call test_eval_360 completed in 10.45s
[LOG] generator call logged to generator_test_eval_361_20260222_081941_589.json
[GENERATOR] Starting call test_eval_372...
[LOG] generator call logged to generator_test_eval_360_20260222_081941_590.json
[GENERATOR] Starting call test_eval_373...
[GENERATOR] Call test_eval_347 completed in 27.23s
[LOG] generator call logged to generator_test_eval_347_20260222_081942_610.json
[GENERATOR] Starting call test_eval_374...
[GENERATOR] Call test_eval_350 completed in 25.71s
[LOG] generator call logged to generator_test_eval_350_20260222_081944_454.json
[GENERATOR] Starting call test_eval_375...
[GENERATOR] Call test_eval_364 completed in 12.18s
[LOG] generator call logged to generator_test_eval_364_20260222_081945_887.json
[GENERATOR] Starting call test_eval_376...
[GENERATOR] Call test_eval_362 completed in 14.74s
[LOG] generator call logged to generator_test_eval_362_20260222_081946_604.json
[GENERATOR] Starting call test_eval_377...
[GENERATOR] Call test_eval_351 completed in 25.73s
[LOG] generator call logged to generator_test_eval_351_20260222_081946_707.json
[GENERATOR] Starting call test_eval_378...
[GENERATOR] Call test_eval_352 completed in 26.87s
[LOG] generator call logged to generator_test_eval_352_20260222_081948_591.json
[GENERATOR] Starting call test_eval_379...
[GENERATOR] Call test_eval_366 completed in 13.90s
[LOG] generator call logged to generator_test_eval_366_20260222_081949_037.json
[GENERATOR] Starting call test_eval_380...
[GENERATOR] Call test_eval_367 completed in 12.96s
[LOG] generator call logged to generator_test_eval_367_20260222_081949_573.json
[GENERATOR] Starting call test_eval_381...
[GENERATOR] Call test_eval_353 completed in 27.25s
[LOG] generator call logged to generator_test_eval_353_20260222_081949_721.json
[GENERATOR] Starting call test_eval_382...
[GENERATOR] Call test_eval_356 completed in 27.85s
[LOG] generator call logged to generator_test_eval_356_20260222_081953_467.json
[GENERATOR] Starting call test_eval_383...
[GENERATOR] Call test_eval_354 completed in 31.60s
[LOG] generator call logged to generator_test_eval_354_20260222_081954_796.json
[GENERATOR] Starting call test_eval_384...
[GENERATOR] Call test_eval_368 completed in 16.83s
[LOG] generator call logged to generator_test_eval_368_20260222_081954_830.json
[GENERATOR] Starting call test_eval_385...
[GENERATOR] Call test_eval_369 completed in 17.97s
[LOG] generator call logged to generator_test_eval_369_20260222_081956_398.json
[GENERATOR] Starting call test_eval_386...
[GENERATOR] Call test_eval_358 completed in 30.10s
[LOG] generator call logged to generator_test_eval_358_20260222_081958_377.json
[GENERATOR] Starting call test_eval_387...
[GENERATOR] Call test_eval_363 completed in 25.61s
[LOG] generator call logged to generator_test_eval_363_20260222_081958_746.json
[GENERATOR] Starting call test_eval_388...
[GENERATOR] Call test_eval_370 completed in 22.82s
[LOG] generator call logged to generator_test_eval_370_20260222_082001_368.json
[GENERATOR] Starting call test_eval_389...
[GENERATOR] Call test_eval_365 completed in 26.92s
[LOG] generator call logged to generator_test_eval_365_20260222_082001_447.json
[GENERATOR] Starting call test_eval_390...
[GENERATOR] Call test_eval_380 completed in 15.59s
[LOG] generator call logged to generator_test_eval_380_20260222_082004_626.json
[GENERATOR] Starting call test_eval_391...
[GENERATOR] Call test_eval_371 completed in 29.47s
[LOG] generator call logged to generator_test_eval_371_20260222_082009_855.json
[GENERATOR] Starting call test_eval_392...
[GENERATOR] Call test_eval_372 completed in 29.79s
[LOG] generator call logged to generator_test_eval_372_20260222_082011_381.json
[GENERATOR] Starting call test_eval_393...
[GENERATOR] Call test_eval_373 completed in 31.23s
[LOG] generator call logged to generator_test_eval_373_20260222_082012_820.json
[GENERATOR] Starting call test_eval_394...
[GENERATOR] Call test_eval_383 completed in 19.86s
[LOG] generator call logged to generator_test_eval_383_20260222_082013_329.json
[GENERATOR] Starting call test_eval_395...
[GENERATOR] Call test_eval_374 completed in 31.76s
[LOG] generator call logged to generator_test_eval_374_20260222_082014_370.json
[GENERATOR] Starting call test_eval_396...
[GENERATOR] Call test_eval_375 completed in 32.05s
[LOG] generator call logged to generator_test_eval_375_20260222_082016_501.json
[GENERATOR] Starting call test_eval_397...
[GENERATOR] Call test_eval_384 completed in 22.28s
[LOG] generator call logged to generator_test_eval_384_20260222_082017_077.json
[GENERATOR] Starting call test_eval_398...
[GENERATOR] Call test_eval_376 completed in 32.66s
[LOG] generator call logged to generator_test_eval_376_20260222_082018_549.json
[GENERATOR] Starting call test_eval_399...
[GENERATOR] Call test_eval_377 completed in 32.77s
[LOG] generator call logged to generator_test_eval_377_20260222_082019_372.json
[GENERATOR] Starting call test_eval_400...
[GENERATOR] Call test_eval_386 completed in 23.99s
[LOG] generator call logged to generator_test_eval_386_20260222_082020_389.json
[GENERATOR] Starting call test_eval_401...
[GENERATOR] Call test_eval_378 completed in 36.04s
[LOG] generator call logged to generator_test_eval_378_20260222_082022_752.json
[GENERATOR] Starting call test_eval_402...
[GENERATOR] Call test_eval_379 completed in 34.57s
[LOG] generator call logged to generator_test_eval_379_20260222_082023_163.json
[GENERATOR] Starting call test_eval_403...
[GENERATOR] Call test_eval_389 completed in 22.20s
[LOG] generator call logged to generator_test_eval_389_20260222_082023_567.json
[GENERATOR] Starting call test_eval_404...
[GENERATOR] Call test_eval_381 completed in 36.86s
[LOG] generator call logged to generator_test_eval_381_20260222_082026_438.json
[GENERATOR] Starting call test_eval_405...
[GENERATOR] Call test_eval_391 completed in 22.22s
[LOG] generator call logged to generator_test_eval_391_20260222_082026_849.json
[GENERATOR] Starting call test_eval_406...
[GENERATOR] Call test_eval_382 completed in 37.26s
[LOG] generator call logged to generator_test_eval_382_20260222_082026_983.json
[GENERATOR] Starting call test_eval_407...
[GENERATOR] Call test_eval_393 completed in 17.14s
[LOG] generator call logged to generator_test_eval_393_20260222_082028_520.json
[GENERATOR] Starting call test_eval_408...
[GENERATOR] Call test_eval_385 completed in 34.55s
[LOG] generator call logged to generator_test_eval_385_20260222_082029_382.json
[GENERATOR] Starting call test_eval_409...
[GENERATOR] Call test_eval_394 completed in 18.37s
[LOG] generator call logged to generator_test_eval_394_20260222_082031_197.json
[GENERATOR] Starting call test_eval_410...
[GENERATOR] Call test_eval_388 completed in 33.41s
[LOG] generator call logged to generator_test_eval_388_20260222_082032_156.json
[GENERATOR] Starting call test_eval_411...
[GENERATOR] Call test_eval_387 completed in 33.83s
[LOG] generator call logged to generator_test_eval_387_20260222_082032_211.json
[GENERATOR] Starting call test_eval_412...
[GENERATOR] Call test_eval_395 completed in 19.97s
[LOG] generator call logged to generator_test_eval_395_20260222_082033_298.json
[GENERATOR] Starting call test_eval_413...
[GENERATOR] Call test_eval_390 completed in 35.03s
[LOG] generator call logged to generator_test_eval_390_20260222_082036_473.json
[GENERATOR] Starting call test_eval_414...
[GENERATOR] Call test_eval_396 completed in 22.16s
[LOG] generator call logged to generator_test_eval_396_20260222_082036_529.json
[GENERATOR] Starting call test_eval_415...
[GENERATOR] Call test_eval_397 completed in 20.88s
[LOG] generator call logged to generator_test_eval_397_20260222_082037_379.json
[GENERATOR] Starting call test_eval_416...
[GENERATOR] Call test_eval_392 completed in 29.12s
[LOG] generator call logged to generator_test_eval_392_20260222_082038_973.json
[GENERATOR] Starting call test_eval_417...
[GENERATOR] Call test_eval_399 completed in 22.84s
[LOG] generator call logged to generator_test_eval_399_20260222_082041_388.json
[GENERATOR] Starting call test_eval_418...
[GENERATOR] Call test_eval_405 completed in 15.75s
[LOG] generator call logged to generator_test_eval_405_20260222_082042_191.json
[GENERATOR] Starting call test_eval_419...
Progress: 400/1805, Accuracy: 0.305
[GENERATOR] Call test_eval_404 completed in 18.78s
[LOG] generator call logged to generator_test_eval_404_20260222_082042_353.json
[GENERATOR] Starting call test_eval_420...
[GENERATOR] Call test_eval_398 completed in 26.26s
[LOG] generator call logged to generator_test_eval_398_20260222_082043_334.json
[GENERATOR] Starting call test_eval_421...
[GENERATOR] Call test_eval_407 completed in 18.60s
[LOG] generator call logged to generator_test_eval_407_20260222_082045_587.json
[GENERATOR] Starting call test_eval_422...
[GENERATOR] Call test_eval_406 completed in 19.35s
[LOG] generator call logged to generator_test_eval_406_20260222_082046_199.json
[GENERATOR] Starting call test_eval_423...
[GENERATOR] Call test_eval_400 completed in 27.36s
[LOG] generator call logged to generator_test_eval_400_20260222_082046_729.json
[GENERATOR] Starting call test_eval_424...
[GENERATOR] Call test_eval_401 completed in 27.14s
[LOG] generator call logged to generator_test_eval_401_20260222_082047_532.json
[GENERATOR] Starting call test_eval_425...
[GENERATOR] Call test_eval_415 completed in 13.25s
[LOG] generator call logged to generator_test_eval_415_20260222_082049_783.json
[GENERATOR] Starting call test_eval_426...
[GENERATOR] Call test_eval_403 completed in 26.79s
[LOG] generator call logged to generator_test_eval_403_20260222_082049_951.json
[GENERATOR] Starting call test_eval_427...
[GENERATOR] Call test_eval_402 completed in 28.36s
[LOG] generator call logged to generator_test_eval_402_20260222_082051_113.json
[GENERATOR] Starting call test_eval_428...
[GENERATOR] Call test_eval_408 completed in 24.18s
[LOG] generator call logged to generator_test_eval_408_20260222_082052_702.json
[GENERATOR] Starting call test_eval_429...
[GENERATOR] Call test_eval_409 completed in 23.88s
[LOG] generator call logged to generator_test_eval_409_20260222_082053_267.json
[GENERATOR] Starting call test_eval_430...
[GENERATOR] Call test_eval_421 completed in 9.97s
[LOG] generator call logged to generator_test_eval_421_20260222_082053_307.json
[GENERATOR] Starting call test_eval_431...
[GENERATOR] Call test_eval_422 completed in 10.03s
[LOG] generator call logged to generator_test_eval_422_20260222_082055_622.json
[GENERATOR] Starting call test_eval_432...
[GENERATOR] Call test_eval_410 completed in 24.48s
[LOG] generator call logged to generator_test_eval_410_20260222_082055_678.json
[GENERATOR] Starting call test_eval_433...
[GENERATOR] Call test_eval_411 completed in 24.80s
[LOG] generator call logged to generator_test_eval_411_20260222_082056_957.json
[GENERATOR] Starting call test_eval_434...
[GENERATOR] Call test_eval_424 completed in 10.58s
[LOG] generator call logged to generator_test_eval_424_20260222_082057_313.json
[GENERATOR] Starting call test_eval_435...
[GENERATOR] Call test_eval_412 completed in 26.49s
[LOG] generator call logged to generator_test_eval_412_20260222_082058_701.json
[GENERATOR] Starting call test_eval_436...
[GENERATOR] Call test_eval_430 completed in 6.04s
[LOG] generator call logged to generator_test_eval_430_20260222_082059_308.json
[GENERATOR] Starting call test_eval_437...
[GENERATOR] Call test_eval_413 completed in 26.83s
[LOG] generator call logged to generator_test_eval_413_20260222_082100_129.json
[GENERATOR] Starting call test_eval_438...
[GENERATOR] Call test_eval_414 completed in 25.49s
[LOG] generator call logged to generator_test_eval_414_20260222_082101_967.json
[GENERATOR] Starting call test_eval_439...
[GENERATOR] Call test_eval_431 completed in 8.97s
[LOG] generator call logged to generator_test_eval_431_20260222_082102_277.json
[GENERATOR] Starting call test_eval_440...
[GENERATOR] Call test_eval_416 completed in 26.51s
[LOG] generator call logged to generator_test_eval_416_20260222_082103_894.json
[GENERATOR] Starting call test_eval_441...
[GENERATOR] Call test_eval_417 completed in 25.87s
[LOG] generator call logged to generator_test_eval_417_20260222_082104_842.json
[GENERATOR] Starting call test_eval_442...
[GENERATOR] Call test_eval_418 completed in 26.11s
[LOG] generator call logged to generator_test_eval_418_20260222_082107_501.json
[GENERATOR] Starting call test_eval_443...
[GENERATOR] Call test_eval_433 completed in 13.08s
[LOG] generator call logged to generator_test_eval_433_20260222_082108_766.json
[GENERATOR] Starting call test_eval_444...
[GENERATOR] Call test_eval_419 completed in 27.05s
[LOG] generator call logged to generator_test_eval_419_20260222_082109_243.json
[GENERATOR] Starting call test_eval_445...
[GENERATOR] Call test_eval_432 completed in 13.92s
[LOG] generator call logged to generator_test_eval_432_20260222_082109_549.json
[GENERATOR] Starting call test_eval_446...
[GENERATOR] Call test_eval_420 completed in 29.45s
[LOG] generator call logged to generator_test_eval_420_20260222_082111_806.json
[GENERATOR] Starting call test_eval_447...
[GENERATOR] Call test_eval_423 completed in 26.42s
[LOG] generator call logged to generator_test_eval_423_20260222_082112_621.json
[GENERATOR] Starting call test_eval_448...
[GENERATOR] Call test_eval_435 completed in 15.81s
[LOG] generator call logged to generator_test_eval_435_20260222_082113_127.json
[GENERATOR] Starting call test_eval_449...
[GENERATOR] Call test_eval_425 completed in 27.40s
[LOG] generator call logged to generator_test_eval_425_20260222_082114_933.json
[GENERATOR] Starting call test_eval_450...
[GENERATOR] Call test_eval_438 completed in 17.33s
[LOG] generator call logged to generator_test_eval_438_20260222_082117_462.json
[GENERATOR] Starting call test_eval_451...
[GENERATOR] Call test_eval_427 completed in 30.03s
[LOG] generator call logged to generator_test_eval_427_20260222_082119_986.json
[GENERATOR] Starting call test_eval_452...
[GENERATOR] Call test_eval_440 completed in 18.92s
[LOG] generator call logged to generator_test_eval_440_20260222_082121_200.json
[GENERATOR] Starting call test_eval_453...
[GENERATOR] Call test_eval_441 completed in 18.76s
[LOG] generator call logged to generator_test_eval_441_20260222_082122_656.json
[GENERATOR] Starting call test_eval_454...
[GENERATOR] Call test_eval_426 completed in 33.69s
[LOG] generator call logged to generator_test_eval_426_20260222_082123_477.json
[GENERATOR] Starting call test_eval_455...
[GENERATOR] Call test_eval_443 completed in 17.21s
[LOG] generator call logged to generator_test_eval_443_20260222_082124_712.json
[GENERATOR] Starting call test_eval_456...
[GENERATOR] Call test_eval_446 completed in 16.38s
[LOG] generator call logged to generator_test_eval_446_20260222_082125_930.json
[GENERATOR] Starting call test_eval_457...
[GENERATOR] Call test_eval_428 completed in 36.56s
[LOG] generator call logged to generator_test_eval_428_20260222_082127_676.json
[GENERATOR] Starting call test_eval_458...
[GENERATOR] Call test_eval_450 completed in 13.56s
[LOG] generator call logged to generator_test_eval_450_20260222_082128_492.json
[GENERATOR] Starting call test_eval_459...
[GENERATOR] Call test_eval_457 completed in 2.78s
[LOG] generator call logged to generator_test_eval_457_20260222_082128_708.json
[GENERATOR] Starting call test_eval_460...
[GENERATOR] Call test_eval_451 completed in 11.64s
[LOG] generator call logged to generator_test_eval_451_20260222_082129_104.json
[GENERATOR] Starting call test_eval_461...
[GENERATOR] Call test_eval_429 completed in 36.96s
[LOG] generator call logged to generator_test_eval_429_20260222_082129_662.json
[GENERATOR] Starting call test_eval_462...
[GENERATOR] Call test_eval_434 completed in 33.62s
[LOG] generator call logged to generator_test_eval_434_20260222_082130_580.json
[GENERATOR] Starting call test_eval_463...
[GENERATOR] Call test_eval_453 completed in 11.29s
[LOG] generator call logged to generator_test_eval_453_20260222_082132_487.json
[GENERATOR] Starting call test_eval_464...
[GENERATOR] Call test_eval_454 completed in 10.78s
[LOG] generator call logged to generator_test_eval_454_20260222_082133_436.json
[GENERATOR] Starting call test_eval_465...
[GENERATOR] Call test_eval_458 completed in 7.27s
[LOG] generator call logged to generator_test_eval_458_20260222_082134_944.json
[GENERATOR] Starting call test_eval_466...
[GENERATOR] Call test_eval_460 completed in 6.95s
[GENERATOR] Call test_eval_436 completed in 36.96s
[LOG] generator call logged to generator_test_eval_460_20260222_082135_662.json
[GENERATOR] Starting call test_eval_467...
[LOG] generator call logged to generator_test_eval_436_20260222_082135_664.json
[GENERATOR] Starting call test_eval_468...
[GENERATOR] Call test_eval_437 completed in 38.60s
[LOG] generator call logged to generator_test_eval_437_20260222_082137_915.json
[GENERATOR] Starting call test_eval_469...
Progress: 450/1805, Accuracy: 0.307
[GENERATOR] Call test_eval_461 completed in 9.07s
[LOG] generator call logged to generator_test_eval_461_20260222_082138_173.json
[GENERATOR] Starting call test_eval_470...
[GENERATOR] Call test_eval_462 completed in 10.19s
[LOG] generator call logged to generator_test_eval_462_20260222_082139_859.json
[GENERATOR] Starting call test_eval_471...
[GENERATOR] Call test_eval_464 completed in 8.65s
[LOG] generator call logged to generator_test_eval_464_20260222_082141_142.json
[GENERATOR] Starting call test_eval_472...
[GENERATOR] Call test_eval_439 completed in 39.21s
[LOG] generator call logged to generator_test_eval_439_20260222_082141_180.json
[GENERATOR] Starting call test_eval_473...
[GENERATOR] Call test_eval_442 completed in 36.94s
[LOG] generator call logged to generator_test_eval_442_20260222_082141_781.json
[GENERATOR] Starting call test_eval_474...
[GENERATOR] Call test_eval_466 completed in 8.76s
[LOG] generator call logged to generator_test_eval_466_20260222_082143_705.json
[GENERATOR] Starting call test_eval_475...
[GENERATOR] Call test_eval_470 completed in 6.81s
[LOG] generator call logged to generator_test_eval_470_20260222_082144_980.json
[GENERATOR] Starting call test_eval_476...
[GENERATOR] Call test_eval_444 completed in 36.66s
[LOG] generator call logged to generator_test_eval_444_20260222_082145_432.json
[GENERATOR] Starting call test_eval_477...
[GENERATOR] Call test_eval_471 completed in 7.17s
[LOG] generator call logged to generator_test_eval_471_20260222_082147_026.json
[GENERATOR] Starting call test_eval_478...
[GENERATOR] Call test_eval_473 completed in 6.77s
[LOG] generator call logged to generator_test_eval_473_20260222_082147_949.json
[GENERATOR] Starting call test_eval_479...
[GENERATOR] Call test_eval_445 completed in 38.79s
[LOG] generator call logged to generator_test_eval_445_20260222_082148_039.json
[GENERATOR] Starting call test_eval_480...
[GENERATOR] Call test_eval_447 completed in 36.84s
[LOG] generator call logged to generator_test_eval_447_20260222_082148_651.json
[GENERATOR] Starting call test_eval_481...
[GENERATOR] Call test_eval_475 completed in 7.01s
[LOG] generator call logged to generator_test_eval_475_20260222_082150_717.json
[GENERATOR] Starting call test_eval_482...
[GENERATOR] Call test_eval_474 completed in 9.34s
[LOG] generator call logged to generator_test_eval_474_20260222_082151_123.json
[GENERATOR] Starting call test_eval_483...
[GENERATOR] Call test_eval_449 completed in 38.71s
[LOG] generator call logged to generator_test_eval_449_20260222_082151_840.json
[GENERATOR] Starting call test_eval_484...
[GENERATOR] Call test_eval_448 completed in 39.29s
[LOG] generator call logged to generator_test_eval_448_20260222_082151_913.json
[GENERATOR] Starting call test_eval_485...
[GENERATOR] Call test_eval_476 completed in 8.74s
[LOG] generator call logged to generator_test_eval_476_20260222_082153_722.json
[GENERATOR] Starting call test_eval_486...
[GENERATOR] Call test_eval_477 completed in 8.56s
[LOG] generator call logged to generator_test_eval_477_20260222_082153_991.json
[GENERATOR] Starting call test_eval_487...
[GENERATOR] Call test_eval_452 completed in 34.73s
[LOG] generator call logged to generator_test_eval_452_20260222_082154_717.json
[GENERATOR] Starting call test_eval_488...
[GENERATOR] Call test_eval_455 completed in 32.56s
[LOG] generator call logged to generator_test_eval_455_20260222_082156_038.json
[GENERATOR] Starting call test_eval_489...
[GENERATOR] Call test_eval_479 completed in 14.73s
[LOG] generator call logged to generator_test_eval_479_20260222_082202_678.json
[GENERATOR] Starting call test_eval_490...
[GENERATOR] Call test_eval_478 completed in 16.38s
[LOG] generator call logged to generator_test_eval_478_20260222_082203_410.json
[GENERATOR] Starting call test_eval_491...
[GENERATOR] Call test_eval_456 completed in 40.64s
[LOG] generator call logged to generator_test_eval_456_20260222_082205_358.json
[GENERATOR] Starting call test_eval_492...
[GENERATOR] Call test_eval_481 completed in 17.49s
[LOG] generator call logged to generator_test_eval_481_20260222_082206_141.json
[GENERATOR] Starting call test_eval_493...
[GENERATOR] Call test_eval_483 completed in 15.77s
[LOG] generator call logged to generator_test_eval_483_20260222_082206_893.json
[GENERATOR] Starting call test_eval_494...
[GENERATOR] Call test_eval_459 completed in 39.22s
[LOG] generator call logged to generator_test_eval_459_20260222_082207_717.json
[GENERATOR] Starting call test_eval_495...
[GENERATOR] Call test_eval_463 completed in 37.69s
[LOG] generator call logged to generator_test_eval_463_20260222_082208_271.json
[GENERATOR] Starting call test_eval_496...
[GENERATOR] Call test_eval_484 completed in 17.09s
[LOG] generator call logged to generator_test_eval_484_20260222_082208_929.json
[GENERATOR] Starting call test_eval_497...
[GENERATOR] Call test_eval_486 completed in 16.06s
[LOG] generator call logged to generator_test_eval_486_20260222_082209_781.json
[GENERATOR] Starting call test_eval_498...
[GENERATOR] Call test_eval_468 completed in 35.61s
[LOG] generator call logged to generator_test_eval_468_20260222_082211_281.json
[GENERATOR] Starting call test_eval_499...
[GENERATOR] Call test_eval_465 completed in 38.32s
[LOG] generator call logged to generator_test_eval_465_20260222_082211_758.json
[GENERATOR] Starting call test_eval_500...
[GENERATOR] Call test_eval_488 completed in 17.90s
[LOG] generator call logged to generator_test_eval_488_20260222_082212_624.json
[GENERATOR] Starting call test_eval_501...
[GENERATOR] Call test_eval_492 completed in 7.87s
[LOG] generator call logged to generator_test_eval_492_20260222_082213_233.json
[GENERATOR] Starting call test_eval_502...
[GENERATOR] Call test_eval_467 completed in 40.33s
[LOG] generator call logged to generator_test_eval_467_20260222_082215_996.json
[GENERATOR] Starting call test_eval_503...
[GENERATOR] Call test_eval_469 completed in 38.50s
[LOG] generator call logged to generator_test_eval_469_20260222_082216_414.json
[GENERATOR] Starting call test_eval_504...
[GENERATOR] Call test_eval_500 completed in 5.77s
[LOG] generator call logged to generator_test_eval_500_20260222_082217_527.json
[GENERATOR] Starting call test_eval_505...
[GENERATOR] Call test_eval_493 completed in 11.74s
[LOG] generator call logged to generator_test_eval_493_20260222_082217_887.json
[GENERATOR] Starting call test_eval_506...
[GENERATOR] Call test_eval_501 completed in 7.83s
[LOG] generator call logged to generator_test_eval_501_20260222_082220_452.json
[GENERATOR] Starting call test_eval_507...
[GENERATOR] Call test_eval_504 completed in 4.71s
[LOG] generator call logged to generator_test_eval_504_20260222_082221_127.json
[GENERATOR] Starting call test_eval_508...
[GENERATOR] Call test_eval_472 completed in 40.37s
[LOG] generator call logged to generator_test_eval_472_20260222_082221_511.json
[GENERATOR] Starting call test_eval_509...
[GENERATOR] Call test_eval_505 completed in 6.01s
[LOG] generator call logged to generator_test_eval_505_20260222_082223_536.json
[GENERATOR] Starting call test_eval_510...
[GENERATOR] Call test_eval_509 completed in 5.34s
[LOG] generator call logged to generator_test_eval_509_20260222_082226_853.json
[GENERATOR] Starting call test_eval_511...
[GENERATOR] Call test_eval_507 completed in 7.84s
[LOG] generator call logged to generator_test_eval_507_20260222_082228_297.json
[GENERATOR] Starting call test_eval_512...
[GENERATOR] Call test_eval_480 completed in 43.51s
[LOG] generator call logged to generator_test_eval_480_20260222_082231_556.json
[GENERATOR] Starting call test_eval_513...
[GENERATOR] Call test_eval_482 completed in 41.06s
[LOG] generator call logged to generator_test_eval_482_20260222_082231_776.json
[GENERATOR] Starting call test_eval_514...
[GENERATOR] Call test_eval_487 completed in 40.56s
[LOG] generator call logged to generator_test_eval_487_20260222_082234_549.json
[GENERATOR] Starting call test_eval_515...
[GENERATOR] Call test_eval_485 completed in 43.14s
[LOG] generator call logged to generator_test_eval_485_20260222_082235_053.json
[GENERATOR] Starting call test_eval_516...
[GENERATOR] Call test_eval_514 completed in 6.08s
[LOG] generator call logged to generator_test_eval_514_20260222_082237_858.json
[GENERATOR] Starting call test_eval_517...
[GENERATOR] Call test_eval_489 completed in 42.00s
[LOG] generator call logged to generator_test_eval_489_20260222_082238_045.json
[GENERATOR] Starting call test_eval_518...
[GENERATOR] Call test_eval_490 completed in 35.45s
[LOG] generator call logged to generator_test_eval_490_20260222_082238_132.json
[GENERATOR] Starting call test_eval_519...
Progress: 500/1805, Accuracy: 0.316
[GENERATOR] Call test_eval_515 completed in 6.85s
[LOG] generator call logged to generator_test_eval_515_20260222_082241_404.json
[GENERATOR] Starting call test_eval_520...
[GENERATOR] Call test_eval_494 completed in 35.02s
[LOG] generator call logged to generator_test_eval_494_20260222_082241_910.json
[GENERATOR] Starting call test_eval_521...
[GENERATOR] Call test_eval_516 completed in 7.17s
[LOG] generator call logged to generator_test_eval_516_20260222_082242_221.json
[GENERATOR] Starting call test_eval_522...
[GENERATOR] Call test_eval_491 completed in 41.13s
[LOG] generator call logged to generator_test_eval_491_20260222_082244_538.json
[GENERATOR] Starting call test_eval_523...
[GENERATOR] Call test_eval_495 completed in 37.08s
[LOG] generator call logged to generator_test_eval_495_20260222_082244_802.json
[GENERATOR] Starting call test_eval_524...
[GENERATOR] Call test_eval_519 completed in 7.16s
[LOG] generator call logged to generator_test_eval_519_20260222_082245_293.json
[GENERATOR] Starting call test_eval_525...
[GENERATOR] Call test_eval_518 completed in 8.60s
[LOG] generator call logged to generator_test_eval_518_20260222_082246_651.json
[GENERATOR] Starting call test_eval_526...
[GENERATOR] Call test_eval_496 completed in 39.03s
[LOG] generator call logged to generator_test_eval_496_20260222_082247_303.json
[GENERATOR] Starting call test_eval_527...
[GENERATOR] Call test_eval_497 completed in 39.15s
[LOG] generator call logged to generator_test_eval_497_20260222_082248_085.json
[GENERATOR] Starting call test_eval_528...
[GENERATOR] Call test_eval_520 completed in 7.10s
[LOG] generator call logged to generator_test_eval_520_20260222_082248_506.json
[GENERATOR] Starting call test_eval_529...
[GENERATOR] Call test_eval_523 completed in 5.33s
[LOG] generator call logged to generator_test_eval_523_20260222_082249_875.json
[GENERATOR] Starting call test_eval_530...
[GENERATOR] Call test_eval_498 completed in 40.96s
[LOG] generator call logged to generator_test_eval_498_20260222_082250_746.json
[GENERATOR] Starting call test_eval_531...
[GENERATOR] Call test_eval_525 completed in 6.13s
[LOG] generator call logged to generator_test_eval_525_20260222_082251_423.json
[GENERATOR] Starting call test_eval_532...
[GENERATOR] Call test_eval_499 completed in 40.19s
[LOG] generator call logged to generator_test_eval_499_20260222_082251_468.json
[GENERATOR] Starting call test_eval_533...
[GENERATOR] Call test_eval_526 completed in 6.29s
[LOG] generator call logged to generator_test_eval_526_20260222_082252_943.json
[GENERATOR] Starting call test_eval_534...
[GENERATOR] Call test_eval_502 completed in 41.23s
[LOG] generator call logged to generator_test_eval_502_20260222_082254_468.json
[GENERATOR] Starting call test_eval_535...
[GENERATOR] Call test_eval_503 completed in 39.24s
[LOG] generator call logged to generator_test_eval_503_20260222_082255_233.json
[GENERATOR] Starting call test_eval_536...
[GENERATOR] Call test_eval_529 completed in 7.84s
[LOG] generator call logged to generator_test_eval_529_20260222_082256_348.json
[GENERATOR] Starting call test_eval_537...
[GENERATOR] Call test_eval_530 completed in 8.09s
[LOG] generator call logged to generator_test_eval_530_20260222_082257_971.json
[GENERATOR] Starting call test_eval_538...
[GENERATOR] Call test_eval_506 completed in 40.72s
[LOG] generator call logged to generator_test_eval_506_20260222_082258_605.json
[GENERATOR] Starting call test_eval_539...
[GENERATOR] Call test_eval_510 completed in 38.99s
[LOG] generator call logged to generator_test_eval_510_20260222_082302_526.json
[GENERATOR] Starting call test_eval_540...
[GENERATOR] Call test_eval_508 completed in 42.57s
[LOG] generator call logged to generator_test_eval_508_20260222_082303_701.json
[GENERATOR] Starting call test_eval_541...
[GENERATOR] Call test_eval_533 completed in 14.96s
[LOG] generator call logged to generator_test_eval_533_20260222_082306_432.json
[GENERATOR] Starting call test_eval_542...
[GENERATOR] Call test_eval_511 completed in 39.74s
[LOG] generator call logged to generator_test_eval_511_20260222_082306_594.json
[GENERATOR] Starting call test_eval_543...
[GENERATOR] Call test_eval_512 completed in 40.03s
[LOG] generator call logged to generator_test_eval_512_20260222_082308_332.json
[GENERATOR] Starting call test_eval_544...
[GENERATOR] Call test_eval_513 completed in 37.79s
[LOG] generator call logged to generator_test_eval_513_20260222_082309_353.json
[GENERATOR] Starting call test_eval_545...
[GENERATOR] Call test_eval_532 completed in 19.57s
[LOG] generator call logged to generator_test_eval_532_20260222_082310_999.json
[GENERATOR] Starting call test_eval_546...
[GENERATOR] Call test_eval_517 completed in 34.16s
[LOG] generator call logged to generator_test_eval_517_20260222_082312_017.json
[GENERATOR] Starting call test_eval_547...
[GENERATOR] Call test_eval_521 completed in 30.82s
[LOG] generator call logged to generator_test_eval_521_20260222_082312_733.json
[GENERATOR] Starting call test_eval_548...
[GENERATOR] Call test_eval_534 completed in 20.71s
[LOG] generator call logged to generator_test_eval_534_20260222_082313_659.json
[GENERATOR] Starting call test_eval_549...
[GENERATOR] Call test_eval_522 completed in 33.27s
[LOG] generator call logged to generator_test_eval_522_20260222_082315_496.json
[GENERATOR] Starting call test_eval_550...
[GENERATOR] Call test_eval_524 completed in 31.55s
[LOG] generator call logged to generator_test_eval_524_20260222_082316_354.json
[GENERATOR] Starting call test_eval_551...
[GENERATOR] Call test_eval_536 completed in 21.31s
[LOG] generator call logged to generator_test_eval_536_20260222_082316_543.json
[GENERATOR] Starting call test_eval_552...
[GENERATOR] Call test_eval_535 completed in 22.10s
[LOG] generator call logged to generator_test_eval_535_20260222_082316_574.json
[GENERATOR] Starting call test_eval_553...
[GENERATOR] Call test_eval_527 completed in 31.66s
[LOG] generator call logged to generator_test_eval_527_20260222_082318_962.json
[GENERATOR] Starting call test_eval_554...
[GENERATOR] Call test_eval_528 completed in 30.99s
[LOG] generator call logged to generator_test_eval_528_20260222_082319_073.json
[GENERATOR] Starting call test_eval_555...
[GENERATOR] Call test_eval_540 completed in 17.01s
[LOG] generator call logged to generator_test_eval_540_20260222_082319_533.json
[GENERATOR] Starting call test_eval_556...
[GENERATOR] Call test_eval_537 completed in 23.30s
[LOG] generator call logged to generator_test_eval_537_20260222_082319_647.json
[GENERATOR] Starting call test_eval_557...
[GENERATOR] Call test_eval_531 completed in 31.11s
[LOG] generator call logged to generator_test_eval_531_20260222_082321_855.json
[GENERATOR] Starting call test_eval_558...
[GENERATOR] Call test_eval_538 completed in 24.19s
[LOG] generator call logged to generator_test_eval_538_20260222_082322_158.json
[GENERATOR] Starting call test_eval_559...
[GENERATOR] Call test_eval_553 completed in 5.99s
[LOG] generator call logged to generator_test_eval_553_20260222_082322_569.json
[GENERATOR] Starting call test_eval_560...
[GENERATOR] Call test_eval_546 completed in 13.72s
[LOG] generator call logged to generator_test_eval_546_20260222_082324_719.json
[GENERATOR] Starting call test_eval_561...
[GENERATOR] Call test_eval_539 completed in 26.56s
[LOG] generator call logged to generator_test_eval_539_20260222_082325_164.json
[GENERATOR] Starting call test_eval_562...
[GENERATOR] Call test_eval_541 completed in 21.53s
[LOG] generator call logged to generator_test_eval_541_20260222_082325_234.json
[GENERATOR] Starting call test_eval_563...
[GENERATOR] Call test_eval_554 completed in 8.11s
[LOG] generator call logged to generator_test_eval_554_20260222_082327_077.json
[GENERATOR] Starting call test_eval_564...
[GENERATOR] Call test_eval_558 completed in 5.78s
[LOG] generator call logged to generator_test_eval_558_20260222_082327_639.json
[GENERATOR] Starting call test_eval_565...
[GENERATOR] Call test_eval_542 completed in 21.63s
[LOG] generator call logged to generator_test_eval_542_20260222_082328_063.json
[GENERATOR] Starting call test_eval_566...
[GENERATOR] Call test_eval_543 completed in 21.58s
[LOG] generator call logged to generator_test_eval_543_20260222_082328_174.json
[GENERATOR] Starting call test_eval_567...
[GENERATOR] Call test_eval_559 completed in 8.19s
[LOG] generator call logged to generator_test_eval_559_20260222_082330_346.json
[GENERATOR] Starting call test_eval_568...
[GENERATOR] Call test_eval_560 completed in 8.04s
[LOG] generator call logged to generator_test_eval_560_20260222_082330_607.json
[GENERATOR] Starting call test_eval_569...
Progress: 550/1805, Accuracy: 0.324
[GENERATOR] Call test_eval_545 completed in 22.68s
[LOG] generator call logged to generator_test_eval_545_20260222_082332_037.json
[GENERATOR] Starting call test_eval_570...
[GENERATOR] Call test_eval_564 completed in 6.84s
[LOG] generator call logged to generator_test_eval_564_20260222_082333_919.json
[GENERATOR] Starting call test_eval_571...
[GENERATOR] Call test_eval_544 completed in 25.85s
[LOG] generator call logged to generator_test_eval_544_20260222_082334_189.json
[GENERATOR] Starting call test_eval_572...
[GENERATOR] Call test_eval_562 completed in 9.28s
[LOG] generator call logged to generator_test_eval_562_20260222_082334_442.json
[GENERATOR] Starting call test_eval_573...
[GENERATOR] Call test_eval_567 completed in 8.83s
[LOG] generator call logged to generator_test_eval_567_20260222_082337_006.json
[GENERATOR] Starting call test_eval_574...
[GENERATOR] Call test_eval_547 completed in 25.46s
[LOG] generator call logged to generator_test_eval_547_20260222_082337_483.json
[GENERATOR] Starting call test_eval_575...
[GENERATOR] Call test_eval_570 completed in 6.46s
[LOG] generator call logged to generator_test_eval_570_20260222_082338_499.json
[GENERATOR] Starting call test_eval_576...
[GENERATOR] Call test_eval_548 completed in 26.05s
[LOG] generator call logged to generator_test_eval_548_20260222_082338_785.json
[GENERATOR] Starting call test_eval_577...
[GENERATOR] Call test_eval_571 completed in 7.34s
[LOG] generator call logged to generator_test_eval_571_20260222_082341_264.json
[GENERATOR] Starting call test_eval_578...
[GENERATOR] Call test_eval_549 completed in 28.97s
[LOG] generator call logged to generator_test_eval_549_20260222_082342_635.json
[GENERATOR] Starting call test_eval_579...
[GENERATOR] Call test_eval_577 completed in 5.49s
[LOG] generator call logged to generator_test_eval_577_20260222_082344_277.json
[GENERATOR] Starting call test_eval_580...
[GENERATOR] Call test_eval_550 completed in 29.82s
[LOG] generator call logged to generator_test_eval_550_20260222_082345_317.json
[GENERATOR] Starting call test_eval_581...
[GENERATOR] Call test_eval_578 completed in 4.55s
[LOG] generator call logged to generator_test_eval_578_20260222_082345_812.json
[GENERATOR] Starting call test_eval_582...
[GENERATOR] Call test_eval_551 completed in 31.15s
[LOG] generator call logged to generator_test_eval_551_20260222_082347_501.json
[GENERATOR] Starting call test_eval_583...
[GENERATOR] Call test_eval_581 completed in 3.04s
[LOG] generator call logged to generator_test_eval_581_20260222_082348_357.json
[GENERATOR] Starting call test_eval_584...
[GENERATOR] Call test_eval_582 completed in 4.40s
[LOG] generator call logged to generator_test_eval_582_20260222_082350_211.json
[GENERATOR] Starting call test_eval_585...
[GENERATOR] Call test_eval_552 completed in 33.79s
[LOG] generator call logged to generator_test_eval_552_20260222_082350_340.json
[GENERATOR] Starting call test_eval_586...
[GENERATOR] Call test_eval_583 completed in 3.74s
[LOG] generator call logged to generator_test_eval_583_20260222_082351_240.json
[GENERATOR] Starting call test_eval_587...
[GENERATOR] Call test_eval_555 completed in 32.42s
[LOG] generator call logged to generator_test_eval_555_20260222_082351_499.json
[GENERATOR] Starting call test_eval_588...
[GENERATOR] Call test_eval_584 completed in 5.32s
[LOG] generator call logged to generator_test_eval_584_20260222_082353_681.json
[GENERATOR] Starting call test_eval_589...
[GENERATOR] Call test_eval_556 completed in 34.61s
[LOG] generator call logged to generator_test_eval_556_20260222_082354_146.json
[GENERATOR] Starting call test_eval_590...
[GENERATOR] Call test_eval_585 completed in 4.20s
[LOG] generator call logged to generator_test_eval_585_20260222_082354_414.json
[GENERATOR] Starting call test_eval_591...
[GENERATOR] Call test_eval_557 completed in 35.69s
[LOG] generator call logged to generator_test_eval_557_20260222_082355_335.json
[GENERATOR] Starting call test_eval_592...
[GENERATOR] Call test_eval_561 completed in 32.38s
[LOG] generator call logged to generator_test_eval_561_20260222_082357_100.json
[GENERATOR] Starting call test_eval_593...
[GENERATOR] Call test_eval_586 completed in 6.91s
[LOG] generator call logged to generator_test_eval_586_20260222_082357_250.json
[GENERATOR] Starting call test_eval_594...
[GENERATOR] Call test_eval_587 completed in 6.65s
[LOG] generator call logged to generator_test_eval_587_20260222_082357_895.json
[GENERATOR] Starting call test_eval_595...
[GENERATOR] Call test_eval_563 completed in 32.67s
[LOG] generator call logged to generator_test_eval_563_20260222_082357_902.json
[GENERATOR] Starting call test_eval_596...
[GENERATOR] Call test_eval_565 completed in 32.61s
[LOG] generator call logged to generator_test_eval_565_20260222_082400_253.json
[GENERATOR] Starting call test_eval_597...
[GENERATOR] Call test_eval_592 completed in 5.43s
[LOG] generator call logged to generator_test_eval_592_20260222_082400_771.json
[GENERATOR] Starting call test_eval_598...
[GENERATOR] Call test_eval_566 completed in 33.72s
[LOG] generator call logged to generator_test_eval_566_20260222_082401_783.json
[GENERATOR] Starting call test_eval_599...
[GENERATOR] Call test_eval_568 completed in 33.26s
[LOG] generator call logged to generator_test_eval_568_20260222_082403_604.json
[GENERATOR] Starting call test_eval_600...
[GENERATOR] Call test_eval_593 completed in 6.70s
[LOG] generator call logged to generator_test_eval_593_20260222_082403_803.json
[GENERATOR] Starting call test_eval_601...
[GENERATOR] Call test_eval_588 completed in 13.41s
[LOG] generator call logged to generator_test_eval_588_20260222_082404_907.json
[GENERATOR] Starting call test_eval_602...
[GENERATOR] Call test_eval_569 completed in 35.40s
[LOG] generator call logged to generator_test_eval_569_20260222_082406_008.json
[GENERATOR] Starting call test_eval_603...
[GENERATOR] Call test_eval_572 completed in 32.10s
[LOG] generator call logged to generator_test_eval_572_20260222_082406_292.json
[GENERATOR] Starting call test_eval_604...
[GENERATOR] Call test_eval_598 completed in 7.27s
[LOG] generator call logged to generator_test_eval_598_20260222_082408_042.json
[GENERATOR] Starting call test_eval_605...
[GENERATOR] Call test_eval_603 completed in 2.05s
[LOG] generator call logged to generator_test_eval_603_20260222_082408_061.json
[GENERATOR] Starting call test_eval_606...
[GENERATOR] Call test_eval_597 completed in 9.15s
[LOG] generator call logged to generator_test_eval_597_20260222_082409_404.json
[GENERATOR] Starting call test_eval_607...
[GENERATOR] Call test_eval_573 completed in 35.43s
[LOG] generator call logged to generator_test_eval_573_20260222_082409_868.json
[GENERATOR] Starting call test_eval_608...
[GENERATOR] Call test_eval_574 completed in 33.28s
[LOG] generator call logged to generator_test_eval_574_20260222_082410_285.json
[GENERATOR] Starting call test_eval_609...
[GENERATOR] Call test_eval_599 completed in 9.42s
[LOG] generator call logged to generator_test_eval_599_20260222_082411_208.json
[GENERATOR] Starting call test_eval_610...
[GENERATOR] Call test_eval_601 completed in 9.25s
[LOG] generator call logged to generator_test_eval_601_20260222_082413_052.json
[GENERATOR] Starting call test_eval_611...
[GENERATOR] Call test_eval_575 completed in 35.98s
[LOG] generator call logged to generator_test_eval_575_20260222_082413_460.json
[GENERATOR] Starting call test_eval_612...
[GENERATOR] Call test_eval_612 completed in 2.56s
[LOG] generator call logged to generator_test_eval_612_20260222_082416_021.json
[GENERATOR] Starting call test_eval_613...
[GENERATOR] Call test_eval_579 completed in 33.58s
[LOG] generator call logged to generator_test_eval_579_20260222_082416_218.json
[GENERATOR] Starting call test_eval_614...
[GENERATOR] Call test_eval_576 completed in 38.34s
[LOG] generator call logged to generator_test_eval_576_20260222_082416_836.json
[GENERATOR] Starting call test_eval_615...
[GENERATOR] Call test_eval_580 completed in 35.02s
[LOG] generator call logged to generator_test_eval_580_20260222_082419_299.json
[GENERATOR] Starting call test_eval_616...
[GENERATOR] Call test_eval_614 completed in 3.74s
[LOG] generator call logged to generator_test_eval_614_20260222_082419_963.json
[GENERATOR] Starting call test_eval_617...
[GENERATOR] Call test_eval_589 completed in 26.82s
[LOG] generator call logged to generator_test_eval_589_20260222_082420_501.json
[GENERATOR] Starting call test_eval_618...
[GENERATOR] Call test_eval_615 completed in 4.82s
[LOG] generator call logged to generator_test_eval_615_20260222_082421_652.json
[GENERATOR] Starting call test_eval_619...
Progress: 600/1805, Accuracy: 0.325
[GENERATOR] Call test_eval_591 completed in 29.34s
[LOG] generator call logged to generator_test_eval_591_20260222_082423_756.json
[GENERATOR] Starting call test_eval_620...
[GENERATOR] Call test_eval_590 completed in 29.76s
[LOG] generator call logged to generator_test_eval_590_20260222_082423_909.json
[GENERATOR] Starting call test_eval_621...
[GENERATOR] Call test_eval_617 completed in 5.61s
[LOG] generator call logged to generator_test_eval_617_20260222_082425_576.json
[GENERATOR] Starting call test_eval_622...
[GENERATOR] Call test_eval_594 completed in 30.44s
[LOG] generator call logged to generator_test_eval_594_20260222_082427_695.json
[GENERATOR] Starting call test_eval_623...
[GENERATOR] Call test_eval_619 completed in 6.05s
[LOG] generator call logged to generator_test_eval_619_20260222_082427_710.json
[GENERATOR] Starting call test_eval_624...
[GENERATOR] Call test_eval_620 completed in 6.09s
[LOG] generator call logged to generator_test_eval_620_20260222_082429_844.json
[GENERATOR] Starting call test_eval_625...
[GENERATOR] Call test_eval_596 completed in 32.73s
[LOG] generator call logged to generator_test_eval_596_20260222_082430_633.json
[GENERATOR] Starting call test_eval_626...
[GENERATOR] Call test_eval_623 completed in 4.19s
[LOG] generator call logged to generator_test_eval_623_20260222_082431_890.json
[GENERATOR] Starting call test_eval_627...
[GENERATOR] Call test_eval_625 completed in 3.27s
[LOG] generator call logged to generator_test_eval_625_20260222_082433_118.json
[GENERATOR] Starting call test_eval_628...
[GENERATOR] Call test_eval_600 completed in 29.61s
[LOG] generator call logged to generator_test_eval_600_20260222_082433_219.json
[GENERATOR] Starting call test_eval_629...
[GENERATOR] Call test_eval_595 completed in 36.06s
[LOG] generator call logged to generator_test_eval_595_20260222_082433_961.json
[GENERATOR] Starting call test_eval_630...
[GENERATOR] Call test_eval_626 completed in 5.40s
[LOG] generator call logged to generator_test_eval_626_20260222_082436_031.json
[GENERATOR] Starting call test_eval_631...
[GENERATOR] Call test_eval_602 completed in 31.38s
[LOG] generator call logged to generator_test_eval_602_20260222_082436_291.json
[GENERATOR] Starting call test_eval_632...
[GENERATOR] Call test_eval_604 completed in 30.90s
[LOG] generator call logged to generator_test_eval_604_20260222_082437_191.json
[GENERATOR] Starting call test_eval_633...
[GENERATOR] Call test_eval_630 completed in 5.23s
[LOG] generator call logged to generator_test_eval_630_20260222_082439_188.json
[GENERATOR] Starting call test_eval_634...
[GENERATOR] Call test_eval_605 completed in 31.37s
[LOG] generator call logged to generator_test_eval_605_20260222_082439_409.json
[GENERATOR] Starting call test_eval_635...
[GENERATOR] Call test_eval_606 completed in 32.03s
[LOG] generator call logged to generator_test_eval_606_20260222_082440_093.json
[GENERATOR] Starting call test_eval_636...
[GENERATOR] Call test_eval_607 completed in 32.67s
[LOG] generator call logged to generator_test_eval_607_20260222_082442_076.json
[GENERATOR] Starting call test_eval_637...
[GENERATOR] Call test_eval_608 completed in 32.69s
[LOG] generator call logged to generator_test_eval_608_20260222_082442_562.json
[GENERATOR] Starting call test_eval_638...
[GENERATOR] Call test_eval_634 completed in 3.62s
[LOG] generator call logged to generator_test_eval_634_20260222_082442_807.json
[GENERATOR] Starting call test_eval_639...
[GENERATOR] Call test_eval_609 completed in 34.91s
[LOG] generator call logged to generator_test_eval_609_20260222_082445_201.json
[GENERATOR] Starting call test_eval_640...
[GENERATOR] Call test_eval_635 completed in 6.30s
[LOG] generator call logged to generator_test_eval_635_20260222_082445_716.json
[GENERATOR] Starting call test_eval_641...
[GENERATOR] Call test_eval_610 completed in 35.77s
[LOG] generator call logged to generator_test_eval_610_20260222_082446_984.json
[GENERATOR] Starting call test_eval_642...
[GENERATOR] Call test_eval_611 completed in 34.92s
[LOG] generator call logged to generator_test_eval_611_20260222_082447_979.json
[GENERATOR] Starting call test_eval_643...
[GENERATOR] Call test_eval_636 completed in 8.32s
[LOG] generator call logged to generator_test_eval_636_20260222_082448_416.json
[GENERATOR] Starting call test_eval_644...
[GENERATOR] Call test_eval_633 completed in 11.68s
[LOG] generator call logged to generator_test_eval_633_20260222_082448_875.json
[GENERATOR] Starting call test_eval_645...
[GENERATOR] Call test_eval_613 completed in 34.71s
[LOG] generator call logged to generator_test_eval_613_20260222_082450_735.json
[GENERATOR] Starting call test_eval_646...
[GENERATOR] Call test_eval_616 completed in 31.62s
[LOG] generator call logged to generator_test_eval_616_20260222_082450_921.json
[GENERATOR] Starting call test_eval_647...
[GENERATOR] Call test_eval_640 completed in 8.40s
[LOG] generator call logged to generator_test_eval_640_20260222_082453_602.json
[GENERATOR] Starting call test_eval_648...
[GENERATOR] Call test_eval_642 completed in 7.06s
[LOG] generator call logged to generator_test_eval_642_20260222_082454_044.json
[GENERATOR] Starting call test_eval_649...
[GENERATOR] Call test_eval_621 completed in 30.51s
[LOG] generator call logged to generator_test_eval_621_20260222_082454_420.json
[GENERATOR] Starting call test_eval_650...
[GENERATOR] Call test_eval_618 completed in 35.05s
[LOG] generator call logged to generator_test_eval_618_20260222_082455_549.json
[GENERATOR] Starting call test_eval_651...
[GENERATOR] Call test_eval_643 completed in 9.72s
[LOG] generator call logged to generator_test_eval_643_20260222_082457_698.json
[GENERATOR] Starting call test_eval_652...
[GENERATOR] Call test_eval_622 completed in 32.34s
[LOG] generator call logged to generator_test_eval_622_20260222_082457_919.json
[GENERATOR] Starting call test_eval_653...
[GENERATOR] Call test_eval_624 completed in 30.51s
[LOG] generator call logged to generator_test_eval_624_20260222_082458_220.json
[GENERATOR] Starting call test_eval_654...
[GENERATOR] Call test_eval_645 completed in 12.05s
[LOG] generator call logged to generator_test_eval_645_20260222_082500_924.json
[GENERATOR] Starting call test_eval_655...
[GENERATOR] Call test_eval_627 completed in 29.28s
[LOG] generator call logged to generator_test_eval_627_20260222_082501_168.json
[GENERATOR] Starting call test_eval_656...
[GENERATOR] Call test_eval_628 completed in 28.19s
[LOG] generator call logged to generator_test_eval_628_20260222_082501_306.json
[GENERATOR] Starting call test_eval_657...
[GENERATOR] Call test_eval_647 completed in 11.79s
[LOG] generator call logged to generator_test_eval_647_20260222_082502_717.json
[GENERATOR] Starting call test_eval_658...
[GENERATOR] Call test_eval_649 completed in 9.97s
[LOG] generator call logged to generator_test_eval_649_20260222_082504_019.json
[GENERATOR] Starting call test_eval_659...
[GENERATOR] Call test_eval_631 completed in 29.82s
[LOG] generator call logged to generator_test_eval_631_20260222_082505_848.json
[GENERATOR] Starting call test_eval_660...
[GENERATOR] Call test_eval_629 completed in 33.18s
[LOG] generator call logged to generator_test_eval_629_20260222_082506_398.json
[GENERATOR] Starting call test_eval_661...
[GENERATOR] Call test_eval_650 completed in 12.70s
[LOG] generator call logged to generator_test_eval_650_20260222_082507_123.json
[GENERATOR] Starting call test_eval_662...
[GENERATOR] Call test_eval_657 completed in 7.23s
[LOG] generator call logged to generator_test_eval_657_20260222_082508_535.json
[GENERATOR] Starting call test_eval_663...
[GENERATOR] Call test_eval_632 completed in 32.83s
[LOG] generator call logged to generator_test_eval_632_20260222_082509_119.json
[GENERATOR] Starting call test_eval_664...
[GENERATOR] Call test_eval_637 completed in 27.60s
[LOG] generator call logged to generator_test_eval_637_20260222_082509_679.json
[GENERATOR] Starting call test_eval_665...
[GENERATOR] Call test_eval_638 completed in 30.02s
[LOG] generator call logged to generator_test_eval_638_20260222_082512_580.json
[GENERATOR] Starting call test_eval_666...
[GENERATOR] Call test_eval_639 completed in 32.40s
[LOG] generator call logged to generator_test_eval_639_20260222_082515_209.json
[GENERATOR] Starting call test_eval_667...
[GENERATOR] Call test_eval_641 completed in 29.99s
[LOG] generator call logged to generator_test_eval_641_20260222_082515_706.json
[GENERATOR] Starting call test_eval_668...
[GENERATOR] Call test_eval_664 completed in 7.62s
[LOG] generator call logged to generator_test_eval_664_20260222_082516_744.json
[GENERATOR] Starting call test_eval_669...
Progress: 650/1805, Accuracy: 0.320
[GENERATOR] Call test_eval_644 completed in 29.78s
[LOG] generator call logged to generator_test_eval_644_20260222_082518_202.json
[GENERATOR] Starting call test_eval_670...
[GENERATOR] Call test_eval_646 completed in 29.28s
[LOG] generator call logged to generator_test_eval_646_20260222_082520_020.json
[GENERATOR] Starting call test_eval_671...
[GENERATOR] Call test_eval_648 completed in 27.91s
[LOG] generator call logged to generator_test_eval_648_20260222_082521_517.json
[GENERATOR] Starting call test_eval_672...
[GENERATOR] Call test_eval_667 completed in 6.79s
[LOG] generator call logged to generator_test_eval_667_20260222_082522_006.json
[GENERATOR] Starting call test_eval_673...
[GENERATOR] Call test_eval_651 completed in 28.01s
[LOG] generator call logged to generator_test_eval_651_20260222_082523_559.json
[GENERATOR] Starting call test_eval_674...
[GENERATOR] Call test_eval_669 completed in 7.67s
[LOG] generator call logged to generator_test_eval_669_20260222_082524_421.json
[GENERATOR] Starting call test_eval_675...
[GENERATOR] Call test_eval_652 completed in 27.04s
[LOG] generator call logged to generator_test_eval_652_20260222_082524_742.json
[GENERATOR] Starting call test_eval_676...
[GENERATOR] Call test_eval_670 completed in 7.45s
[LOG] generator call logged to generator_test_eval_670_20260222_082525_650.json
[GENERATOR] Starting call test_eval_677...
[GENERATOR] Call test_eval_671 completed in 7.88s
[LOG] generator call logged to generator_test_eval_671_20260222_082527_903.json
[GENERATOR] Starting call test_eval_678...
[GENERATOR] Call test_eval_653 completed in 30.23s
[LOG] generator call logged to generator_test_eval_653_20260222_082528_154.json
[GENERATOR] Starting call test_eval_679...
[GENERATOR] Call test_eval_673 completed in 6.51s
[LOG] generator call logged to generator_test_eval_673_20260222_082528_517.json
[GENERATOR] Starting call test_eval_680...
[GENERATOR] Call test_eval_654 completed in 30.73s
[LOG] generator call logged to generator_test_eval_654_20260222_082528_948.json
[GENERATOR] Starting call test_eval_681...
[GENERATOR] Call test_eval_655 completed in 30.77s
[LOG] generator call logged to generator_test_eval_655_20260222_082531_692.json
[GENERATOR] Starting call test_eval_682...
[GENERATOR] Call test_eval_675 completed in 7.62s
[LOG] generator call logged to generator_test_eval_675_20260222_082532_045.json
[GENERATOR] Starting call test_eval_683...
[GENERATOR] Call test_eval_656 completed in 31.04s
[LOG] generator call logged to generator_test_eval_656_20260222_082532_204.json
[GENERATOR] Starting call test_eval_684...
[GENERATOR] Call test_eval_677 completed in 6.71s
[LOG] generator call logged to generator_test_eval_677_20260222_082532_360.json
[GENERATOR] Starting call test_eval_685...
[GENERATOR] Call test_eval_658 completed in 32.15s
[LOG] generator call logged to generator_test_eval_658_20260222_082534_869.json
[GENERATOR] Starting call test_eval_686...
[GENERATOR] Call test_eval_679 completed in 6.86s
[LOG] generator call logged to generator_test_eval_679_20260222_082535_018.json
[GENERATOR] Starting call test_eval_687...
[GENERATOR] Call test_eval_659 completed in 31.40s
[LOG] generator call logged to generator_test_eval_659_20260222_082535_417.json
[GENERATOR] Starting call test_eval_688...
[GENERATOR] Call test_eval_680 completed in 8.40s
[LOG] generator call logged to generator_test_eval_680_20260222_082536_918.json
[GENERATOR] Starting call test_eval_689...
[GENERATOR] Call test_eval_660 completed in 32.60s
[LOG] generator call logged to generator_test_eval_660_20260222_082538_453.json
[GENERATOR] Starting call test_eval_690...
[GENERATOR] Call test_eval_661 completed in 33.14s
[LOG] generator call logged to generator_test_eval_661_20260222_082539_541.json
[GENERATOR] Starting call test_eval_691...
[GENERATOR] Call test_eval_681 completed in 10.83s
[LOG] generator call logged to generator_test_eval_681_20260222_082539_781.json
[GENERATOR] Starting call test_eval_692...
[GENERATOR] Call test_eval_662 completed in 34.53s
[LOG] generator call logged to generator_test_eval_662_20260222_082541_654.json
[GENERATOR] Starting call test_eval_693...
[GENERATOR] Call test_eval_682 completed in 10.75s
[LOG] generator call logged to generator_test_eval_682_20260222_082542_447.json
[GENERATOR] Starting call test_eval_694...
[GENERATOR] Call test_eval_663 completed in 34.12s
[LOG] generator call logged to generator_test_eval_663_20260222_082542_655.json
[GENERATOR] Starting call test_eval_695...
[GENERATOR] Call test_eval_683 completed in 11.30s
[LOG] generator call logged to generator_test_eval_683_20260222_082543_343.json
[GENERATOR] Starting call test_eval_696...
[GENERATOR] Call test_eval_665 completed in 35.80s
[LOG] generator call logged to generator_test_eval_665_20260222_082545_479.json
[GENERATOR] Starting call test_eval_697...
[GENERATOR] Call test_eval_666 completed in 33.09s
[LOG] generator call logged to generator_test_eval_666_20260222_082545_671.json
[GENERATOR] Starting call test_eval_698...
[GENERATOR] Call test_eval_687 completed in 11.77s
[LOG] generator call logged to generator_test_eval_687_20260222_082546_786.json
[GENERATOR] Starting call test_eval_699...
[GENERATOR] Call test_eval_686 completed in 11.93s
[LOG] generator call logged to generator_test_eval_686_20260222_082546_804.json
[GENERATOR] Starting call test_eval_700...
[GENERATOR] Call test_eval_690 completed in 11.05s
[LOG] generator call logged to generator_test_eval_690_20260222_082549_504.json
[GENERATOR] Starting call test_eval_701...
[GENERATOR] Call test_eval_668 completed in 34.21s
[LOG] generator call logged to generator_test_eval_668_20260222_082549_922.json
[GENERATOR] Starting call test_eval_702...
[GENERATOR] Call test_eval_688 completed in 14.87s
[LOG] generator call logged to generator_test_eval_688_20260222_082550_284.json
[GENERATOR] Starting call test_eval_703...
[GENERATOR] Call test_eval_672 completed in 31.58s
[LOG] generator call logged to generator_test_eval_672_20260222_082553_099.json
[GENERATOR] Starting call test_eval_704...
[GENERATOR] Call test_eval_691 completed in 14.08s
[LOG] generator call logged to generator_test_eval_691_20260222_082553_620.json
[GENERATOR] Starting call test_eval_705...
[GENERATOR] Call test_eval_692 completed in 14.60s
[LOG] generator call logged to generator_test_eval_692_20260222_082554_384.json
[GENERATOR] Starting call test_eval_706...
[GENERATOR] Call test_eval_694 completed in 15.15s
[LOG] generator call logged to generator_test_eval_694_20260222_082557_602.json
[GENERATOR] Starting call test_eval_707...
[GENERATOR] Call test_eval_674 completed in 36.26s
[LOG] generator call logged to generator_test_eval_674_20260222_082559_816.json
[GENERATOR] Starting call test_eval_708...
[GENERATOR] Call test_eval_696 completed in 19.38s
[LOG] generator call logged to generator_test_eval_696_20260222_082602_723.json
[GENERATOR] Starting call test_eval_709...
[GENERATOR] Call test_eval_676 completed in 38.09s
[LOG] generator call logged to generator_test_eval_676_20260222_082602_833.json
[GENERATOR] Starting call test_eval_710...
[GENERATOR] Call test_eval_695 completed in 20.35s
[LOG] generator call logged to generator_test_eval_695_20260222_082603_010.json
[GENERATOR] Starting call test_eval_711...
[GENERATOR] Call test_eval_678 completed in 36.66s
[LOG] generator call logged to generator_test_eval_678_20260222_082604_565.json
[GENERATOR] Starting call test_eval_712...
[GENERATOR] Call test_eval_684 completed in 33.79s
[LOG] generator call logged to generator_test_eval_684_20260222_082605_995.json
[GENERATOR] Starting call test_eval_713...
[GENERATOR] Call test_eval_685 completed in 35.20s
[LOG] generator call logged to generator_test_eval_685_20260222_082607_557.json
[GENERATOR] Starting call test_eval_714...
[GENERATOR] Call test_eval_698 completed in 22.37s
[LOG] generator call logged to generator_test_eval_698_20260222_082608_045.json
[GENERATOR] Starting call test_eval_715...
[GENERATOR] Call test_eval_689 completed in 32.43s
[LOG] generator call logged to generator_test_eval_689_20260222_082609_353.json
[GENERATOR] Starting call test_eval_716...
[GENERATOR] Call test_eval_693 completed in 30.20s
[LOG] generator call logged to generator_test_eval_693_20260222_082611_855.json
[GENERATOR] Starting call test_eval_717...
[GENERATOR] Call test_eval_697 completed in 27.90s
[LOG] generator call logged to generator_test_eval_697_20260222_082613_378.json
[GENERATOR] Starting call test_eval_718...
[GENERATOR] Call test_eval_700 completed in 27.96s
[LOG] generator call logged to generator_test_eval_700_20260222_082614_770.json
[GENERATOR] Starting call test_eval_719...
Progress: 700/1805, Accuracy: 0.317
[GENERATOR] Call test_eval_699 completed in 28.74s
[LOG] generator call logged to generator_test_eval_699_20260222_082615_531.json
[GENERATOR] Starting call test_eval_720...
[GENERATOR] Call test_eval_701 completed in 26.28s
[LOG] generator call logged to generator_test_eval_701_20260222_082615_785.json
[GENERATOR] Starting call test_eval_721...
[GENERATOR] Call test_eval_703 completed in 25.96s
[LOG] generator call logged to generator_test_eval_703_20260222_082616_249.json
[GENERATOR] Starting call test_eval_722...
[GENERATOR] Call test_eval_702 completed in 27.96s
[LOG] generator call logged to generator_test_eval_702_20260222_082617_886.json
[GENERATOR] Starting call test_eval_723...
[GENERATOR] Call test_eval_704 completed in 25.88s
[LOG] generator call logged to generator_test_eval_704_20260222_082618_986.json
[GENERATOR] Starting call test_eval_724...
[GENERATOR] Call test_eval_723 completed in 1.42s
[LOG] generator call logged to generator_test_eval_723_20260222_082619_313.json
[GENERATOR] Starting call test_eval_725...
[GENERATOR] Call test_eval_706 completed in 25.10s
[LOG] generator call logged to generator_test_eval_706_20260222_082619_486.json
[GENERATOR] Starting call test_eval_726...
[GENERATOR] Call test_eval_705 completed in 26.50s
[LOG] generator call logged to generator_test_eval_705_20260222_082620_120.json
[GENERATOR] Starting call test_eval_727...
[GENERATOR] Call test_eval_707 completed in 24.88s
[LOG] generator call logged to generator_test_eval_707_20260222_082622_486.json
[GENERATOR] Starting call test_eval_728...
[GENERATOR] Call test_eval_709 completed in 20.50s
[LOG] generator call logged to generator_test_eval_709_20260222_082623_225.json
[GENERATOR] Starting call test_eval_729...
[GENERATOR] Call test_eval_708 completed in 23.90s
[LOG] generator call logged to generator_test_eval_708_20260222_082623_713.json
[GENERATOR] Starting call test_eval_730...
[GENERATOR] Call test_eval_711 completed in 21.12s
[LOG] generator call logged to generator_test_eval_711_20260222_082624_133.json
[GENERATOR] Starting call test_eval_731...
[GENERATOR] Call test_eval_712 completed in 21.52s
[LOG] generator call logged to generator_test_eval_712_20260222_082626_087.json
[GENERATOR] Starting call test_eval_732...
[GENERATOR] Call test_eval_710 completed in 23.47s
[LOG] generator call logged to generator_test_eval_710_20260222_082626_305.json
[GENERATOR] Starting call test_eval_733...
[GENERATOR] Call test_eval_713 completed in 20.89s
[LOG] generator call logged to generator_test_eval_713_20260222_082626_888.json
[GENERATOR] Starting call test_eval_734...
[GENERATOR] Call test_eval_714 completed in 19.40s
[LOG] generator call logged to generator_test_eval_714_20260222_082626_956.json
[GENERATOR] Starting call test_eval_735...
[GENERATOR] Call test_eval_715 completed in 21.10s
[LOG] generator call logged to generator_test_eval_715_20260222_082629_146.json
[GENERATOR] Starting call test_eval_736...
[GENERATOR] Call test_eval_716 completed in 20.69s
[LOG] generator call logged to generator_test_eval_716_20260222_082630_042.json
[GENERATOR] Starting call test_eval_737...
[GENERATOR] Call test_eval_718 completed in 17.32s
[LOG] generator call logged to generator_test_eval_718_20260222_082630_700.json
[GENERATOR] Starting call test_eval_738...
[GENERATOR] Call test_eval_719 completed in 17.17s
[LOG] generator call logged to generator_test_eval_719_20260222_082631_946.json
[GENERATOR] Starting call test_eval_739...
[GENERATOR] Call test_eval_717 completed in 20.61s
[LOG] generator call logged to generator_test_eval_717_20260222_082632_468.json
[GENERATOR] Starting call test_eval_740...
[GENERATOR] Call test_eval_722 completed in 16.98s
[LOG] generator call logged to generator_test_eval_722_20260222_082633_235.json
[GENERATOR] Starting call test_eval_741...
[GENERATOR] Call test_eval_720 completed in 18.01s
[LOG] generator call logged to generator_test_eval_720_20260222_082633_544.json
[GENERATOR] Starting call test_eval_742...
[GENERATOR] Call test_eval_725 completed in 17.08s
[LOG] generator call logged to generator_test_eval_725_20260222_082636_395.json
[GENERATOR] Starting call test_eval_743...
[GENERATOR] Call test_eval_724 completed in 17.50s
[LOG] generator call logged to generator_test_eval_724_20260222_082636_490.json
[GENERATOR] Starting call test_eval_744...
[GENERATOR] Call test_eval_721 completed in 20.72s
[LOG] generator call logged to generator_test_eval_721_20260222_082636_512.json
[GENERATOR] Starting call test_eval_745...
[GENERATOR] Call test_eval_726 completed in 17.78s
[LOG] generator call logged to generator_test_eval_726_20260222_082637_270.json
[GENERATOR] Starting call test_eval_746...
[GENERATOR] Call test_eval_727 completed in 19.41s
[LOG] generator call logged to generator_test_eval_727_20260222_082639_532.json
[GENERATOR] Starting call test_eval_747...
[GENERATOR] Call test_eval_730 completed in 16.59s
[LOG] generator call logged to generator_test_eval_730_20260222_082640_309.json
[GENERATOR] Starting call test_eval_748...
[GENERATOR] Call test_eval_728 completed in 19.60s
[LOG] generator call logged to generator_test_eval_728_20260222_082642_088.json
[GENERATOR] Starting call test_eval_749...
[GENERATOR] Call test_eval_731 completed in 18.15s
[LOG] generator call logged to generator_test_eval_731_20260222_082642_289.json
[GENERATOR] Starting call test_eval_750...
[GENERATOR] Call test_eval_732 completed in 17.97s
[LOG] generator call logged to generator_test_eval_732_20260222_082644_054.json
[GENERATOR] Starting call test_eval_751...
[GENERATOR] Call test_eval_735 completed in 18.26s
[LOG] generator call logged to generator_test_eval_735_20260222_082645_222.json
[GENERATOR] Starting call test_eval_752...
[GENERATOR] Call test_eval_733 completed in 19.31s
[LOG] generator call logged to generator_test_eval_733_20260222_082645_622.json
[GENERATOR] Starting call test_eval_753...
[GENERATOR] Call test_eval_738 completed in 17.23s
[LOG] generator call logged to generator_test_eval_738_20260222_082647_937.json
[GENERATOR] Starting call test_eval_754...
[GENERATOR] Call test_eval_736 completed in 19.17s
[LOG] generator call logged to generator_test_eval_736_20260222_082648_317.json
[GENERATOR] Starting call test_eval_755...
[GENERATOR] Call test_eval_734 completed in 22.06s
[LOG] generator call logged to generator_test_eval_734_20260222_082648_948.json
[GENERATOR] Starting call test_eval_756...
[GENERATOR] Call test_eval_729 completed in 26.28s
[LOG] generator call logged to generator_test_eval_729_20260222_082649_505.json
[GENERATOR] Starting call test_eval_757...
[GENERATOR] Call test_eval_739 completed in 18.89s
[LOG] generator call logged to generator_test_eval_739_20260222_082650_837.json
[GENERATOR] Starting call test_eval_758...
[GENERATOR] Call test_eval_741 completed in 19.36s
[LOG] generator call logged to generator_test_eval_741_20260222_082652_592.json
[GENERATOR] Starting call test_eval_759...
[GENERATOR] Call test_eval_740 completed in 20.43s
[LOG] generator call logged to generator_test_eval_740_20260222_082652_899.json
[GENERATOR] Starting call test_eval_760...
[GENERATOR] Call test_eval_742 completed in 20.44s
[LOG] generator call logged to generator_test_eval_742_20260222_082653_984.json
[GENERATOR] Starting call test_eval_761...
[GENERATOR] Call test_eval_737 completed in 24.39s
[LOG] generator call logged to generator_test_eval_737_20260222_082654_431.json
[GENERATOR] Starting call test_eval_762...
[GENERATOR] Call test_eval_744 completed in 19.22s
[LOG] generator call logged to generator_test_eval_744_20260222_082655_714.json
[GENERATOR] Starting call test_eval_763...
[GENERATOR] Call test_eval_743 completed in 19.81s
[LOG] generator call logged to generator_test_eval_743_20260222_082656_212.json
[GENERATOR] Starting call test_eval_764...
[GENERATOR] Call test_eval_747 completed in 17.47s
[LOG] generator call logged to generator_test_eval_747_20260222_082657_001.json
[GENERATOR] Starting call test_eval_765...
[GENERATOR] Call test_eval_745 completed in 21.45s
[LOG] generator call logged to generator_test_eval_745_20260222_082657_965.json
[GENERATOR] Starting call test_eval_766...
[GENERATOR] Call test_eval_756 completed in 10.71s
[LOG] generator call logged to generator_test_eval_756_20260222_082659_657.json
[GENERATOR] Starting call test_eval_767...
[GENERATOR] Call test_eval_746 completed in 23.41s
[LOG] generator call logged to generator_test_eval_746_20260222_082700_681.json
[GENERATOR] Starting call test_eval_768...
[GENERATOR] Call test_eval_748 completed in 20.49s
[LOG] generator call logged to generator_test_eval_748_20260222_082700_801.json
[GENERATOR] Starting call test_eval_769...
Progress: 750/1805, Accuracy: 0.321
[GENERATOR] Call test_eval_755 completed in 13.80s
[LOG] generator call logged to generator_test_eval_755_20260222_082702_116.json
[GENERATOR] Starting call test_eval_770...
[GENERATOR] Call test_eval_761 completed in 8.76s
[LOG] generator call logged to generator_test_eval_761_20260222_082702_743.json
[GENERATOR] Starting call test_eval_771...
[GENERATOR] Call test_eval_749 completed in 22.89s
[LOG] generator call logged to generator_test_eval_749_20260222_082704_979.json
[GENERATOR] Starting call test_eval_772...
[GENERATOR] Call test_eval_750 completed in 22.80s
[LOG] generator call logged to generator_test_eval_750_20260222_082705_090.json
[GENERATOR] Starting call test_eval_773...
[GENERATOR] Call test_eval_763 completed in 9.54s
[LOG] generator call logged to generator_test_eval_763_20260222_082705_259.json
[GENERATOR] Starting call test_eval_774...
[GENERATOR] Call test_eval_764 completed in 10.20s
[LOG] generator call logged to generator_test_eval_764_20260222_082706_413.json
[GENERATOR] Starting call test_eval_775...
[GENERATOR] Call test_eval_768 completed in 8.19s
[LOG] generator call logged to generator_test_eval_768_20260222_082708_873.json
[GENERATOR] Starting call test_eval_776...
[GENERATOR] Call test_eval_769 completed in 8.48s
[GENERATOR] Call test_eval_751 completed in 25.23s
[GENERATOR] Call test_eval_752 completed in 24.06s
[LOG] generator call logged to generator_test_eval_751_20260222_082709_286.json
[GENERATOR] Starting call test_eval_777...
[LOG] generator call logged to generator_test_eval_769_20260222_082709_285.json
[GENERATOR] Starting call test_eval_778...
[LOG] generator call logged to generator_test_eval_752_20260222_082709_288.json
[GENERATOR] Starting call test_eval_779...
[GENERATOR] Call test_eval_753 completed in 26.71s
[LOG] generator call logged to generator_test_eval_753_20260222_082712_338.json
[GENERATOR] Starting call test_eval_780...
[GENERATOR] Call test_eval_771 completed in 10.05s
[LOG] generator call logged to generator_test_eval_771_20260222_082712_796.json
[GENERATOR] Starting call test_eval_781...
[GENERATOR] Call test_eval_754 completed in 25.25s
[LOG] generator call logged to generator_test_eval_754_20260222_082713_185.json
[GENERATOR] Starting call test_eval_782...
[GENERATOR] Call test_eval_774 completed in 10.56s
[LOG] generator call logged to generator_test_eval_774_20260222_082715_817.json
[GENERATOR] Starting call test_eval_783...
[GENERATOR] Call test_eval_757 completed in 27.19s
[LOG] generator call logged to generator_test_eval_757_20260222_082716_693.json
[GENERATOR] Starting call test_eval_784...
[GENERATOR] Call test_eval_758 completed in 26.10s
[LOG] generator call logged to generator_test_eval_758_20260222_082716_936.json
[GENERATOR] Starting call test_eval_785...
[GENERATOR] Call test_eval_776 completed in 10.33s
[LOG] generator call logged to generator_test_eval_776_20260222_082719_205.json
[GENERATOR] Starting call test_eval_786...
[GENERATOR] Call test_eval_759 completed in 27.68s
[LOG] generator call logged to generator_test_eval_759_20260222_082720_277.json
[GENERATOR] Starting call test_eval_787...
[GENERATOR] Call test_eval_760 completed in 27.55s
[LOG] generator call logged to generator_test_eval_760_20260222_082720_454.json
[GENERATOR] Starting call test_eval_788...
[GENERATOR] Call test_eval_777 completed in 13.30s
[LOG] generator call logged to generator_test_eval_777_20260222_082722_592.json
[GENERATOR] Starting call test_eval_789...
[GENERATOR] Call test_eval_775 completed in 16.27s
[LOG] generator call logged to generator_test_eval_775_20260222_082722_689.json
[GENERATOR] Starting call test_eval_790...
[GENERATOR] Call test_eval_765 completed in 27.44s
[LOG] generator call logged to generator_test_eval_765_20260222_082724_442.json
[GENERATOR] Starting call test_eval_791...
[GENERATOR] Call test_eval_762 completed in 30.02s
[LOG] generator call logged to generator_test_eval_762_20260222_082724_450.json
[GENERATOR] Starting call test_eval_792...
[GENERATOR] Call test_eval_782 completed in 12.07s
[LOG] generator call logged to generator_test_eval_782_20260222_082725_257.json
[GENERATOR] Starting call test_eval_793...
[GENERATOR] Call test_eval_766 completed in 29.64s
[LOG] generator call logged to generator_test_eval_766_20260222_082727_610.json
[GENERATOR] Starting call test_eval_794...
[GENERATOR] Call test_eval_784 completed in 11.49s
[LOG] generator call logged to generator_test_eval_784_20260222_082728_187.json
[GENERATOR] Starting call test_eval_795...
[GENERATOR] Call test_eval_767 completed in 28.72s
[LOG] generator call logged to generator_test_eval_767_20260222_082728_379.json
[GENERATOR] Starting call test_eval_796...
[GENERATOR] Call test_eval_779 completed in 20.26s
[LOG] generator call logged to generator_test_eval_779_20260222_082729_558.json
[GENERATOR] Starting call test_eval_797...
[GENERATOR] Call test_eval_770 completed in 28.46s
[LOG] generator call logged to generator_test_eval_770_20260222_082730_582.json
[GENERATOR] Starting call test_eval_798...
[GENERATOR] Call test_eval_772 completed in 26.63s
[GENERATOR] Call test_eval_786 completed in 12.40s
[LOG] generator call logged to generator_test_eval_772_20260222_082731_606.json
[GENERATOR] Starting call test_eval_799...
[LOG] generator call logged to generator_test_eval_786_20260222_082731_607.json
[GENERATOR] Starting call test_eval_800...
[GENERATOR] Call test_eval_787 completed in 12.25s
[LOG] generator call logged to generator_test_eval_787_20260222_082732_528.json
[GENERATOR] Starting call test_eval_801...
[GENERATOR] Call test_eval_773 completed in 28.84s
[LOG] generator call logged to generator_test_eval_773_20260222_082733_933.json
[GENERATOR] Starting call test_eval_802...
[GENERATOR] Call test_eval_778 completed in 24.95s
[LOG] generator call logged to generator_test_eval_778_20260222_082734_237.json
[GENERATOR] Starting call test_eval_803...
[GENERATOR] Call test_eval_780 completed in 24.33s
[LOG] generator call logged to generator_test_eval_780_20260222_082736_666.json
[GENERATOR] Starting call test_eval_804...
[GENERATOR] Call test_eval_793 completed in 12.09s
[LOG] generator call logged to generator_test_eval_793_20260222_082737_353.json
[GENERATOR] Starting call test_eval_805...
[GENERATOR] Call test_eval_788 completed in 17.46s
[LOG] generator call logged to generator_test_eval_788_20260222_082737_918.json
[GENERATOR] Starting call test_eval_806...
[GENERATOR] Call test_eval_789 completed in 17.05s
[LOG] generator call logged to generator_test_eval_789_20260222_082739_641.json
[GENERATOR] Starting call test_eval_807...
[GENERATOR] Call test_eval_790 completed in 19.26s
[LOG] generator call logged to generator_test_eval_790_20260222_082741_945.json
[GENERATOR] Starting call test_eval_808...
[GENERATOR] Call test_eval_792 completed in 18.52s
[LOG] generator call logged to generator_test_eval_792_20260222_082742_969.json
[GENERATOR] Starting call test_eval_809...
[GENERATOR] Call test_eval_794 completed in 17.30s
[LOG] generator call logged to generator_test_eval_794_20260222_082744_915.json
[GENERATOR] Starting call test_eval_810...
[GENERATOR] Call test_eval_806 completed in 8.02s
[GENERATOR] Call test_eval_795 completed in 17.75s
[LOG] generator call logged to generator_test_eval_806_20260222_082745_938.json
[GENERATOR] Starting call test_eval_811...
[LOG] generator call logged to generator_test_eval_795_20260222_082745_939.json
[GENERATOR] Starting call test_eval_812...
[GENERATOR] Call test_eval_796 completed in 19.86s
[LOG] generator call logged to generator_test_eval_796_20260222_082748_244.json
[GENERATOR] Starting call test_eval_813...
[GENERATOR] Call test_eval_797 completed in 19.41s
[LOG] generator call logged to generator_test_eval_797_20260222_082748_976.json
[GENERATOR] Starting call test_eval_814...
[GENERATOR] Call test_eval_800 completed in 19.89s
[LOG] generator call logged to generator_test_eval_800_20260222_082751_501.json
[GENERATOR] Starting call test_eval_815...
[GENERATOR] Call test_eval_812 completed in 7.06s
[LOG] generator call logged to generator_test_eval_812_20260222_082753_004.json
[GENERATOR] Starting call test_eval_816...
[GENERATOR] Call test_eval_799 completed in 21.91s
[LOG] generator call logged to generator_test_eval_799_20260222_082753_518.json
[GENERATOR] Starting call test_eval_817...
[GENERATOR] Call test_eval_801 completed in 22.01s
[LOG] generator call logged to generator_test_eval_801_20260222_082754_544.json
[GENERATOR] Starting call test_eval_818...
[GENERATOR] Call test_eval_811 completed in 9.22s
[LOG] generator call logged to generator_test_eval_811_20260222_082755_156.json
[GENERATOR] Starting call test_eval_819...
Progress: 800/1805, Accuracy: 0.316
[GENERATOR] Call test_eval_813 completed in 7.89s
[LOG] generator call logged to generator_test_eval_813_20260222_082756_136.json
[GENERATOR] Starting call test_eval_820...
[GENERATOR] Call test_eval_802 completed in 23.87s
[LOG] generator call logged to generator_test_eval_802_20260222_082757_809.json
[GENERATOR] Starting call test_eval_821...
[GENERATOR] Call test_eval_817 completed in 4.59s
[LOG] generator call logged to generator_test_eval_817_20260222_082758_106.json
[GENERATOR] Starting call test_eval_822...
[GENERATOR] Call test_eval_804 completed in 22.18s
[LOG] generator call logged to generator_test_eval_804_20260222_082758_846.json
[GENERATOR] Starting call test_eval_823...
[GENERATOR] Call test_eval_818 completed in 5.41s
[LOG] generator call logged to generator_test_eval_818_20260222_082759_957.json
[GENERATOR] Starting call test_eval_824...
[GENERATOR] Call test_eval_820 completed in 4.85s
[LOG] generator call logged to generator_test_eval_820_20260222_082800_991.json
[GENERATOR] Starting call test_eval_825...
[GENERATOR] Call test_eval_805 completed in 24.67s
[LOG] generator call logged to generator_test_eval_805_20260222_082802_026.json
[GENERATOR] Starting call test_eval_826...
[GENERATOR] Call test_eval_807 completed in 22.50s
[LOG] generator call logged to generator_test_eval_807_20260222_082802_142.json
[GENERATOR] Starting call test_eval_827...
[GENERATOR] Call test_eval_822 completed in 4.78s
[LOG] generator call logged to generator_test_eval_822_20260222_082802_884.json
[GENERATOR] Starting call test_eval_828...
[GENERATOR] Call test_eval_824 completed in 4.62s
[LOG] generator call logged to generator_test_eval_824_20260222_082804_579.json
[GENERATOR] Starting call test_eval_829...
[GENERATOR] Call test_eval_808 completed in 22.85s
[LOG] generator call logged to generator_test_eval_808_20260222_082804_797.json
[GENERATOR] Starting call test_eval_830...
[GENERATOR] Call test_eval_809 completed in 21.89s
[LOG] generator call logged to generator_test_eval_809_20260222_082804_857.json
[GENERATOR] Starting call test_eval_831...
[GENERATOR] Call test_eval_825 completed in 6.18s
[LOG] generator call logged to generator_test_eval_825_20260222_082807_172.json
[GENERATOR] Starting call test_eval_832...
[GENERATOR] Call test_eval_810 completed in 23.75s
[LOG] generator call logged to generator_test_eval_810_20260222_082808_664.json
[GENERATOR] Starting call test_eval_833...
[GENERATOR] Call test_eval_815 completed in 17.23s
[LOG] generator call logged to generator_test_eval_815_20260222_082808_733.json
[GENERATOR] Starting call test_eval_834...
[GENERATOR] Call test_eval_829 completed in 6.09s
[LOG] generator call logged to generator_test_eval_829_20260222_082810_673.json
[GENERATOR] Starting call test_eval_835...
[GENERATOR] Call test_eval_828 completed in 8.45s
[LOG] generator call logged to generator_test_eval_828_20260222_082811_338.json
[GENERATOR] Starting call test_eval_836...
[GENERATOR] Call test_eval_819 completed in 16.77s
[LOG] generator call logged to generator_test_eval_819_20260222_082811_926.json
[GENERATOR] Starting call test_eval_837...
[GENERATOR] Call test_eval_830 completed in 9.00s
[LOG] generator call logged to generator_test_eval_830_20260222_082813_795.json
[GENERATOR] Starting call test_eval_838...
[GENERATOR] Call test_eval_826 completed in 13.11s
[LOG] generator call logged to generator_test_eval_826_20260222_082815_140.json
[GENERATOR] Starting call test_eval_839...
[GENERATOR] Call test_eval_833 completed in 7.89s
[LOG] generator call logged to generator_test_eval_833_20260222_082816_560.json
[GENERATOR] Starting call test_eval_840...
[GENERATOR] Call test_eval_821 completed in 18.95s
[LOG] generator call logged to generator_test_eval_821_20260222_082816_760.json
[GENERATOR] Starting call test_eval_841...
[GENERATOR] Call test_eval_835 completed in 6.25s
[LOG] generator call logged to generator_test_eval_835_20260222_082816_929.json
[GENERATOR] Starting call test_eval_842...
[GENERATOR] Call test_eval_827 completed in 15.76s
[LOG] generator call logged to generator_test_eval_827_20260222_082817_904.json
[GENERATOR] Starting call test_eval_843...
[GENERATOR] Call test_eval_831 completed in 14.85s
[LOG] generator call logged to generator_test_eval_831_20260222_082819_713.json
[GENERATOR] Starting call test_eval_844...
[GENERATOR] Call test_eval_836 completed in 8.69s
[LOG] generator call logged to generator_test_eval_836_20260222_082820_030.json
[GENERATOR] Starting call test_eval_845...
[GENERATOR] Call test_eval_834 completed in 16.07s
[LOG] generator call logged to generator_test_eval_834_20260222_082824_802.json
[GENERATOR] Starting call test_eval_846...
[GENERATOR] Call test_eval_832 completed in 18.85s
[LOG] generator call logged to generator_test_eval_832_20260222_082826_023.json
[GENERATOR] Starting call test_eval_847...
[GENERATOR] Call test_eval_843 completed in 9.34s
[LOG] generator call logged to generator_test_eval_843_20260222_082827_250.json
[GENERATOR] Starting call test_eval_848...
[GENERATOR] Call test_eval_837 completed in 15.77s
[LOG] generator call logged to generator_test_eval_837_20260222_082827_694.json
[GENERATOR] Starting call test_eval_849...
[GENERATOR] Call test_eval_839 completed in 14.33s
[LOG] generator call logged to generator_test_eval_839_20260222_082829_469.json
[GENERATOR] Starting call test_eval_850...
[GENERATOR] Call test_eval_841 completed in 13.62s
[LOG] generator call logged to generator_test_eval_841_20260222_082830_380.json
[GENERATOR] Starting call test_eval_851...
[GENERATOR] Call test_eval_846 completed in 6.91s
[LOG] generator call logged to generator_test_eval_846_20260222_082831_715.json
[GENERATOR] Starting call test_eval_852...
[GENERATOR] Call test_eval_845 completed in 12.61s
[LOG] generator call logged to generator_test_eval_845_20260222_082832_639.json
[GENERATOR] Starting call test_eval_853...
[GENERATOR] Call test_eval_844 completed in 13.78s
[LOG] generator call logged to generator_test_eval_844_20260222_082833_495.json
[GENERATOR] Starting call test_eval_854...
[GENERATOR] Call test_eval_851 completed in 3.31s
[LOG] generator call logged to generator_test_eval_851_20260222_082833_691.json
[GENERATOR] Starting call test_eval_855...
[GENERATOR] Call test_eval_853 completed in 3.76s
[LOG] generator call logged to generator_test_eval_853_20260222_082836_399.json
[GENERATOR] Starting call test_eval_856...
[GENERATOR] Call test_eval_848 completed in 9.89s
[LOG] generator call logged to generator_test_eval_848_20260222_082837_142.json
[GENERATOR] Starting call test_eval_857...
[GENERATOR] Call test_eval_847 completed in 13.74s
[LOG] generator call logged to generator_test_eval_847_20260222_082839_761.json
[GENERATOR] Starting call test_eval_858...
[GENERATOR] Call test_eval_849 completed in 12.52s
[LOG] generator call logged to generator_test_eval_849_20260222_082840_215.json
[GENERATOR] Starting call test_eval_859...
[GENERATOR] Call test_eval_854 completed in 7.54s
[LOG] generator call logged to generator_test_eval_854_20260222_082841_034.json
[GENERATOR] Starting call test_eval_860...
[GENERATOR] Call test_eval_850 completed in 13.61s
[LOG] generator call logged to generator_test_eval_850_20260222_082843_082.json
[GENERATOR] Starting call test_eval_861...
[GENERATOR] Call test_eval_855 completed in 9.58s
[LOG] generator call logged to generator_test_eval_855_20260222_082843_274.json
[GENERATOR] Starting call test_eval_862...
[GENERATOR] Call test_eval_852 completed in 11.65s
[LOG] generator call logged to generator_test_eval_852_20260222_082843_370.json
[GENERATOR] Starting call test_eval_863...
[GENERATOR] Call test_eval_857 completed in 9.38s
[LOG] generator call logged to generator_test_eval_857_20260222_082846_521.json
[GENERATOR] Starting call test_eval_864...
[GENERATOR] Call test_eval_856 completed in 10.35s
[LOG] generator call logged to generator_test_eval_856_20260222_082846_750.json
[GENERATOR] Starting call test_eval_865...
[GENERATOR] Call test_eval_860 completed in 6.23s
[LOG] generator call logged to generator_test_eval_860_20260222_082847_268.json
[GENERATOR] Starting call test_eval_866...
[GENERATOR] Call test_eval_859 completed in 7.28s
[LOG] generator call logged to generator_test_eval_859_20260222_082847_492.json
[GENERATOR] Starting call test_eval_867...
[GENERATOR] Call test_eval_858 completed in 9.84s
[LOG] generator call logged to generator_test_eval_858_20260222_082849_606.json
[GENERATOR] Starting call test_eval_868...
[GENERATOR] Call test_eval_861 completed in 7.86s
[LOG] generator call logged to generator_test_eval_861_20260222_082850_947.json
[GENERATOR] Starting call test_eval_869...
Progress: 850/1805, Accuracy: 0.318
[GENERATOR] Call test_eval_862 completed in 9.30s
[LOG] generator call logged to generator_test_eval_862_20260222_082852_576.json
[GENERATOR] Starting call test_eval_870...
[GENERATOR] Call test_eval_863 completed in 11.80s
[LOG] generator call logged to generator_test_eval_863_20260222_082855_167.json
[GENERATOR] Starting call test_eval_871...
[GENERATOR] Call test_eval_864 completed in 10.80s
[LOG] generator call logged to generator_test_eval_864_20260222_082857_321.json
[GENERATOR] Starting call test_eval_872...
[GENERATOR] Call test_eval_868 completed in 10.06s
[LOG] generator call logged to generator_test_eval_868_20260222_082859_667.json
[GENERATOR] Starting call test_eval_873...
[GENERATOR] Call test_eval_869 completed in 8.79s
[LOG] generator call logged to generator_test_eval_869_20260222_082859_735.json
[GENERATOR] Starting call test_eval_874...
[GENERATOR] Call test_eval_865 completed in 15.48s
[LOG] generator call logged to generator_test_eval_865_20260222_082902_231.json
[GENERATOR] Starting call test_eval_875...
[GENERATOR] Call test_eval_867 completed in 15.25s
[LOG] generator call logged to generator_test_eval_867_20260222_082902_739.json
[GENERATOR] Starting call test_eval_876...
[GENERATOR] Call test_eval_873 completed in 3.99s
[LOG] generator call logged to generator_test_eval_873_20260222_082903_661.json
[GENERATOR] Starting call test_eval_877...
[GENERATOR] Call test_eval_872 completed in 6.40s
[LOG] generator call logged to generator_test_eval_872_20260222_082903_720.json
[GENERATOR] Starting call test_eval_878...
[GENERATOR] Call test_eval_871 completed in 10.85s
[LOG] generator call logged to generator_test_eval_871_20260222_082906_020.json
[GENERATOR] Starting call test_eval_879...
[GENERATOR] Call test_eval_870 completed in 16.02s
[LOG] generator call logged to generator_test_eval_870_20260222_082908_594.json
[GENERATOR] Starting call test_eval_880...
[GENERATOR] Call test_eval_785 completed in 112.04s
[GENERATOR] Call test_eval_781 completed in 116.18s
[GENERATOR] Call test_eval_876 completed in 6.24s
[LOG] generator call logged to generator_test_eval_781_20260222_082908_977.json
[GENERATOR] Starting call test_eval_881...
[LOG] generator call logged to generator_test_eval_785_20260222_082908_976.json
[GENERATOR] Starting call test_eval_882...
[LOG] generator call logged to generator_test_eval_876_20260222_082908_978.json
[GENERATOR] Starting call test_eval_883...
[GENERATOR] Call test_eval_783 completed in 116.03s
[LOG] generator call logged to generator_test_eval_783_20260222_082911_853.json
[GENERATOR] Starting call test_eval_884...
[GENERATOR] Call test_eval_798 completed in 101.38s
[LOG] generator call logged to generator_test_eval_798_20260222_082911_960.json
[GENERATOR] Starting call test_eval_885...
[GENERATOR] Call test_eval_879 completed in 7.67s
[LOG] generator call logged to generator_test_eval_879_20260222_082913_696.json
[GENERATOR] Starting call test_eval_886...
[GENERATOR] Call test_eval_816 completed in 82.14s
[LOG] generator call logged to generator_test_eval_816_20260222_082915_147.json
[GENERATOR] Starting call test_eval_887...
[GENERATOR] Call test_eval_886 completed in 2.87s
[LOG] generator call logged to generator_test_eval_886_20260222_082916_570.json
[GENERATOR] Starting call test_eval_888...
[GENERATOR] Call test_eval_803 completed in 104.50s
[LOG] generator call logged to generator_test_eval_803_20260222_082918_738.json
[GENERATOR] Starting call test_eval_889...
[GENERATOR] Call test_eval_887 completed in 5.10s
[LOG] generator call logged to generator_test_eval_887_20260222_082920_252.json
[GENERATOR] Starting call test_eval_890...
[GENERATOR] Call test_eval_838 completed in 68.50s
[LOG] generator call logged to generator_test_eval_838_20260222_082922_301.json
[GENERATOR] Starting call test_eval_891...
[GENERATOR] Call test_eval_842 completed in 65.82s
[LOG] generator call logged to generator_test_eval_842_20260222_082922_747.json
[GENERATOR] Starting call test_eval_892...
[GENERATOR] Call test_eval_814 completed in 96.09s
[LOG] generator call logged to generator_test_eval_814_20260222_082925_065.json
[GENERATOR] Starting call test_eval_893...
[GENERATOR] Call test_eval_890 completed in 4.87s
[LOG] generator call logged to generator_test_eval_890_20260222_082925_122.json
[GENERATOR] Starting call test_eval_894...
[GENERATOR] Call test_eval_791 completed in 122.04s
[LOG] generator call logged to generator_test_eval_791_20260222_082926_480.json
[GENERATOR] Starting call test_eval_895...
[GENERATOR] Call test_eval_840 completed in 71.25s
[LOG] generator call logged to generator_test_eval_840_20260222_082927_807.json
[GENERATOR] Starting call test_eval_896...
[GENERATOR] Call test_eval_823 completed in 92.47s
[LOG] generator call logged to generator_test_eval_823_20260222_082931_313.json
[GENERATOR] Starting call test_eval_897...
[GENERATOR] Call test_eval_892 completed in 11.14s
[LOG] generator call logged to generator_test_eval_892_20260222_082933_887.json
[GENERATOR] Starting call test_eval_898...
[GENERATOR] Call test_eval_891 completed in 12.71s
[LOG] generator call logged to generator_test_eval_891_20260222_082935_014.json
[GENERATOR] Starting call test_eval_899...
[GENERATOR] Call test_eval_874 completed in 35.48s
[LOG] generator call logged to generator_test_eval_874_20260222_082935_216.json
[GENERATOR] Starting call test_eval_900...
[GENERATOR] Call test_eval_866 completed in 48.55s
[LOG] generator call logged to generator_test_eval_866_20260222_082935_818.json
[GENERATOR] Starting call test_eval_901...
[GENERATOR] Call test_eval_875 completed in 35.64s
[LOG] generator call logged to generator_test_eval_875_20260222_082937_874.json
[GENERATOR] Starting call test_eval_902...
[GENERATOR] Call test_eval_894 completed in 12.84s
[LOG] generator call logged to generator_test_eval_894_20260222_082937_965.json
[GENERATOR] Starting call test_eval_903...
[GENERATOR] Call test_eval_893 completed in 12.95s
[LOG] generator call logged to generator_test_eval_893_20260222_082938_022.json
[GENERATOR] Starting call test_eval_904...
[GENERATOR] Call test_eval_877 completed in 36.77s
[LOG] generator call logged to generator_test_eval_877_20260222_082940_426.json
[GENERATOR] Starting call test_eval_905...
[GENERATOR] Call test_eval_896 completed in 13.91s
[LOG] generator call logged to generator_test_eval_896_20260222_082941_713.json
[GENERATOR] Starting call test_eval_906...
[GENERATOR] Call test_eval_897 completed in 11.47s
[LOG] generator call logged to generator_test_eval_897_20260222_082942_782.json
[GENERATOR] Starting call test_eval_907...
[GENERATOR] Call test_eval_878 completed in 41.68s
[LOG] generator call logged to generator_test_eval_878_20260222_082945_407.json
[GENERATOR] Starting call test_eval_908...
[GENERATOR] Call test_eval_880 completed in 36.91s
[LOG] generator call logged to generator_test_eval_880_20260222_082945_510.json
[GENERATOR] Starting call test_eval_909...
[GENERATOR] Call test_eval_898 completed in 11.75s
[GENERATOR] Call test_eval_899 completed in 10.63s
[LOG] generator call logged to generator_test_eval_898_20260222_082945_639.json
[GENERATOR] Starting call test_eval_910...
[LOG] generator call logged to generator_test_eval_899_20260222_082945_640.json
[GENERATOR] Starting call test_eval_911...
[GENERATOR] Call test_eval_901 completed in 13.11s
[LOG] generator call logged to generator_test_eval_901_20260222_082948_926.json
[GENERATOR] Starting call test_eval_912...
[GENERATOR] Call test_eval_903 completed in 11.36s
[LOG] generator call logged to generator_test_eval_903_20260222_082949_329.json
[GENERATOR] Starting call test_eval_913...
[GENERATOR] Call test_eval_881 completed in 40.53s
[LOG] generator call logged to generator_test_eval_881_20260222_082949_515.json
[GENERATOR] Starting call test_eval_914...
[GENERATOR] Call test_eval_883 completed in 42.40s
[LOG] generator call logged to generator_test_eval_883_20260222_082951_383.json
[GENERATOR] Starting call test_eval_915...
[GENERATOR] Call test_eval_904 completed in 13.77s
[LOG] generator call logged to generator_test_eval_904_20260222_082951_788.json
[GENERATOR] Starting call test_eval_916...
[GENERATOR] Call test_eval_906 completed in 10.59s
[LOG] generator call logged to generator_test_eval_906_20260222_082952_303.json
[GENERATOR] Starting call test_eval_917...
[GENERATOR] Call test_eval_884 completed in 43.01s
[LOG] generator call logged to generator_test_eval_884_20260222_082954_865.json
[GENERATOR] Starting call test_eval_918...
[GENERATOR] Call test_eval_910 completed in 9.52s
[LOG] generator call logged to generator_test_eval_910_20260222_082955_166.json
[GENERATOR] Starting call test_eval_919...
Progress: 900/1805, Accuracy: 0.316
[GENERATOR] Call test_eval_907 completed in 12.93s
[LOG] generator call logged to generator_test_eval_907_20260222_082955_711.json
[GENERATOR] Starting call test_eval_920...
[GENERATOR] Call test_eval_885 completed in 45.84s
[LOG] generator call logged to generator_test_eval_885_20260222_082957_806.json
[GENERATOR] Starting call test_eval_921...
[GENERATOR] Call test_eval_882 completed in 48.86s
[LOG] generator call logged to generator_test_eval_882_20260222_082957_845.json
[GENERATOR] Starting call test_eval_922...
[GENERATOR] Call test_eval_916 completed in 7.07s
[LOG] generator call logged to generator_test_eval_916_20260222_082958_858.json
[GENERATOR] Starting call test_eval_923...
[GENERATOR] Call test_eval_888 completed in 43.95s
[LOG] generator call logged to generator_test_eval_888_20260222_083000_525.json
[GENERATOR] Starting call test_eval_924...
[GENERATOR] Call test_eval_912 completed in 12.59s
[LOG] generator call logged to generator_test_eval_912_20260222_083001_522.json
[GENERATOR] Starting call test_eval_925...
[GENERATOR] Call test_eval_889 completed in 42.82s
[LOG] generator call logged to generator_test_eval_889_20260222_083001_555.json
[GENERATOR] Starting call test_eval_926...
[GENERATOR] Call test_eval_917 completed in 10.14s
[LOG] generator call logged to generator_test_eval_917_20260222_083002_442.json
[GENERATOR] Starting call test_eval_927...
[GENERATOR] Call test_eval_918 completed in 9.95s
[LOG] generator call logged to generator_test_eval_918_20260222_083004_815.json
[GENERATOR] Starting call test_eval_928...
[GENERATOR] Call test_eval_900 completed in 29.78s
[LOG] generator call logged to generator_test_eval_900_20260222_083005_003.json
[GENERATOR] Starting call test_eval_929...
[GENERATOR] Call test_eval_895 completed in 38.61s
[LOG] generator call logged to generator_test_eval_895_20260222_083005_089.json
[GENERATOR] Starting call test_eval_930...
[GENERATOR] Call test_eval_924 completed in 4.90s
[LOG] generator call logged to generator_test_eval_924_20260222_083005_423.json
[GENERATOR] Starting call test_eval_931...
[GENERATOR] Call test_eval_902 completed in 29.96s
[LOG] generator call logged to generator_test_eval_902_20260222_083007_839.json
[GENERATOR] Starting call test_eval_932...
[GENERATOR] Call test_eval_926 completed in 7.03s
[LOG] generator call logged to generator_test_eval_926_20260222_083008_586.json
[GENERATOR] Starting call test_eval_933...
[GENERATOR] Call test_eval_905 completed in 28.24s
[LOG] generator call logged to generator_test_eval_905_20260222_083008_671.json
[GENERATOR] Starting call test_eval_934...
[GENERATOR] Call test_eval_909 completed in 24.81s
[LOG] generator call logged to generator_test_eval_909_20260222_083010_323.json
[GENERATOR] Starting call test_eval_935...
[GENERATOR] Call test_eval_925 completed in 8.87s
[LOG] generator call logged to generator_test_eval_925_20260222_083010_395.json
[GENERATOR] Starting call test_eval_936...
[GENERATOR] Call test_eval_908 completed in 26.36s
[LOG] generator call logged to generator_test_eval_908_20260222_083011_767.json
[GENERATOR] Starting call test_eval_937...
[GENERATOR] Call test_eval_932 completed in 4.22s
[LOG] generator call logged to generator_test_eval_932_20260222_083012_064.json
[GENERATOR] Starting call test_eval_938...
[GENERATOR] Call test_eval_933 completed in 5.02s
[GENERATOR] Call test_eval_911 completed in 27.96s
[LOG] generator call logged to generator_test_eval_933_20260222_083013_605.json
[GENERATOR] Starting call test_eval_939...
[LOG] generator call logged to generator_test_eval_911_20260222_083013_606.json
[GENERATOR] Starting call test_eval_940...
[GENERATOR] Call test_eval_934 completed in 6.33s
[LOG] generator call logged to generator_test_eval_934_20260222_083015_003.json
[GENERATOR] Starting call test_eval_941...
[GENERATOR] Call test_eval_937 completed in 4.80s
[LOG] generator call logged to generator_test_eval_937_20260222_083016_573.json
[GENERATOR] Starting call test_eval_942...
[GENERATOR] Call test_eval_913 completed in 27.86s
[LOG] generator call logged to generator_test_eval_913_20260222_083017_188.json
[GENERATOR] Starting call test_eval_943...
[GENERATOR] Call test_eval_938 completed in 6.87s
[LOG] generator call logged to generator_test_eval_938_20260222_083018_930.json
[GENERATOR] Starting call test_eval_944...
[GENERATOR] Call test_eval_939 completed in 6.04s
[LOG] generator call logged to generator_test_eval_939_20260222_083019_651.json
[GENERATOR] Starting call test_eval_945...
[GENERATOR] Call test_eval_914 completed in 31.77s
[LOG] generator call logged to generator_test_eval_914_20260222_083021_284.json
[GENERATOR] Starting call test_eval_946...
[GENERATOR] Call test_eval_941 completed in 8.63s
[LOG] generator call logged to generator_test_eval_941_20260222_083023_639.json
[GENERATOR] Starting call test_eval_947...
[GENERATOR] Call test_eval_915 completed in 32.87s
[LOG] generator call logged to generator_test_eval_915_20260222_083024_251.json
[GENERATOR] Starting call test_eval_948...
[GENERATOR] Call test_eval_919 completed in 32.12s
[LOG] generator call logged to generator_test_eval_919_20260222_083027_285.json
[GENERATOR] Starting call test_eval_949...
[GENERATOR] Call test_eval_920 completed in 31.70s
[LOG] generator call logged to generator_test_eval_920_20260222_083027_411.json
[GENERATOR] Starting call test_eval_950...
[GENERATOR] Call test_eval_947 completed in 3.94s
[LOG] generator call logged to generator_test_eval_947_20260222_083027_579.json
[GENERATOR] Starting call test_eval_951...
[GENERATOR] Call test_eval_921 completed in 32.62s
[LOG] generator call logged to generator_test_eval_921_20260222_083030_426.json
[GENERATOR] Starting call test_eval_952...
[GENERATOR] Call test_eval_949 completed in 3.31s
[LOG] generator call logged to generator_test_eval_949_20260222_083030_592.json
[GENERATOR] Starting call test_eval_953...
[GENERATOR] Call test_eval_922 completed in 33.10s
[LOG] generator call logged to generator_test_eval_922_20260222_083030_948.json
[GENERATOR] Starting call test_eval_954...
[GENERATOR] Call test_eval_923 completed in 3282.87s
[LOG] generator call logged to generator_test_eval_923_20260222_092441_734.json
[GENERATOR] Starting call test_eval_955...
[GENERATOR] Call test_eval_927 completed in 3283.54s
[LOG] generator call logged to generator_test_eval_927_20260222_092445_988.json
[GENERATOR] Starting call test_eval_956...
[GENERATOR] Call test_eval_955 completed in 5.29s
[LOG] generator call logged to generator_test_eval_955_20260222_092447_030.json
[GENERATOR] Starting call test_eval_957...
[GENERATOR] Call test_eval_928 completed in 3284.73s
[LOG] generator call logged to generator_test_eval_928_20260222_092449_547.json
[GENERATOR] Starting call test_eval_958...
[GENERATOR] Call test_eval_931 completed in 3285.19s
[GENERATOR] Call test_eval_957 completed in 3.59s
[LOG] generator call logged to generator_test_eval_931_20260222_092450_616.json
[GENERATOR] Starting call test_eval_959...
[LOG] generator call logged to generator_test_eval_957_20260222_092450_617.json
[GENERATOR] Starting call test_eval_960...
[GENERATOR] Call test_eval_935 completed in 3283.17s
[LOG] generator call logged to generator_test_eval_935_20260222_092453_497.json
[GENERATOR] Starting call test_eval_961...
[GENERATOR] Call test_eval_929 completed in 3290.08s
[LOG] generator call logged to generator_test_eval_929_20260222_092455_084.json
[GENERATOR] Starting call test_eval_962...
[GENERATOR] Call test_eval_930 completed in 3290.19s
[LOG] generator call logged to generator_test_eval_930_20260222_092455_283.json
[GENERATOR] Starting call test_eval_963...
[GENERATOR] Call test_eval_959 completed in 7.10s
[LOG] generator call logged to generator_test_eval_959_20260222_092457_718.json
[GENERATOR] Starting call test_eval_964...
[GENERATOR] Call test_eval_956 completed in 12.76s
[LOG] generator call logged to generator_test_eval_956_20260222_092458_749.json
[GENERATOR] Starting call test_eval_965...
[GENERATOR] Call test_eval_958 completed in 11.78s
[LOG] generator call logged to generator_test_eval_958_20260222_092501_336.json
[GENERATOR] Starting call test_eval_966...
[GENERATOR] Call test_eval_936 completed in 3291.63s
[LOG] generator call logged to generator_test_eval_936_20260222_092502_023.json
[GENERATOR] Starting call test_eval_967...
[GENERATOR] Call test_eval_940 completed in 3288.61s
[LOG] generator call logged to generator_test_eval_940_20260222_092502_220.json
[GENERATOR] Starting call test_eval_968...
[GENERATOR] Call test_eval_960 completed in 13.97s
[LOG] generator call logged to generator_test_eval_960_20260222_092504_591.json
[GENERATOR] Starting call test_eval_969...
Progress: 950/1805, Accuracy: 0.315
[GENERATOR] Call test_eval_942 completed in 3288.55s
[LOG] generator call logged to generator_test_eval_942_20260222_092505_122.json
[GENERATOR] Starting call test_eval_970...
[GENERATOR] Call test_eval_961 completed in 12.41s
[LOG] generator call logged to generator_test_eval_961_20260222_092505_905.json
[GENERATOR] Starting call test_eval_971...
[GENERATOR] Call test_eval_962 completed in 12.63s
[LOG] generator call logged to generator_test_eval_962_20260222_092507_718.json
[GENERATOR] Starting call test_eval_972...
[GENERATOR] Call test_eval_965 completed in 9.63s
[LOG] generator call logged to generator_test_eval_965_20260222_092508_385.json
[GENERATOR] Starting call test_eval_973...
[GENERATOR] Call test_eval_963 completed in 13.75s
[LOG] generator call logged to generator_test_eval_963_20260222_092509_039.json
[GENERATOR] Starting call test_eval_974...
[GENERATOR] Call test_eval_943 completed in 3294.40s
[LOG] generator call logged to generator_test_eval_943_20260222_092511_589.json
[GENERATOR] Starting call test_eval_975...
[GENERATOR] Call test_eval_964 completed in 13.92s
[LOG] generator call logged to generator_test_eval_964_20260222_092511_642.json
[GENERATOR] Starting call test_eval_976...
[GENERATOR] Call test_eval_966 completed in 11.10s
[LOG] generator call logged to generator_test_eval_966_20260222_092512_441.json
[GENERATOR] Starting call test_eval_977...
[GENERATOR] Call test_eval_953 completed in 3282.24s
[LOG] generator call logged to generator_test_eval_953_20260222_092512_836.json
[GENERATOR] Starting call test_eval_978...
[GENERATOR] Call test_eval_946 completed in 3293.60s
[LOG] generator call logged to generator_test_eval_946_20260222_092514_886.json
[GENERATOR] Starting call test_eval_979...
[GENERATOR] Call test_eval_945 completed in 3296.36s
[GENERATOR] Call test_eval_967 completed in 14.00s
[LOG] generator call logged to generator_test_eval_945_20260222_092516_018.json
[GENERATOR] Starting call test_eval_980...
[LOG] generator call logged to generator_test_eval_967_20260222_092516_025.json
[GENERATOR] Starting call test_eval_981...
[GENERATOR] Call test_eval_944 completed in 3297.50s
[LOG] generator call logged to generator_test_eval_944_20260222_092516_429.json
[GENERATOR] Starting call test_eval_982...
[GENERATOR] Call test_eval_973 completed in 9.77s
[LOG] generator call logged to generator_test_eval_973_20260222_092518_158.json
[GENERATOR] Starting call test_eval_983...
[GENERATOR] Call test_eval_974 completed in 9.63s
[LOG] generator call logged to generator_test_eval_974_20260222_092518_675.json
[GENERATOR] Starting call test_eval_984...
[GENERATOR] Call test_eval_968 completed in 16.61s
[LOG] generator call logged to generator_test_eval_968_20260222_092518_833.json
[GENERATOR] Starting call test_eval_985...
[GENERATOR] Call test_eval_948 completed in 3296.78s
[LOG] generator call logged to generator_test_eval_948_20260222_092521_031.json
[GENERATOR] Starting call test_eval_986...
[GENERATOR] Call test_eval_951 completed in 3294.23s
[LOG] generator call logged to generator_test_eval_951_20260222_092521_809.json
[GENERATOR] Starting call test_eval_987...
[GENERATOR] Call test_eval_952 completed in 3292.35s
[LOG] generator call logged to generator_test_eval_952_20260222_092522_774.json
[GENERATOR] Starting call test_eval_988...
[GENERATOR] Call test_eval_970 completed in 19.51s
[LOG] generator call logged to generator_test_eval_970_20260222_092524_633.json
[GENERATOR] Starting call test_eval_989...
[GENERATOR] Call test_eval_969 completed in 20.54s
[LOG] generator call logged to generator_test_eval_969_20260222_092525_133.json
[GENERATOR] Starting call test_eval_990...
[GENERATOR] Call test_eval_954 completed in 3294.70s
[LOG] generator call logged to generator_test_eval_954_20260222_092525_654.json
[GENERATOR] Starting call test_eval_991...
[GENERATOR] Call test_eval_971 completed in 21.37s
[LOG] generator call logged to generator_test_eval_971_20260222_092527_272.json
[GENERATOR] Starting call test_eval_992...
[GENERATOR] Call test_eval_972 completed in 20.92s
[LOG] generator call logged to generator_test_eval_972_20260222_092528_640.json
[GENERATOR] Starting call test_eval_993...
[GENERATOR] Call test_eval_977 completed in 16.88s
[LOG] generator call logged to generator_test_eval_977_20260222_092529_321.json
[GENERATOR] Starting call test_eval_994...
[GENERATOR] Call test_eval_975 completed in 18.25s
[LOG] generator call logged to generator_test_eval_975_20260222_092529_837.json
[GENERATOR] Starting call test_eval_995...
[GENERATOR] Call test_eval_950 completed in 3304.47s
[LOG] generator call logged to generator_test_eval_950_20260222_092531_885.json
[GENERATOR] Starting call test_eval_996...
[GENERATOR] Call test_eval_978 completed in 20.66s
[LOG] generator call logged to generator_test_eval_978_20260222_092533_499.json
[GENERATOR] Starting call test_eval_997...
[GENERATOR] Call test_eval_976 completed in 22.90s
[LOG] generator call logged to generator_test_eval_976_20260222_092534_547.json
[GENERATOR] Starting call test_eval_998...
[GENERATOR] Call test_eval_980 completed in 19.44s
[LOG] generator call logged to generator_test_eval_980_20260222_092535_465.json
[GENERATOR] Starting call test_eval_999...
[GENERATOR] Call test_eval_981 completed in 20.72s
[LOG] generator call logged to generator_test_eval_981_20260222_092536_747.json
[GENERATOR] Starting call test_eval_1000...
[GENERATOR] Call test_eval_982 completed in 21.00s
[LOG] generator call logged to generator_test_eval_982_20260222_092537_426.json
[GENERATOR] Starting call test_eval_1001...
[GENERATOR] Call test_eval_979 completed in 23.05s
[LOG] generator call logged to generator_test_eval_979_20260222_092537_936.json
[GENERATOR] Starting call test_eval_1002...
[GENERATOR] Call test_eval_983 completed in 21.19s
[LOG] generator call logged to generator_test_eval_983_20260222_092539_352.json
[GENERATOR] Starting call test_eval_1003...
[GENERATOR] Call test_eval_994 completed in 11.68s
[LOG] generator call logged to generator_test_eval_994_20260222_092541_004.json
[GENERATOR] Starting call test_eval_1004...
[GENERATOR] Call test_eval_985 completed in 23.23s
[LOG] generator call logged to generator_test_eval_985_20260222_092542_061.json
[GENERATOR] Starting call test_eval_1005...
[GENERATOR] Call test_eval_984 completed in 23.59s
[LOG] generator call logged to generator_test_eval_984_20260222_092542_272.json
[GENERATOR] Starting call test_eval_1006...
[GENERATOR] Call test_eval_996 completed in 10.42s
[LOG] generator call logged to generator_test_eval_996_20260222_092542_311.json
[GENERATOR] Starting call test_eval_1007...
[GENERATOR] Call test_eval_998 completed in 9.97s
[LOG] generator call logged to generator_test_eval_998_20260222_092544_523.json
[GENERATOR] Starting call test_eval_1008...
[GENERATOR] Call test_eval_986 completed in 24.36s
[LOG] generator call logged to generator_test_eval_986_20260222_092545_398.json
[GENERATOR] Starting call test_eval_1009...
[GENERATOR] Call test_eval_987 completed in 24.34s
[LOG] generator call logged to generator_test_eval_987_20260222_092546_157.json
[GENERATOR] Starting call test_eval_1010...
[GENERATOR] Call test_eval_988 completed in 25.98s
[LOG] generator call logged to generator_test_eval_988_20260222_092548_760.json
[GENERATOR] Starting call test_eval_1011...
[GENERATOR] Call test_eval_989 completed in 24.53s
[LOG] generator call logged to generator_test_eval_989_20260222_092549_166.json
[GENERATOR] Starting call test_eval_1012...
[GENERATOR] Call test_eval_1009 completed in 5.84s
[LOG] generator call logged to generator_test_eval_1009_20260222_092551_238.json
[GENERATOR] Starting call test_eval_1013...
[GENERATOR] Call test_eval_990 completed in 27.17s
[LOG] generator call logged to generator_test_eval_990_20260222_092552_302.json
[GENERATOR] Starting call test_eval_1014...
[GENERATOR] Call test_eval_1012 completed in 4.76s
[LOG] generator call logged to generator_test_eval_1012_20260222_092553_925.json
[GENERATOR] Starting call test_eval_1015...
[GENERATOR] Call test_eval_991 completed in 29.97s
[LOG] generator call logged to generator_test_eval_991_20260222_092555_622.json
[GENERATOR] Starting call test_eval_1016...
[GENERATOR] Call test_eval_1014 completed in 4.83s
[LOG] generator call logged to generator_test_eval_1014_20260222_092557_130.json
[GENERATOR] Starting call test_eval_1017...
[GENERATOR] Call test_eval_1015 completed in 5.67s
[LOG] generator call logged to generator_test_eval_1015_20260222_092559_595.json
[GENERATOR] Starting call test_eval_1018...
[GENERATOR] Call test_eval_1016 completed in 4.77s
[LOG] generator call logged to generator_test_eval_1016_20260222_092600_399.json
[GENERATOR] Starting call test_eval_1019...
Progress: 1000/1805, Accuracy: 0.313
[GENERATOR] Call test_eval_993 completed in 33.75s
[LOG] generator call logged to generator_test_eval_993_20260222_092602_396.json
[GENERATOR] Starting call test_eval_1020...
[GENERATOR] Call test_eval_992 completed in 36.49s
[LOG] generator call logged to generator_test_eval_992_20260222_092603_760.json
[GENERATOR] Starting call test_eval_1021...
[GENERATOR] Call test_eval_1018 completed in 4.50s
[LOG] generator call logged to generator_test_eval_1018_20260222_092604_097.json
[GENERATOR] Starting call test_eval_1022...
[GENERATOR] Call test_eval_995 completed in 36.15s
[LOG] generator call logged to generator_test_eval_995_20260222_092605_985.json
[GENERATOR] Starting call test_eval_1023...
[GENERATOR] Call test_eval_1021 completed in 3.40s
[LOG] generator call logged to generator_test_eval_1021_20260222_092607_158.json
[GENERATOR] Starting call test_eval_1024...
[GENERATOR] Call test_eval_997 completed in 33.83s
[LOG] generator call logged to generator_test_eval_997_20260222_092607_334.json
[GENERATOR] Starting call test_eval_1025...
[GENERATOR] Call test_eval_999 completed in 33.85s
[LOG] generator call logged to generator_test_eval_999_20260222_092609_322.json
[GENERATOR] Starting call test_eval_1026...
[GENERATOR] Call test_eval_1022 completed in 5.98s
[LOG] generator call logged to generator_test_eval_1022_20260222_092610_080.json
[GENERATOR] Starting call test_eval_1027...
[GENERATOR] Call test_eval_1000 completed in 33.54s
[LOG] generator call logged to generator_test_eval_1000_20260222_092610_293.json
[GENERATOR] Starting call test_eval_1028...
[GENERATOR] Call test_eval_1023 completed in 4.46s
[LOG] generator call logged to generator_test_eval_1023_20260222_092610_444.json
[GENERATOR] Starting call test_eval_1029...
[GENERATOR] Call test_eval_1002 completed in 35.68s
[LOG] generator call logged to generator_test_eval_1002_20260222_092613_618.json
[GENERATOR] Starting call test_eval_1030...
[GENERATOR] Call test_eval_1024 completed in 6.76s
[LOG] generator call logged to generator_test_eval_1024_20260222_092613_924.json
[GENERATOR] Starting call test_eval_1031...
[GENERATOR] Call test_eval_1025 completed in 7.09s
[LOG] generator call logged to generator_test_eval_1025_20260222_092614_421.json
[GENERATOR] Starting call test_eval_1032...
[GENERATOR] Call test_eval_1003 completed in 36.99s
[LOG] generator call logged to generator_test_eval_1003_20260222_092616_345.json
[GENERATOR] Starting call test_eval_1033...
[GENERATOR] Call test_eval_1001 completed in 39.36s
[LOG] generator call logged to generator_test_eval_1001_20260222_092616_789.json
[GENERATOR] Starting call test_eval_1034...
[GENERATOR] Call test_eval_1029 completed in 6.80s
[LOG] generator call logged to generator_test_eval_1029_20260222_092617_247.json
[GENERATOR] Starting call test_eval_1035...
[GENERATOR] Call test_eval_1026 completed in 8.62s
[LOG] generator call logged to generator_test_eval_1026_20260222_092617_942.json
[GENERATOR] Starting call test_eval_1036...
[GENERATOR] Call test_eval_1035 completed in 1.68s
[LOG] generator call logged to generator_test_eval_1035_20260222_092618_933.json
[GENERATOR] Starting call test_eval_1037...
[GENERATOR] Call test_eval_1030 completed in 6.09s
[LOG] generator call logged to generator_test_eval_1030_20260222_092619_712.json
[GENERATOR] Starting call test_eval_1038...
[GENERATOR] Call test_eval_1033 completed in 3.84s
[LOG] generator call logged to generator_test_eval_1033_20260222_092620_184.json
[GENERATOR] Starting call test_eval_1039...
[GENERATOR] Call test_eval_1037 completed in 2.31s
[LOG] generator call logged to generator_test_eval_1037_20260222_092621_250.json
[GENERATOR] Starting call test_eval_1040...
[GENERATOR] Call test_eval_1038 completed in 1.83s
[LOG] generator call logged to generator_test_eval_1038_20260222_092621_546.json
[GENERATOR] Starting call test_eval_1041...
[GENERATOR] Call test_eval_1031 completed in 8.51s
[LOG] generator call logged to generator_test_eval_1031_20260222_092622_431.json
[GENERATOR] Starting call test_eval_1042...
[GENERATOR] Call test_eval_1005 completed in 40.66s
[LOG] generator call logged to generator_test_eval_1005_20260222_092622_721.json
[GENERATOR] Starting call test_eval_1043...
[GENERATOR] Call test_eval_1004 completed in 42.11s
[LOG] generator call logged to generator_test_eval_1004_20260222_092623_111.json
[GENERATOR] Starting call test_eval_1044...
[GENERATOR] Call test_eval_1042 completed in 1.83s
[LOG] generator call logged to generator_test_eval_1042_20260222_092624_265.json
[GENERATOR] Starting call test_eval_1045...
[GENERATOR] Call test_eval_1041 completed in 4.09s
[LOG] generator call logged to generator_test_eval_1041_20260222_092625_639.json
[GENERATOR] Starting call test_eval_1046...
[GENERATOR] Call test_eval_1006 completed in 43.40s
[LOG] generator call logged to generator_test_eval_1006_20260222_092625_672.json
[GENERATOR] Starting call test_eval_1047...
[GENERATOR] Call test_eval_1007 completed in 43.92s
[LOG] generator call logged to generator_test_eval_1007_20260222_092626_232.json
[GENERATOR] Starting call test_eval_1048...
[GENERATOR] Call test_eval_1040 completed in 5.98s
[LOG] generator call logged to generator_test_eval_1040_20260222_092627_231.json
[GENERATOR] Starting call test_eval_1049...
[GENERATOR] Call test_eval_1044 completed in 5.90s
[LOG] generator call logged to generator_test_eval_1044_20260222_092629_012.json
[GENERATOR] Starting call test_eval_1050...
[GENERATOR] Call test_eval_1010 completed in 43.46s
[LOG] generator call logged to generator_test_eval_1010_20260222_092629_614.json
[GENERATOR] Starting call test_eval_1051...
[GENERATOR] Call test_eval_1046 completed in 4.61s
[LOG] generator call logged to generator_test_eval_1046_20260222_092630_249.json
[GENERATOR] Starting call test_eval_1052...
[GENERATOR] Call test_eval_1008 completed in 46.17s
[LOG] generator call logged to generator_test_eval_1008_20260222_092630_695.json
[GENERATOR] Starting call test_eval_1053...
[GENERATOR] Call test_eval_1048 completed in 5.94s
[LOG] generator call logged to generator_test_eval_1048_20260222_092632_180.json
[GENERATOR] Starting call test_eval_1054...
[GENERATOR] Call test_eval_1011 completed in 44.66s
[LOG] generator call logged to generator_test_eval_1011_20260222_092633_418.json
[GENERATOR] Starting call test_eval_1055...
[GENERATOR] Call test_eval_1013 completed in 42.98s
[LOG] generator call logged to generator_test_eval_1013_20260222_092634_217.json
[GENERATOR] Starting call test_eval_1056...
[GENERATOR] Call test_eval_1052 completed in 4.76s
[LOG] generator call logged to generator_test_eval_1052_20260222_092635_009.json
[GENERATOR] Starting call test_eval_1057...
[GENERATOR] Call test_eval_1017 completed in 39.00s
[LOG] generator call logged to generator_test_eval_1017_20260222_092636_129.json
[GENERATOR] Starting call test_eval_1058...
[GENERATOR] Call test_eval_1019 completed in 37.01s
[LOG] generator call logged to generator_test_eval_1019_20260222_092637_405.json
[GENERATOR] Starting call test_eval_1059...
[GENERATOR] Call test_eval_1055 completed in 4.49s
[LOG] generator call logged to generator_test_eval_1055_20260222_092637_906.json
[GENERATOR] Starting call test_eval_1060...
[GENERATOR] Call test_eval_1020 completed in 36.86s
[LOG] generator call logged to generator_test_eval_1020_20260222_092639_261.json
[GENERATOR] Starting call test_eval_1061...
[GENERATOR] Call test_eval_1057 completed in 6.13s
[LOG] generator call logged to generator_test_eval_1057_20260222_092641_139.json
[GENERATOR] Starting call test_eval_1062...
[GENERATOR] Call test_eval_1027 completed in 31.25s
[LOG] generator call logged to generator_test_eval_1027_20260222_092641_337.json
[GENERATOR] Starting call test_eval_1063...
[GENERATOR] Call test_eval_1028 completed in 31.87s
[LOG] generator call logged to generator_test_eval_1028_20260222_092642_168.json
[GENERATOR] Starting call test_eval_1064...
[GENERATOR] Call test_eval_1032 completed in 30.22s
[LOG] generator call logged to generator_test_eval_1032_20260222_092644_647.json
[GENERATOR] Starting call test_eval_1065...
[GENERATOR] Call test_eval_1062 completed in 4.98s
[LOG] generator call logged to generator_test_eval_1062_20260222_092646_120.json
[GENERATOR] Starting call test_eval_1066...
[GENERATOR] Call test_eval_1034 completed in 29.55s
[LOG] generator call logged to generator_test_eval_1034_20260222_092646_340.json
[GENERATOR] Starting call test_eval_1067...
[GENERATOR] Call test_eval_1063 completed in 7.29s
[LOG] generator call logged to generator_test_eval_1063_20260222_092648_625.json
[GENERATOR] Starting call test_eval_1068...
[GENERATOR] Call test_eval_1036 completed in 30.82s
[LOG] generator call logged to generator_test_eval_1036_20260222_092648_763.json
[GENERATOR] Starting call test_eval_1069...
Progress: 1050/1805, Accuracy: 0.316
[GENERATOR] Call test_eval_1064 completed in 7.41s
[LOG] generator call logged to generator_test_eval_1064_20260222_092649_579.json
[GENERATOR] Starting call test_eval_1070...
[GENERATOR] Call test_eval_1039 completed in 29.65s
[LOG] generator call logged to generator_test_eval_1039_20260222_092649_839.json
[GENERATOR] Starting call test_eval_1071...
[GENERATOR] Call test_eval_1043 completed in 29.10s
[LOG] generator call logged to generator_test_eval_1043_20260222_092651_824.json
[GENERATOR] Starting call test_eval_1072...
[GENERATOR] Call test_eval_1068 completed in 3.62s
[LOG] generator call logged to generator_test_eval_1068_20260222_092652_248.json
[GENERATOR] Starting call test_eval_1073...
[GENERATOR] Call test_eval_1045 completed in 29.70s
[LOG] generator call logged to generator_test_eval_1045_20260222_092653_963.json
[GENERATOR] Starting call test_eval_1074...
[GENERATOR] Call test_eval_1047 completed in 30.82s
[LOG] generator call logged to generator_test_eval_1047_20260222_092656_494.json
[GENERATOR] Starting call test_eval_1075...
[GENERATOR] Call test_eval_1071 completed in 6.78s
[LOG] generator call logged to generator_test_eval_1071_20260222_092656_623.json
[GENERATOR] Starting call test_eval_1076...
[GENERATOR] Call test_eval_1073 completed in 4.42s
[LOG] generator call logged to generator_test_eval_1073_20260222_092656_669.json
[GENERATOR] Starting call test_eval_1077...
[GENERATOR] Call test_eval_1049 completed in 29.52s
[LOG] generator call logged to generator_test_eval_1049_20260222_092656_749.json
[GENERATOR] Starting call test_eval_1078...
[GENERATOR] Call test_eval_1050 completed in 29.89s
[LOG] generator call logged to generator_test_eval_1050_20260222_092658_902.json
[GENERATOR] Starting call test_eval_1079...
[GENERATOR] Call test_eval_1051 completed in 29.81s
[LOG] generator call logged to generator_test_eval_1051_20260222_092659_425.json
[GENERATOR] Starting call test_eval_1080...
[GENERATOR] Call test_eval_1053 completed in 30.93s
[LOG] generator call logged to generator_test_eval_1053_20260222_092701_625.json
[GENERATOR] Starting call test_eval_1081...
[GENERATOR] Call test_eval_1054 completed in 30.54s
[LOG] generator call logged to generator_test_eval_1054_20260222_092702_720.json
[GENERATOR] Starting call test_eval_1082...
[GENERATOR] Call test_eval_1077 completed in 7.56s
[LOG] generator call logged to generator_test_eval_1077_20260222_092704_234.json
[GENERATOR] Starting call test_eval_1083...
[GENERATOR] Call test_eval_1056 completed in 31.16s
[LOG] generator call logged to generator_test_eval_1056_20260222_092705_373.json
[GENERATOR] Starting call test_eval_1084...
[GENERATOR] Call test_eval_1058 completed in 29.85s
[LOG] generator call logged to generator_test_eval_1058_20260222_092705_977.json
[GENERATOR] Starting call test_eval_1085...
[GENERATOR] Call test_eval_1079 completed in 8.60s
[LOG] generator call logged to generator_test_eval_1079_20260222_092707_508.json
[GENERATOR] Starting call test_eval_1086...
[GENERATOR] Call test_eval_1080 completed in 9.06s
[LOG] generator call logged to generator_test_eval_1080_20260222_092708_489.json
[GENERATOR] Starting call test_eval_1087...
[GENERATOR] Call test_eval_1059 completed in 31.77s
[LOG] generator call logged to generator_test_eval_1059_20260222_092709_174.json
[GENERATOR] Starting call test_eval_1088...
[GENERATOR] Call test_eval_1081 completed in 9.11s
[LOG] generator call logged to generator_test_eval_1081_20260222_092710_736.json
[GENERATOR] Starting call test_eval_1089...
[GENERATOR] Call test_eval_1086 completed in 3.82s
[LOG] generator call logged to generator_test_eval_1086_20260222_092711_328.json
[GENERATOR] Starting call test_eval_1090...
[GENERATOR] Call test_eval_1060 completed in 34.35s
[LOG] generator call logged to generator_test_eval_1060_20260222_092712_255.json
[GENERATOR] Starting call test_eval_1091...
[GENERATOR] Call test_eval_1061 completed in 33.99s
[LOG] generator call logged to generator_test_eval_1061_20260222_092713_248.json
[GENERATOR] Starting call test_eval_1092...
[GENERATOR] Call test_eval_1087 completed in 5.23s
[LOG] generator call logged to generator_test_eval_1087_20260222_092713_722.json
[GENERATOR] Starting call test_eval_1093...
[GENERATOR] Call test_eval_1065 completed in 30.75s
[LOG] generator call logged to generator_test_eval_1065_20260222_092715_393.json
[GENERATOR] Starting call test_eval_1094...
[GENERATOR] Call test_eval_1066 completed in 30.02s
[LOG] generator call logged to generator_test_eval_1066_20260222_092716_145.json
[GENERATOR] Starting call test_eval_1095...
[GENERATOR] Call test_eval_1093 completed in 3.28s
[LOG] generator call logged to generator_test_eval_1093_20260222_092717_001.json
[GENERATOR] Starting call test_eval_1096...
[GENERATOR] Call test_eval_1089 completed in 6.72s
[LOG] generator call logged to generator_test_eval_1089_20260222_092717_460.json
[GENERATOR] Starting call test_eval_1097...
[GENERATOR] Call test_eval_1067 completed in 32.55s
[LOG] generator call logged to generator_test_eval_1067_20260222_092718_898.json
[GENERATOR] Starting call test_eval_1098...
[GENERATOR] Call test_eval_1069 completed in 32.77s
[LOG] generator call logged to generator_test_eval_1069_20260222_092721_533.json
[GENERATOR] Starting call test_eval_1099...
[GENERATOR] Call test_eval_1070 completed in 32.45s
[LOG] generator call logged to generator_test_eval_1070_20260222_092722_034.json
[GENERATOR] Starting call test_eval_1100...
[GENERATOR] Call test_eval_1098 completed in 5.62s
[LOG] generator call logged to generator_test_eval_1098_20260222_092724_515.json
[GENERATOR] Starting call test_eval_1101...
[GENERATOR] Call test_eval_1072 completed in 33.51s
[LOG] generator call logged to generator_test_eval_1072_20260222_092725_335.json
[GENERATOR] Starting call test_eval_1102...
[GENERATOR] Call test_eval_1074 completed in 31.68s
[LOG] generator call logged to generator_test_eval_1074_20260222_092725_648.json
[GENERATOR] Starting call test_eval_1103...
[GENERATOR] Call test_eval_1099 completed in 4.90s
[LOG] generator call logged to generator_test_eval_1099_20260222_092726_431.json
[GENERATOR] Starting call test_eval_1104...
[GENERATOR] Call test_eval_1100 completed in 5.64s
[LOG] generator call logged to generator_test_eval_1100_20260222_092727_670.json
[GENERATOR] Starting call test_eval_1105...
[GENERATOR] Call test_eval_1076 completed in 32.97s
[LOG] generator call logged to generator_test_eval_1076_20260222_092729_593.json
[GENERATOR] Starting call test_eval_1106...
[GENERATOR] Call test_eval_1102 completed in 5.79s
[LOG] generator call logged to generator_test_eval_1102_20260222_092731_124.json
[GENERATOR] Starting call test_eval_1107...
[GENERATOR] Call test_eval_1101 completed in 6.99s
[LOG] generator call logged to generator_test_eval_1101_20260222_092731_508.json
[GENERATOR] Starting call test_eval_1108...
[GENERATOR] Call test_eval_1075 completed in 35.31s
[LOG] generator call logged to generator_test_eval_1075_20260222_092731_803.json
[GENERATOR] Starting call test_eval_1109...
[GENERATOR] Call test_eval_1082 completed in 29.95s
[LOG] generator call logged to generator_test_eval_1082_20260222_092732_670.json
[GENERATOR] Starting call test_eval_1110...
[GENERATOR] Call test_eval_1103 completed in 7.07s
[LOG] generator call logged to generator_test_eval_1103_20260222_092732_719.json
[GENERATOR] Starting call test_eval_1111...
[GENERATOR] Call test_eval_1078 completed in 37.54s
[LOG] generator call logged to generator_test_eval_1078_20260222_092734_288.json
[GENERATOR] Starting call test_eval_1112...
[GENERATOR] Call test_eval_1105 completed in 7.24s
[LOG] generator call logged to generator_test_eval_1105_20260222_092734_913.json
[GENERATOR] Starting call test_eval_1113...
[GENERATOR] Call test_eval_1106 completed in 5.84s
[LOG] generator call logged to generator_test_eval_1106_20260222_092735_436.json
[GENERATOR] Starting call test_eval_1114...
[GENERATOR] Call test_eval_1083 completed in 31.58s
[LOG] generator call logged to generator_test_eval_1083_20260222_092735_815.json
[GENERATOR] Starting call test_eval_1115...
[GENERATOR] Call test_eval_1107 completed in 6.74s
[LOG] generator call logged to generator_test_eval_1107_20260222_092737_867.json
[GENERATOR] Starting call test_eval_1116...
[GENERATOR] Call test_eval_1084 completed in 33.02s
[LOG] generator call logged to generator_test_eval_1084_20260222_092738_399.json
[GENERATOR] Starting call test_eval_1117...
[GENERATOR] Call test_eval_1085 completed in 32.43s
[LOG] generator call logged to generator_test_eval_1085_20260222_092738_408.json
[GENERATOR] Starting call test_eval_1118...
[GENERATOR] Call test_eval_1090 completed in 29.60s
[LOG] generator call logged to generator_test_eval_1090_20260222_092740_929.json
[GENERATOR] Starting call test_eval_1119...
Progress: 1100/1805, Accuracy: 0.325
[GENERATOR] Call test_eval_1088 completed in 32.30s
[LOG] generator call logged to generator_test_eval_1088_20260222_092741_473.json
[GENERATOR] Starting call test_eval_1120...
[GENERATOR] Call test_eval_1112 completed in 8.26s
[LOG] generator call logged to generator_test_eval_1112_20260222_092742_549.json
[GENERATOR] Starting call test_eval_1121...
[GENERATOR] Call test_eval_1091 completed in 32.03s
[LOG] generator call logged to generator_test_eval_1091_20260222_092744_291.json
[GENERATOR] Starting call test_eval_1122...
[GENERATOR] Call test_eval_1092 completed in 31.36s
[LOG] generator call logged to generator_test_eval_1092_20260222_092744_611.json
[GENERATOR] Starting call test_eval_1123...
[GENERATOR] Call test_eval_1118 completed in 7.16s
[LOG] generator call logged to generator_test_eval_1118_20260222_092745_566.json
[GENERATOR] Starting call test_eval_1124...
[GENERATOR] Call test_eval_1117 completed in 10.09s
[LOG] generator call logged to generator_test_eval_1117_20260222_092748_489.json
[GENERATOR] Starting call test_eval_1125...
[GENERATOR] Call test_eval_1111 completed in 16.41s
[LOG] generator call logged to generator_test_eval_1111_20260222_092749_129.json
[GENERATOR] Starting call test_eval_1126...
[GENERATOR] Call test_eval_1095 completed in 34.66s
[LOG] generator call logged to generator_test_eval_1095_20260222_092750_805.json
[GENERATOR] Starting call test_eval_1127...
[GENERATOR] Call test_eval_1094 completed in 35.88s
[LOG] generator call logged to generator_test_eval_1094_20260222_092751_271.json
[GENERATOR] Starting call test_eval_1128...
[GENERATOR] Call test_eval_1120 completed in 10.59s
[LOG] generator call logged to generator_test_eval_1120_20260222_092752_064.json
[GENERATOR] Starting call test_eval_1129...
[GENERATOR] Call test_eval_1096 completed in 36.50s
[LOG] generator call logged to generator_test_eval_1096_20260222_092753_499.json
[GENERATOR] Starting call test_eval_1130...
[GENERATOR] Call test_eval_1121 completed in 10.97s
[LOG] generator call logged to generator_test_eval_1121_20260222_092753_523.json
[GENERATOR] Starting call test_eval_1131...
[GENERATOR] Call test_eval_1097 completed in 36.97s
[LOG] generator call logged to generator_test_eval_1097_20260222_092754_434.json
[GENERATOR] Starting call test_eval_1132...
[GENERATOR] Call test_eval_1123 completed in 10.21s
[LOG] generator call logged to generator_test_eval_1123_20260222_092754_824.json
[GENERATOR] Starting call test_eval_1133...
[GENERATOR] Call test_eval_1124 completed in 10.59s
[LOG] generator call logged to generator_test_eval_1124_20260222_092756_156.json
[GENERATOR] Starting call test_eval_1134...
[GENERATOR] Call test_eval_1104 completed in 30.04s
[LOG] generator call logged to generator_test_eval_1104_20260222_092756_473.json
[GENERATOR] Starting call test_eval_1135...
[GENERATOR] Call test_eval_1125 completed in 10.11s
[LOG] generator call logged to generator_test_eval_1125_20260222_092758_598.json
[GENERATOR] Starting call test_eval_1136...
[GENERATOR] Call test_eval_1128 completed in 8.59s
[LOG] generator call logged to generator_test_eval_1128_20260222_092759_858.json
[GENERATOR] Starting call test_eval_1137...
[GENERATOR] Call test_eval_1109 completed in 28.48s
[LOG] generator call logged to generator_test_eval_1109_20260222_092800_281.json
[GENERATOR] Starting call test_eval_1138...
[GENERATOR] Call test_eval_1129 completed in 10.96s
[LOG] generator call logged to generator_test_eval_1129_20260222_092803_026.json
[GENERATOR] Starting call test_eval_1139...
[GENERATOR] Call test_eval_1130 completed in 9.75s
[LOG] generator call logged to generator_test_eval_1130_20260222_092803_253.json
[GENERATOR] Starting call test_eval_1140...
[GENERATOR] Call test_eval_1110 completed in 30.74s
[LOG] generator call logged to generator_test_eval_1110_20260222_092803_406.json
[GENERATOR] Starting call test_eval_1141...
[GENERATOR] Call test_eval_1108 completed in 32.95s
[LOG] generator call logged to generator_test_eval_1108_20260222_092804_461.json
[GENERATOR] Starting call test_eval_1142...
[GENERATOR] Call test_eval_1132 completed in 11.34s
[LOG] generator call logged to generator_test_eval_1132_20260222_092805_780.json
[GENERATOR] Starting call test_eval_1143...
[GENERATOR] Call test_eval_1113 completed in 31.44s
[LOG] generator call logged to generator_test_eval_1113_20260222_092806_358.json
[GENERATOR] Starting call test_eval_1144...
[GENERATOR] Call test_eval_1133 completed in 11.94s
[LOG] generator call logged to generator_test_eval_1133_20260222_092806_766.json
[GENERATOR] Starting call test_eval_1145...
[GENERATOR] Call test_eval_1114 completed in 31.74s
[LOG] generator call logged to generator_test_eval_1114_20260222_092807_181.json
[GENERATOR] Starting call test_eval_1146...
[GENERATOR] Call test_eval_1134 completed in 12.47s
[LOG] generator call logged to generator_test_eval_1134_20260222_092808_631.json
[GENERATOR] Starting call test_eval_1147...
[GENERATOR] Call test_eval_1115 completed in 33.25s
[LOG] generator call logged to generator_test_eval_1115_20260222_092809_063.json
[GENERATOR] Starting call test_eval_1148...
[GENERATOR] Call test_eval_1116 completed in 31.83s
[LOG] generator call logged to generator_test_eval_1116_20260222_092809_699.json
[GENERATOR] Starting call test_eval_1149...
[GENERATOR] Call test_eval_1135 completed in 13.32s
[LOG] generator call logged to generator_test_eval_1135_20260222_092809_791.json
[GENERATOR] Starting call test_eval_1150...
[GENERATOR] Call test_eval_1136 completed in 13.13s
[LOG] generator call logged to generator_test_eval_1136_20260222_092811_727.json
[GENERATOR] Starting call test_eval_1151...
[GENERATOR] Call test_eval_1138 completed in 12.90s
[LOG] generator call logged to generator_test_eval_1138_20260222_092813_188.json
[GENERATOR] Starting call test_eval_1152...
[GENERATOR] Call test_eval_1119 completed in 32.28s
[LOG] generator call logged to generator_test_eval_1119_20260222_092813_208.json
[GENERATOR] Starting call test_eval_1153...
[GENERATOR] Call test_eval_1122 completed in 29.10s
[LOG] generator call logged to generator_test_eval_1122_20260222_092813_390.json
[GENERATOR] Starting call test_eval_1154...
[GENERATOR] Call test_eval_1140 completed in 11.99s
[LOG] generator call logged to generator_test_eval_1140_20260222_092815_249.json
[GENERATOR] Starting call test_eval_1155...
[GENERATOR] Call test_eval_1141 completed in 12.68s
[LOG] generator call logged to generator_test_eval_1141_20260222_092816_084.json
[GENERATOR] Starting call test_eval_1156...
[GENERATOR] Call test_eval_1126 completed in 27.36s
[LOG] generator call logged to generator_test_eval_1126_20260222_092816_491.json
[GENERATOR] Starting call test_eval_1157...
[GENERATOR] Call test_eval_1142 completed in 14.20s
[LOG] generator call logged to generator_test_eval_1142_20260222_092818_665.json
[GENERATOR] Starting call test_eval_1158...
[GENERATOR] Call test_eval_1143 completed in 13.63s
[LOG] generator call logged to generator_test_eval_1143_20260222_092819_413.json
[GENERATOR] Starting call test_eval_1159...
[GENERATOR] Call test_eval_1131 completed in 25.99s
[LOG] generator call logged to generator_test_eval_1131_20260222_092819_517.json
[GENERATOR] Starting call test_eval_1160...
[GENERATOR] Call test_eval_1127 completed in 29.33s
[LOG] generator call logged to generator_test_eval_1127_20260222_092820_131.json
[GENERATOR] Starting call test_eval_1161...
[GENERATOR] Call test_eval_1145 completed in 14.59s
[LOG] generator call logged to generator_test_eval_1145_20260222_092821_358.json
[GENERATOR] Starting call test_eval_1162...
[GENERATOR] Call test_eval_1161 completed in 1.64s
[LOG] generator call logged to generator_test_eval_1161_20260222_092821_771.json
[GENERATOR] Starting call test_eval_1163...
[GENERATOR] Call test_eval_1147 completed in 13.49s
[LOG] generator call logged to generator_test_eval_1147_20260222_092822_120.json
[GENERATOR] Starting call test_eval_1164...
[GENERATOR] Call test_eval_1137 completed in 23.03s
[LOG] generator call logged to generator_test_eval_1137_20260222_092822_891.json
[GENERATOR] Starting call test_eval_1165...
[GENERATOR] Call test_eval_1151 completed in 12.56s
[LOG] generator call logged to generator_test_eval_1151_20260222_092824_292.json
[GENERATOR] Starting call test_eval_1166...
[GENERATOR] Call test_eval_1152 completed in 12.71s
[LOG] generator call logged to generator_test_eval_1152_20260222_092825_897.json
[GENERATOR] Starting call test_eval_1167...
[GENERATOR] Call test_eval_1139 completed in 22.94s
[LOG] generator call logged to generator_test_eval_1139_20260222_092825_967.json
[GENERATOR] Starting call test_eval_1168...
[GENERATOR] Call test_eval_1155 completed in 12.41s
[LOG] generator call logged to generator_test_eval_1155_20260222_092827_665.json
[GENERATOR] Starting call test_eval_1169...
Progress: 1150/1805, Accuracy: 0.328
[GENERATOR] Call test_eval_1144 completed in 22.26s
[LOG] generator call logged to generator_test_eval_1144_20260222_092828_618.json
[GENERATOR] Starting call test_eval_1170...
[GENERATOR] Call test_eval_1146 completed in 22.37s
[LOG] generator call logged to generator_test_eval_1146_20260222_092829_554.json
[GENERATOR] Starting call test_eval_1171...
[GENERATOR] Call test_eval_1159 completed in 10.73s
[LOG] generator call logged to generator_test_eval_1159_20260222_092830_146.json
[GENERATOR] Starting call test_eval_1172...
[GENERATOR] Call test_eval_1162 completed in 10.49s
[LOG] generator call logged to generator_test_eval_1162_20260222_092831_856.json
[GENERATOR] Starting call test_eval_1173...
[GENERATOR] Call test_eval_1148 completed in 23.17s
[LOG] generator call logged to generator_test_eval_1148_20260222_092832_238.json
[GENERATOR] Starting call test_eval_1174...
[GENERATOR] Call test_eval_1149 completed in 25.59s
[LOG] generator call logged to generator_test_eval_1149_20260222_092835_287.json
[GENERATOR] Starting call test_eval_1175...
[GENERATOR] Call test_eval_1164 completed in 13.24s
[LOG] generator call logged to generator_test_eval_1164_20260222_092835_364.json
[GENERATOR] Starting call test_eval_1176...
[GENERATOR] Call test_eval_1163 completed in 13.97s
[LOG] generator call logged to generator_test_eval_1163_20260222_092835_746.json
[GENERATOR] Starting call test_eval_1177...
[GENERATOR] Call test_eval_1150 completed in 26.56s
[LOG] generator call logged to generator_test_eval_1150_20260222_092836_351.json
[GENERATOR] Starting call test_eval_1178...
[GENERATOR] Call test_eval_1153 completed in 24.92s
[LOG] generator call logged to generator_test_eval_1153_20260222_092838_127.json
[GENERATOR] Starting call test_eval_1179...
[GENERATOR] Call test_eval_1167 completed in 12.26s
[LOG] generator call logged to generator_test_eval_1167_20260222_092838_156.json
[GENERATOR] Starting call test_eval_1180...
[GENERATOR] Call test_eval_1170 completed in 9.94s
[LOG] generator call logged to generator_test_eval_1170_20260222_092838_564.json
[GENERATOR] Starting call test_eval_1181...
[GENERATOR] Call test_eval_1154 completed in 27.07s
[LOG] generator call logged to generator_test_eval_1154_20260222_092840_461.json
[GENERATOR] Starting call test_eval_1182...
[GENERATOR] Call test_eval_1172 completed in 10.93s
[LOG] generator call logged to generator_test_eval_1172_20260222_092841_077.json
[GENERATOR] Starting call test_eval_1183...
[GENERATOR] Call test_eval_1173 completed in 10.54s
[LOG] generator call logged to generator_test_eval_1173_20260222_092842_398.json
[GENERATOR] Starting call test_eval_1184...
[GENERATOR] Call test_eval_1156 completed in 26.54s
[LOG] generator call logged to generator_test_eval_1156_20260222_092842_625.json
[GENERATOR] Starting call test_eval_1185...
[GENERATOR] Call test_eval_1157 completed in 27.49s
[LOG] generator call logged to generator_test_eval_1157_20260222_092843_987.json
[GENERATOR] Starting call test_eval_1186...
[GENERATOR] Call test_eval_1158 completed in 26.60s
[LOG] generator call logged to generator_test_eval_1158_20260222_092845_263.json
[GENERATOR] Starting call test_eval_1187...
[GENERATOR] Call test_eval_1174 completed in 13.49s
[LOG] generator call logged to generator_test_eval_1174_20260222_092845_730.json
[GENERATOR] Starting call test_eval_1188...
[GENERATOR] Call test_eval_1177 completed in 10.75s
[LOG] generator call logged to generator_test_eval_1177_20260222_092846_502.json
[GENERATOR] Starting call test_eval_1189...
[GENERATOR] Call test_eval_1160 completed in 27.99s
[LOG] generator call logged to generator_test_eval_1160_20260222_092847_512.json
[GENERATOR] Starting call test_eval_1190...
[GENERATOR] Call test_eval_1178 completed in 12.96s
[LOG] generator call logged to generator_test_eval_1178_20260222_092849_311.json
[GENERATOR] Starting call test_eval_1191...
[GENERATOR] Call test_eval_1165 completed in 27.75s
[LOG] generator call logged to generator_test_eval_1165_20260222_092850_646.json
[GENERATOR] Starting call test_eval_1192...
[GENERATOR] Call test_eval_1180 completed in 14.80s
[LOG] generator call logged to generator_test_eval_1180_20260222_092852_955.json
[GENERATOR] Starting call test_eval_1193...
[GENERATOR] Call test_eval_1184 completed in 10.69s
[LOG] generator call logged to generator_test_eval_1184_20260222_092853_092.json
[GENERATOR] Starting call test_eval_1194...
[GENERATOR] Call test_eval_1166 completed in 30.22s
[LOG] generator call logged to generator_test_eval_1166_20260222_092854_512.json
[GENERATOR] Starting call test_eval_1195...
[GENERATOR] Call test_eval_1185 completed in 13.71s
[LOG] generator call logged to generator_test_eval_1185_20260222_092856_343.json
[GENERATOR] Starting call test_eval_1196...
[GENERATOR] Call test_eval_1188 completed in 11.25s
[LOG] generator call logged to generator_test_eval_1188_20260222_092856_988.json
[GENERATOR] Starting call test_eval_1197...
[GENERATOR] Call test_eval_1168 completed in 32.23s
[LOG] generator call logged to generator_test_eval_1168_20260222_092858_200.json
[GENERATOR] Starting call test_eval_1198...
[GENERATOR] Call test_eval_1169 completed in 31.34s
[LOG] generator call logged to generator_test_eval_1169_20260222_092859_012.json
[GENERATOR] Starting call test_eval_1199...
[GENERATOR] Call test_eval_1189 completed in 13.19s
[LOG] generator call logged to generator_test_eval_1189_20260222_092859_692.json
[GENERATOR] Starting call test_eval_1200...
[GENERATOR] Call test_eval_1171 completed in 31.36s
[LOG] generator call logged to generator_test_eval_1171_20260222_092900_915.json
[GENERATOR] Starting call test_eval_1201...
[GENERATOR] Call test_eval_1175 completed in 26.92s
[LOG] generator call logged to generator_test_eval_1175_20260222_092902_214.json
[GENERATOR] Starting call test_eval_1202...
[GENERATOR] Call test_eval_1197 completed in 5.46s
[LOG] generator call logged to generator_test_eval_1197_20260222_092902_446.json
[GENERATOR] Starting call test_eval_1203...
[GENERATOR] Call test_eval_1176 completed in 29.00s
[LOG] generator call logged to generator_test_eval_1176_20260222_092904_365.json
[GENERATOR] Starting call test_eval_1204...
[GENERATOR] Call test_eval_1199 completed in 6.39s
[LOG] generator call logged to generator_test_eval_1199_20260222_092905_400.json
[GENERATOR] Starting call test_eval_1205...
[GENERATOR] Call test_eval_1198 completed in 7.21s
[LOG] generator call logged to generator_test_eval_1198_20260222_092905_409.json
[GENERATOR] Starting call test_eval_1206...
[GENERATOR] Call test_eval_1179 completed in 28.42s
[LOG] generator call logged to generator_test_eval_1179_20260222_092906_551.json
[GENERATOR] Starting call test_eval_1207...
[GENERATOR] Call test_eval_1181 completed in 29.29s
[LOG] generator call logged to generator_test_eval_1181_20260222_092907_856.json
[GENERATOR] Starting call test_eval_1208...
[GENERATOR] Call test_eval_1205 completed in 2.92s
[LOG] generator call logged to generator_test_eval_1205_20260222_092908_323.json
[GENERATOR] Starting call test_eval_1209...
[GENERATOR] Call test_eval_1200 completed in 9.48s
[LOG] generator call logged to generator_test_eval_1200_20260222_092909_175.json
[GENERATOR] Starting call test_eval_1210...
[GENERATOR] Call test_eval_1182 completed in 29.98s
[LOG] generator call logged to generator_test_eval_1182_20260222_092910_448.json
[GENERATOR] Starting call test_eval_1211...
[GENERATOR] Call test_eval_1206 completed in 5.89s
[LOG] generator call logged to generator_test_eval_1206_20260222_092911_298.json
[GENERATOR] Starting call test_eval_1212...
[GENERATOR] Call test_eval_1183 completed in 30.91s
[LOG] generator call logged to generator_test_eval_1183_20260222_092911_983.json
[GENERATOR] Starting call test_eval_1213...
[GENERATOR] Call test_eval_1209 completed in 4.52s
[LOG] generator call logged to generator_test_eval_1209_20260222_092912_843.json
[GENERATOR] Starting call test_eval_1214...
[GENERATOR] Call test_eval_1186 completed in 30.06s
[LOG] generator call logged to generator_test_eval_1186_20260222_092914_049.json
[GENERATOR] Starting call test_eval_1215...
[GENERATOR] Call test_eval_1187 completed in 30.89s
[LOG] generator call logged to generator_test_eval_1187_20260222_092916_159.json
[GENERATOR] Starting call test_eval_1216...
[GENERATOR] Call test_eval_1210 completed in 7.72s
[LOG] generator call logged to generator_test_eval_1210_20260222_092916_901.json
[GENERATOR] Starting call test_eval_1217...
[GENERATOR] Call test_eval_1190 completed in 30.04s
[LOG] generator call logged to generator_test_eval_1190_20260222_092917_551.json
[GENERATOR] Starting call test_eval_1218...
[GENERATOR] Call test_eval_1191 completed in 29.90s
[LOG] generator call logged to generator_test_eval_1191_20260222_092919_211.json
[GENERATOR] Starting call test_eval_1219...
Progress: 1200/1805, Accuracy: 0.326
[GENERATOR] Call test_eval_1213 completed in 9.17s
[LOG] generator call logged to generator_test_eval_1213_20260222_092921_154.json
[GENERATOR] Starting call test_eval_1220...
[GENERATOR] Call test_eval_1192 completed in 30.81s
[LOG] generator call logged to generator_test_eval_1192_20260222_092921_454.json
[GENERATOR] Starting call test_eval_1221...
[GENERATOR] Call test_eval_1193 completed in 29.60s
[LOG] generator call logged to generator_test_eval_1193_20260222_092922_558.json
[GENERATOR] Starting call test_eval_1222...
[GENERATOR] Call test_eval_1215 completed in 10.43s
[LOG] generator call logged to generator_test_eval_1215_20260222_092924_484.json
[GENERATOR] Starting call test_eval_1223...
[GENERATOR] Call test_eval_1194 completed in 31.96s
[LOG] generator call logged to generator_test_eval_1194_20260222_092925_052.json
[GENERATOR] Starting call test_eval_1224...
[GENERATOR] Call test_eval_1214 completed in 12.47s
[LOG] generator call logged to generator_test_eval_1214_20260222_092925_315.json
[GENERATOR] Starting call test_eval_1225...
[GENERATOR] Call test_eval_1195 completed in 31.67s
[LOG] generator call logged to generator_test_eval_1195_20260222_092926_188.json
[GENERATOR] Starting call test_eval_1226...
[GENERATOR] Call test_eval_1196 completed in 31.88s
[LOG] generator call logged to generator_test_eval_1196_20260222_092928_224.json
[GENERATOR] Starting call test_eval_1227...
[GENERATOR] Call test_eval_1218 completed in 11.21s
[LOG] generator call logged to generator_test_eval_1218_20260222_092928_761.json
[GENERATOR] Starting call test_eval_1228...
[GENERATOR] Call test_eval_1217 completed in 11.90s
[LOG] generator call logged to generator_test_eval_1217_20260222_092928_809.json
[GENERATOR] Starting call test_eval_1229...
[GENERATOR] Call test_eval_1201 completed in 28.29s
[LOG] generator call logged to generator_test_eval_1201_20260222_092929_207.json
[GENERATOR] Starting call test_eval_1230...
[GENERATOR] Call test_eval_1202 completed in 29.20s
[LOG] generator call logged to generator_test_eval_1202_20260222_092931_419.json
[GENERATOR] Starting call test_eval_1231...
[GENERATOR] Call test_eval_1220 completed in 10.93s
[LOG] generator call logged to generator_test_eval_1220_20260222_092932_088.json
[GENERATOR] Starting call test_eval_1232...
[GENERATOR] Call test_eval_1203 completed in 29.77s
[LOG] generator call logged to generator_test_eval_1203_20260222_092932_224.json
[GENERATOR] Starting call test_eval_1233...
[GENERATOR] Call test_eval_1219 completed in 15.46s
[LOG] generator call logged to generator_test_eval_1219_20260222_092934_671.json
[GENERATOR] Starting call test_eval_1234...
[GENERATOR] Call test_eval_1204 completed in 30.75s
[LOG] generator call logged to generator_test_eval_1204_20260222_092935_120.json
[GENERATOR] Starting call test_eval_1235...
[GENERATOR] Call test_eval_1221 completed in 14.58s
[LOG] generator call logged to generator_test_eval_1221_20260222_092936_038.json
[GENERATOR] Starting call test_eval_1236...
[GENERATOR] Call test_eval_1207 completed in 30.33s
[LOG] generator call logged to generator_test_eval_1207_20260222_092936_884.json
[GENERATOR] Starting call test_eval_1237...
[GENERATOR] Call test_eval_1208 completed in 30.10s
[LOG] generator call logged to generator_test_eval_1208_20260222_092937_957.json
[GENERATOR] Starting call test_eval_1238...
[GENERATOR] Call test_eval_1222 completed in 16.62s
[LOG] generator call logged to generator_test_eval_1222_20260222_092939_183.json
[GENERATOR] Starting call test_eval_1239...
[GENERATOR] Call test_eval_1211 completed in 30.88s
[LOG] generator call logged to generator_test_eval_1211_20260222_092941_330.json
[GENERATOR] Starting call test_eval_1240...
[GENERATOR] Call test_eval_1224 completed in 16.79s
[LOG] generator call logged to generator_test_eval_1224_20260222_092941_847.json
[GENERATOR] Starting call test_eval_1241...
[GENERATOR] Call test_eval_1212 completed in 30.83s
[LOG] generator call logged to generator_test_eval_1212_20260222_092942_131.json
[GENERATOR] Starting call test_eval_1242...
[GENERATOR] Call test_eval_1228 completed in 16.28s
[LOG] generator call logged to generator_test_eval_1228_20260222_092945_039.json
[GENERATOR] Starting call test_eval_1243...
[GENERATOR] Call test_eval_1216 completed in 29.19s
[LOG] generator call logged to generator_test_eval_1216_20260222_092945_354.json
[GENERATOR] Starting call test_eval_1244...
[GENERATOR] Call test_eval_1223 completed in 21.45s
[LOG] generator call logged to generator_test_eval_1223_20260222_092945_933.json
[GENERATOR] Starting call test_eval_1245...
[GENERATOR] Call test_eval_1227 completed in 19.68s
[LOG] generator call logged to generator_test_eval_1227_20260222_092947_903.json
[GENERATOR] Starting call test_eval_1246...
[GENERATOR] Call test_eval_1230 completed in 18.85s
[LOG] generator call logged to generator_test_eval_1230_20260222_092948_058.json
[GENERATOR] Starting call test_eval_1247...
[GENERATOR] Call test_eval_1225 completed in 23.90s
[LOG] generator call logged to generator_test_eval_1225_20260222_092949_219.json
[GENERATOR] Starting call test_eval_1248...
[GENERATOR] Call test_eval_1226 completed in 23.33s
[LOG] generator call logged to generator_test_eval_1226_20260222_092949_522.json
[GENERATOR] Starting call test_eval_1249...
[GENERATOR] Call test_eval_1231 completed in 19.22s
[LOG] generator call logged to generator_test_eval_1231_20260222_092950_637.json
[GENERATOR] Starting call test_eval_1250...
[GENERATOR] Call test_eval_1233 completed in 18.54s
[LOG] generator call logged to generator_test_eval_1233_20260222_092950_771.json
[GENERATOR] Starting call test_eval_1251...
[GENERATOR] Call test_eval_1229 completed in 23.67s
[LOG] generator call logged to generator_test_eval_1229_20260222_092952_484.json
[GENERATOR] Starting call test_eval_1252...
[GENERATOR] Call test_eval_1232 completed in 22.12s
[LOG] generator call logged to generator_test_eval_1232_20260222_092954_213.json
[GENERATOR] Starting call test_eval_1253...
[GENERATOR] Call test_eval_1235 completed in 19.30s
[LOG] generator call logged to generator_test_eval_1235_20260222_092954_420.json
[GENERATOR] Starting call test_eval_1254...
[GENERATOR] Call test_eval_1234 completed in 21.41s
[LOG] generator call logged to generator_test_eval_1234_20260222_092956_079.json
[GENERATOR] Starting call test_eval_1255...
[GENERATOR] Call test_eval_1237 completed in 19.65s
[LOG] generator call logged to generator_test_eval_1237_20260222_092956_533.json
[GENERATOR] Starting call test_eval_1256...
[GENERATOR] Call test_eval_1236 completed in 21.27s
[LOG] generator call logged to generator_test_eval_1236_20260222_092957_308.json
[GENERATOR] Starting call test_eval_1257...
[GENERATOR] Call test_eval_1238 completed in 20.79s
[LOG] generator call logged to generator_test_eval_1238_20260222_092958_751.json
[GENERATOR] Starting call test_eval_1258...
[GENERATOR] Call test_eval_1240 completed in 18.66s
[LOG] generator call logged to generator_test_eval_1240_20260222_092959_989.json
[GENERATOR] Starting call test_eval_1259...
[GENERATOR] Call test_eval_1242 completed in 18.12s
[LOG] generator call logged to generator_test_eval_1242_20260222_093000_257.json
[GENERATOR] Starting call test_eval_1260...
[GENERATOR] Call test_eval_1239 completed in 21.41s
[LOG] generator call logged to generator_test_eval_1239_20260222_093000_600.json
[GENERATOR] Starting call test_eval_1261...
[GENERATOR] Call test_eval_1241 completed in 20.66s
[LOG] generator call logged to generator_test_eval_1241_20260222_093002_512.json
[GENERATOR] Starting call test_eval_1262...
[GENERATOR] Call test_eval_1246 completed in 16.16s
[LOG] generator call logged to generator_test_eval_1246_20260222_093004_067.json
[GENERATOR] Starting call test_eval_1263...
[GENERATOR] Call test_eval_1247 completed in 18.45s
[LOG] generator call logged to generator_test_eval_1247_20260222_093006_517.json
[GENERATOR] Starting call test_eval_1264...
[GENERATOR] Call test_eval_1244 completed in 21.21s
[LOG] generator call logged to generator_test_eval_1244_20260222_093006_562.json
[GENERATOR] Starting call test_eval_1265...
[GENERATOR] Call test_eval_1250 completed in 16.55s
[LOG] generator call logged to generator_test_eval_1250_20260222_093007_185.json
[GENERATOR] Starting call test_eval_1266...
[GENERATOR] Call test_eval_1266 completed in 2.25s
[LOG] generator call logged to generator_test_eval_1266_20260222_093009_438.json
[GENERATOR] Starting call test_eval_1267...
[GENERATOR] Call test_eval_1256 completed in 13.31s
[LOG] generator call logged to generator_test_eval_1256_20260222_093009_842.json
[GENERATOR] Starting call test_eval_1268...
[GENERATOR] Call test_eval_1243 completed in 24.98s
[LOG] generator call logged to generator_test_eval_1243_20260222_093010_021.json
[GENERATOR] Starting call test_eval_1269...
Progress: 1250/1805, Accuracy: 0.324
[GENERATOR] Call test_eval_1253 completed in 16.99s
[LOG] generator call logged to generator_test_eval_1253_20260222_093011_202.json
[GENERATOR] Starting call test_eval_1270...
[GENERATOR] Call test_eval_1245 completed in 25.64s
[LOG] generator call logged to generator_test_eval_1245_20260222_093011_579.json
[GENERATOR] Starting call test_eval_1271...
[GENERATOR] Call test_eval_1248 completed in 24.37s
[LOG] generator call logged to generator_test_eval_1248_20260222_093013_588.json
[GENERATOR] Starting call test_eval_1272...
[GENERATOR] Call test_eval_1265 completed in 8.86s
[LOG] generator call logged to generator_test_eval_1265_20260222_093015_421.json
[GENERATOR] Starting call test_eval_1273...
[GENERATOR] Call test_eval_1268 completed in 6.37s
[LOG] generator call logged to generator_test_eval_1268_20260222_093016_216.json
[GENERATOR] Starting call test_eval_1274...
[GENERATOR] Call test_eval_1251 completed in 27.30s
[GENERATOR] Call test_eval_1249 completed in 28.55s
[LOG] generator call logged to generator_test_eval_1251_20260222_093018_070.json
[GENERATOR] Starting call test_eval_1275...
[LOG] generator call logged to generator_test_eval_1249_20260222_093018_071.json
[GENERATOR] Starting call test_eval_1276...
[GENERATOR] Call test_eval_1252 completed in 27.00s
[LOG] generator call logged to generator_test_eval_1252_20260222_093019_486.json
[GENERATOR] Starting call test_eval_1277...
[GENERATOR] Call test_eval_1269 completed in 10.52s
[LOG] generator call logged to generator_test_eval_1269_20260222_093020_553.json
[GENERATOR] Starting call test_eval_1278...
[GENERATOR] Call test_eval_1271 completed in 9.47s
[LOG] generator call logged to generator_test_eval_1271_20260222_093021_049.json
[GENERATOR] Starting call test_eval_1279...
[GENERATOR] Call test_eval_1254 completed in 26.97s
[LOG] generator call logged to generator_test_eval_1254_20260222_093021_389.json
[GENERATOR] Starting call test_eval_1280...
[GENERATOR] Call test_eval_1255 completed in 25.96s
[LOG] generator call logged to generator_test_eval_1255_20260222_093022_038.json
[GENERATOR] Starting call test_eval_1281...
[GENERATOR] Call test_eval_1272 completed in 10.30s
[LOG] generator call logged to generator_test_eval_1272_20260222_093023_890.json
[GENERATOR] Starting call test_eval_1282...
[GENERATOR] Call test_eval_1274 completed in 7.93s
[LOG] generator call logged to generator_test_eval_1274_20260222_093024_151.json
[GENERATOR] Starting call test_eval_1283...
[GENERATOR] Call test_eval_1276 completed in 9.24s
[LOG] generator call logged to generator_test_eval_1276_20260222_093027_312.json
[GENERATOR] Starting call test_eval_1284...
[GENERATOR] Call test_eval_1258 completed in 28.91s
[LOG] generator call logged to generator_test_eval_1258_20260222_093027_663.json
[GENERATOR] Starting call test_eval_1285...
[GENERATOR] Call test_eval_1257 completed in 30.38s
[LOG] generator call logged to generator_test_eval_1257_20260222_093027_692.json
[GENERATOR] Starting call test_eval_1286...
[GENERATOR] Call test_eval_1275 completed in 11.90s
[LOG] generator call logged to generator_test_eval_1275_20260222_093029_977.json
[GENERATOR] Starting call test_eval_1287...
[GENERATOR] Call test_eval_1278 completed in 11.04s
[LOG] generator call logged to generator_test_eval_1278_20260222_093031_597.json
[GENERATOR] Starting call test_eval_1288...
[GENERATOR] Call test_eval_1260 completed in 31.47s
[LOG] generator call logged to generator_test_eval_1260_20260222_093031_734.json
[GENERATOR] Starting call test_eval_1289...
[GENERATOR] Call test_eval_1259 completed in 33.26s
[LOG] generator call logged to generator_test_eval_1259_20260222_093033_252.json
[GENERATOR] Starting call test_eval_1290...
[GENERATOR] Call test_eval_1281 completed in 13.31s
[LOG] generator call logged to generator_test_eval_1281_20260222_093035_351.json
[GENERATOR] Starting call test_eval_1291...
[GENERATOR] Call test_eval_1280 completed in 15.15s
[LOG] generator call logged to generator_test_eval_1280_20260222_093036_539.json
[GENERATOR] Starting call test_eval_1292...
[GENERATOR] Call test_eval_1261 completed in 36.34s
[LOG] generator call logged to generator_test_eval_1261_20260222_093036_942.json
[GENERATOR] Starting call test_eval_1293...
[GENERATOR] Call test_eval_1284 completed in 11.16s
[LOG] generator call logged to generator_test_eval_1284_20260222_093038_474.json
[GENERATOR] Starting call test_eval_1294...
[GENERATOR] Call test_eval_1286 completed in 12.23s
[LOG] generator call logged to generator_test_eval_1286_20260222_093039_920.json
[GENERATOR] Starting call test_eval_1295...
[GENERATOR] Call test_eval_1262 completed in 37.67s
[LOG] generator call logged to generator_test_eval_1262_20260222_093040_186.json
[GENERATOR] Starting call test_eval_1296...
[GENERATOR] Call test_eval_1290 completed in 8.39s
[LOG] generator call logged to generator_test_eval_1290_20260222_093041_642.json
[GENERATOR] Starting call test_eval_1297...
[GENERATOR] Call test_eval_1263 completed in 37.71s
[LOG] generator call logged to generator_test_eval_1263_20260222_093041_779.json
[GENERATOR] Starting call test_eval_1298...
[GENERATOR] Call test_eval_1264 completed in 37.38s
[LOG] generator call logged to generator_test_eval_1264_20260222_093043_901.json
[GENERATOR] Starting call test_eval_1299...
[GENERATOR] Call test_eval_1267 completed in 35.41s
[LOG] generator call logged to generator_test_eval_1267_20260222_093044_853.json
[GENERATOR] Starting call test_eval_1300...
[GENERATOR] Call test_eval_1296 completed in 5.65s
[LOG] generator call logged to generator_test_eval_1296_20260222_093045_839.json
[GENERATOR] Starting call test_eval_1301...
[GENERATOR] Call test_eval_1273 completed in 32.08s
[LOG] generator call logged to generator_test_eval_1273_20260222_093047_502.json
[GENERATOR] Starting call test_eval_1302...
[GENERATOR] Call test_eval_1270 completed in 36.90s
[LOG] generator call logged to generator_test_eval_1270_20260222_093048_100.json
[GENERATOR] Starting call test_eval_1303...
[GENERATOR] Call test_eval_1298 completed in 8.41s
[LOG] generator call logged to generator_test_eval_1298_20260222_093050_186.json
[GENERATOR] Starting call test_eval_1304...
[GENERATOR] Call test_eval_1277 completed in 31.07s
[LOG] generator call logged to generator_test_eval_1277_20260222_093050_557.json
[GENERATOR] Starting call test_eval_1305...
[GENERATOR] Call test_eval_1297 completed in 9.88s
[LOG] generator call logged to generator_test_eval_1297_20260222_093051_523.json
[GENERATOR] Starting call test_eval_1306...
[GENERATOR] Call test_eval_1282 completed in 29.81s
[LOG] generator call logged to generator_test_eval_1282_20260222_093053_701.json
[GENERATOR] Starting call test_eval_1307...
[GENERATOR] Call test_eval_1283 completed in 33.71s
[LOG] generator call logged to generator_test_eval_1283_20260222_093057_869.json
[GENERATOR] Starting call test_eval_1308...
[GENERATOR] Call test_eval_1285 completed in 34.32s
[LOG] generator call logged to generator_test_eval_1285_20260222_093101_989.json
[GENERATOR] Starting call test_eval_1309...
[GENERATOR] Call test_eval_1307 completed in 8.67s
[LOG] generator call logged to generator_test_eval_1307_20260222_093102_370.json
[GENERATOR] Starting call test_eval_1310...
[GENERATOR] Call test_eval_1279 completed in 41.35s
[LOG] generator call logged to generator_test_eval_1279_20260222_093102_403.json
[GENERATOR] Starting call test_eval_1311...
[GENERATOR] Call test_eval_1304 completed in 14.09s
[LOG] generator call logged to generator_test_eval_1304_20260222_093104_280.json
[GENERATOR] Starting call test_eval_1312...
[GENERATOR] Call test_eval_1287 completed in 34.78s
[LOG] generator call logged to generator_test_eval_1287_20260222_093104_756.json
[GENERATOR] Starting call test_eval_1313...
[GENERATOR] Call test_eval_1289 completed in 35.67s
[LOG] generator call logged to generator_test_eval_1289_20260222_093107_406.json
[GENERATOR] Starting call test_eval_1314...
[GENERATOR] Call test_eval_1288 completed in 36.57s
[LOG] generator call logged to generator_test_eval_1288_20260222_093108_165.json
[GENERATOR] Starting call test_eval_1315...
[GENERATOR] Call test_eval_1312 completed in 4.71s
[LOG] generator call logged to generator_test_eval_1312_20260222_093108_988.json
[GENERATOR] Starting call test_eval_1316...
[GENERATOR] Call test_eval_1313 completed in 5.42s
[LOG] generator call logged to generator_test_eval_1313_20260222_093110_176.json
[GENERATOR] Starting call test_eval_1317...
[GENERATOR] Call test_eval_1291 completed in 35.79s
[LOG] generator call logged to generator_test_eval_1291_20260222_093111_147.json
[GENERATOR] Starting call test_eval_1318...
[GENERATOR] Call test_eval_1292 completed in 35.80s
[LOG] generator call logged to generator_test_eval_1292_20260222_093112_338.json
[GENERATOR] Starting call test_eval_1319...
Progress: 1300/1805, Accuracy: 0.318
[GENERATOR] Call test_eval_1315 completed in 5.43s
[LOG] generator call logged to generator_test_eval_1315_20260222_093113_597.json
[GENERATOR] Starting call test_eval_1320...
[GENERATOR] Call test_eval_1293 completed in 37.37s
[LOG] generator call logged to generator_test_eval_1293_20260222_093114_315.json
[GENERATOR] Starting call test_eval_1321...
[GENERATOR] Call test_eval_1294 completed in 36.62s
[LOG] generator call logged to generator_test_eval_1294_20260222_093115_102.json
[GENERATOR] Starting call test_eval_1322...
[GENERATOR] Call test_eval_1317 completed in 6.79s
[LOG] generator call logged to generator_test_eval_1317_20260222_093116_973.json
[GENERATOR] Starting call test_eval_1323...
[GENERATOR] Call test_eval_1295 completed in 37.91s
[LOG] generator call logged to generator_test_eval_1295_20260222_093117_832.json
[GENERATOR] Starting call test_eval_1324...
[GENERATOR] Call test_eval_1324 completed in 1.79s
[LOG] generator call logged to generator_test_eval_1324_20260222_093119_626.json
[GENERATOR] Starting call test_eval_1325...
[GENERATOR] Call test_eval_1322 completed in 5.04s
[LOG] generator call logged to generator_test_eval_1322_20260222_093120_148.json
[GENERATOR] Starting call test_eval_1326...
[GENERATOR] Call test_eval_1323 completed in 4.31s
[LOG] generator call logged to generator_test_eval_1323_20260222_093121_283.json
[GENERATOR] Starting call test_eval_1327...
[GENERATOR] Call test_eval_1325 completed in 4.92s
[LOG] generator call logged to generator_test_eval_1325_20260222_093124_552.json
[GENERATOR] Starting call test_eval_1328...
[GENERATOR] Call test_eval_1299 completed in 41.37s
[LOG] generator call logged to generator_test_eval_1299_20260222_093125_273.json
[GENERATOR] Starting call test_eval_1329...
[GENERATOR] Call test_eval_1327 completed in 6.40s
[LOG] generator call logged to generator_test_eval_1327_20260222_093127_683.json
[GENERATOR] Starting call test_eval_1330...
[GENERATOR] Call test_eval_1328 completed in 3.15s
[LOG] generator call logged to generator_test_eval_1328_20260222_093127_705.json
[GENERATOR] Starting call test_eval_1331...
[GENERATOR] Call test_eval_1300 completed in 42.93s
[LOG] generator call logged to generator_test_eval_1300_20260222_093127_785.json
[GENERATOR] Starting call test_eval_1332...
[GENERATOR] Call test_eval_1329 completed in 5.32s
[LOG] generator call logged to generator_test_eval_1329_20260222_093130_597.json
[GENERATOR] Starting call test_eval_1333...
[GENERATOR] Call test_eval_1301 completed in 47.34s
[LOG] generator call logged to generator_test_eval_1301_20260222_093133_176.json
[GENERATOR] Starting call test_eval_1334...
[GENERATOR] Call test_eval_1302 completed in 48.41s
[LOG] generator call logged to generator_test_eval_1302_20260222_093135_918.json
[GENERATOR] Starting call test_eval_1335...
[GENERATOR] Call test_eval_1305 completed in 46.31s
[LOG] generator call logged to generator_test_eval_1305_20260222_093136_864.json
[GENERATOR] Starting call test_eval_1336...
[GENERATOR] Call test_eval_1334 completed in 4.21s
[LOG] generator call logged to generator_test_eval_1334_20260222_093137_386.json
[GENERATOR] Starting call test_eval_1337...
[GENERATOR] Call test_eval_1308 completed in 41.83s
[LOG] generator call logged to generator_test_eval_1308_20260222_093139_696.json
[GENERATOR] Starting call test_eval_1338...
[GENERATOR] Call test_eval_1306 completed in 48.65s
[LOG] generator call logged to generator_test_eval_1306_20260222_093140_179.json
[GENERATOR] Starting call test_eval_1339...
[GENERATOR] Call test_eval_1309 completed in 41.64s
[LOG] generator call logged to generator_test_eval_1309_20260222_093143_632.json
[GENERATOR] Starting call test_eval_1340...
[GENERATOR] Call test_eval_1339 completed in 4.81s
[LOG] generator call logged to generator_test_eval_1339_20260222_093144_989.json
[GENERATOR] Starting call test_eval_1341...
[GENERATOR] Call test_eval_1310 completed in 45.25s
[LOG] generator call logged to generator_test_eval_1310_20260222_093147_618.json
[GENERATOR] Starting call test_eval_1342...
[GENERATOR] Call test_eval_1314 completed in 40.53s
[LOG] generator call logged to generator_test_eval_1314_20260222_093147_944.json
[GENERATOR] Starting call test_eval_1343...
[GENERATOR] Call test_eval_1316 completed in 41.71s
[LOG] generator call logged to generator_test_eval_1316_20260222_093150_696.json
[GENERATOR] Starting call test_eval_1344...
[GENERATOR] Call test_eval_1318 completed in 39.72s
[LOG] generator call logged to generator_test_eval_1318_20260222_093150_865.json
[GENERATOR] Starting call test_eval_1345...
[GENERATOR] Call test_eval_1319 completed in 42.64s
[LOG] generator call logged to generator_test_eval_1319_20260222_093154_983.json
[GENERATOR] Starting call test_eval_1346...
[GENERATOR] Call test_eval_1320 completed in 41.86s
[LOG] generator call logged to generator_test_eval_1320_20260222_093155_464.json
[GENERATOR] Starting call test_eval_1347...
[GENERATOR] Call test_eval_1326 completed in 38.19s
[LOG] generator call logged to generator_test_eval_1326_20260222_093158_346.json
[GENERATOR] Starting call test_eval_1348...
[GENERATOR] Call test_eval_1321 completed in 44.74s
[LOG] generator call logged to generator_test_eval_1321_20260222_093159_060.json
[GENERATOR] Starting call test_eval_1349...
[GENERATOR] Call test_eval_1332 completed in 33.53s
[LOG] generator call logged to generator_test_eval_1332_20260222_093201_317.json
[GENERATOR] Starting call test_eval_1350...
[GENERATOR] Call test_eval_1333 completed in 31.44s
[LOG] generator call logged to generator_test_eval_1333_20260222_093202_044.json
[GENERATOR] Starting call test_eval_1351...
[GENERATOR] Call test_eval_1347 completed in 8.04s
[LOG] generator call logged to generator_test_eval_1347_20260222_093203_507.json
[GENERATOR] Starting call test_eval_1352...
[GENERATOR] Call test_eval_1335 completed in 29.38s
[GENERATOR] Call test_eval_1338 completed in 25.60s
[LOG] generator call logged to generator_test_eval_1335_20260222_093205_296.json
[GENERATOR] Starting call test_eval_1353...
[LOG] generator call logged to generator_test_eval_1338_20260222_093205_297.json
[GENERATOR] Starting call test_eval_1354...
[GENERATOR] Call test_eval_1349 completed in 6.32s
[LOG] generator call logged to generator_test_eval_1349_20260222_093205_384.json
[GENERATOR] Starting call test_eval_1355...
[GENERATOR] Call test_eval_1350 completed in 5.21s
[LOG] generator call logged to generator_test_eval_1350_20260222_093206_529.json
[GENERATOR] Starting call test_eval_1356...
[GENERATOR] Call test_eval_1340 completed in 24.92s
[LOG] generator call logged to generator_test_eval_1340_20260222_093208_553.json
[GENERATOR] Starting call test_eval_1357...
[GENERATOR] Call test_eval_1342 completed in 25.69s
[LOG] generator call logged to generator_test_eval_1342_20260222_093213_315.json
[GENERATOR] Starting call test_eval_1358...
[GENERATOR] Call test_eval_1341 completed in 28.62s
[LOG] generator call logged to generator_test_eval_1341_20260222_093213_614.json
[GENERATOR] Starting call test_eval_1359...
[GENERATOR] Call test_eval_1358 completed in 1.94s
[LOG] generator call logged to generator_test_eval_1358_20260222_093215_255.json
[GENERATOR] Starting call test_eval_1360...
[GENERATOR] Call test_eval_1344 completed in 26.04s
[LOG] generator call logged to generator_test_eval_1344_20260222_093216_743.json
[GENERATOR] Starting call test_eval_1361...
[GENERATOR] Call test_eval_1343 completed in 28.82s
[LOG] generator call logged to generator_test_eval_1343_20260222_093216_762.json
[GENERATOR] Starting call test_eval_1362...
[GENERATOR] Call test_eval_1360 completed in 5.00s
[LOG] generator call logged to generator_test_eval_1360_20260222_093220_260.json
[GENERATOR] Starting call test_eval_1363...
[GENERATOR] Call test_eval_1346 completed in 25.33s
[LOG] generator call logged to generator_test_eval_1346_20260222_093220_315.json
[GENERATOR] Starting call test_eval_1364...
[GENERATOR] Call test_eval_1345 completed in 31.34s
[LOG] generator call logged to generator_test_eval_1345_20260222_093222_204.json
[GENERATOR] Starting call test_eval_1365...
[GENERATOR] Call test_eval_1351 completed in 22.58s
[LOG] generator call logged to generator_test_eval_1351_20260222_093224_624.json
[GENERATOR] Starting call test_eval_1366...
[GENERATOR] Call test_eval_1353 completed in 22.49s
[LOG] generator call logged to generator_test_eval_1353_20260222_093227_786.json
[GENERATOR] Starting call test_eval_1367...
[GENERATOR] Call test_eval_1352 completed in 24.49s
[LOG] generator call logged to generator_test_eval_1352_20260222_093228_004.json
[GENERATOR] Starting call test_eval_1368...
[GENERATOR] Call test_eval_1365 completed in 6.69s
[LOG] generator call logged to generator_test_eval_1365_20260222_093228_899.json
[GENERATOR] Starting call test_eval_1369...
Progress: 1350/1805, Accuracy: 0.321
[GENERATOR] Call test_eval_1356 completed in 25.58s
[LOG] generator call logged to generator_test_eval_1356_20260222_093232_116.json
[GENERATOR] Starting call test_eval_1370...
[GENERATOR] Call test_eval_1354 completed in 27.45s
[LOG] generator call logged to generator_test_eval_1354_20260222_093232_755.json
[GENERATOR] Starting call test_eval_1371...
[GENERATOR] Call test_eval_1357 completed in 26.45s
[LOG] generator call logged to generator_test_eval_1357_20260222_093235_000.json
[GENERATOR] Starting call test_eval_1372...
[GENERATOR] Call test_eval_1359 completed in 22.75s
[LOG] generator call logged to generator_test_eval_1359_20260222_093236_370.json
[GENERATOR] Starting call test_eval_1373...
[GENERATOR] Call test_eval_1370 completed in 5.10s
[LOG] generator call logged to generator_test_eval_1370_20260222_093237_221.json
[GENERATOR] Starting call test_eval_1374...
[GENERATOR] Call test_eval_1371 completed in 4.71s
[LOG] generator call logged to generator_test_eval_1371_20260222_093237_470.json
[GENERATOR] Starting call test_eval_1375...
[GENERATOR] Call test_eval_1361 completed in 21.33s
[LOG] generator call logged to generator_test_eval_1361_20260222_093238_079.json
[GENERATOR] Starting call test_eval_1376...
[GENERATOR] Call test_eval_1362 completed in 23.05s
[LOG] generator call logged to generator_test_eval_1362_20260222_093239_813.json
[GENERATOR] Starting call test_eval_1377...
[GENERATOR] Call test_eval_1364 completed in 20.93s
[LOG] generator call logged to generator_test_eval_1364_20260222_093241_249.json
[GENERATOR] Starting call test_eval_1378...
[GENERATOR] Call test_eval_1363 completed in 23.17s
[LOG] generator call logged to generator_test_eval_1363_20260222_093243_431.json
[GENERATOR] Starting call test_eval_1379...
[GENERATOR] Call test_eval_1366 completed in 20.50s
[LOG] generator call logged to generator_test_eval_1366_20260222_093245_131.json
[GENERATOR] Starting call test_eval_1380...
[GENERATOR] Call test_eval_1367 completed in 18.53s
[LOG] generator call logged to generator_test_eval_1367_20260222_093246_323.json
[GENERATOR] Starting call test_eval_1381...
[GENERATOR] Call test_eval_1376 completed in 8.92s
[LOG] generator call logged to generator_test_eval_1376_20260222_093247_008.json
[GENERATOR] Starting call test_eval_1382...
[GENERATOR] Call test_eval_1377 completed in 8.40s
[LOG] generator call logged to generator_test_eval_1377_20260222_093248_217.json
[GENERATOR] Starting call test_eval_1383...
[GENERATOR] Call test_eval_1379 completed in 6.79s
[LOG] generator call logged to generator_test_eval_1379_20260222_093250_221.json
[GENERATOR] Starting call test_eval_1384...
[GENERATOR] Call test_eval_1372 completed in 15.25s
[LOG] generator call logged to generator_test_eval_1372_20260222_093250_254.json
[GENERATOR] Starting call test_eval_1385...
[GENERATOR] Call test_eval_1381 completed in 4.91s
[LOG] generator call logged to generator_test_eval_1381_20260222_093251_232.json
[GENERATOR] Starting call test_eval_1386...
[GENERATOR] Call test_eval_1373 completed in 17.44s
[LOG] generator call logged to generator_test_eval_1373_20260222_093253_814.json
[GENERATOR] Starting call test_eval_1387...
[GENERATOR] Call test_eval_1385 completed in 3.89s
[LOG] generator call logged to generator_test_eval_1385_20260222_093254_149.json
[GENERATOR] Starting call test_eval_1388...
[GENERATOR] Call test_eval_1374 completed in 19.31s
[LOG] generator call logged to generator_test_eval_1374_20260222_093256_529.json
[GENERATOR] Starting call test_eval_1389...
[GENERATOR] Call test_eval_1378 completed in 18.29s
[LOG] generator call logged to generator_test_eval_1378_20260222_093259_543.json
[GENERATOR] Starting call test_eval_1390...
[GENERATOR] Call test_eval_1375 completed in 23.85s
[LOG] generator call logged to generator_test_eval_1375_20260222_093301_323.json
[GENERATOR] Starting call test_eval_1391...
[GENERATOR] Call test_eval_1389 completed in 5.85s
[LOG] generator call logged to generator_test_eval_1389_20260222_093302_381.json
[GENERATOR] Starting call test_eval_1392...
[GENERATOR] Call test_eval_1382 completed in 18.35s
[LOG] generator call logged to generator_test_eval_1382_20260222_093305_363.json
[GENERATOR] Starting call test_eval_1393...
[GENERATOR] Call test_eval_1392 completed in 4.46s
[LOG] generator call logged to generator_test_eval_1392_20260222_093306_839.json
[GENERATOR] Starting call test_eval_1394...
[GENERATOR] Call test_eval_1383 completed in 20.65s
[LOG] generator call logged to generator_test_eval_1383_20260222_093308_869.json
[GENERATOR] Starting call test_eval_1395...
[GENERATOR] Call test_eval_1393 completed in 5.28s
[LOG] generator call logged to generator_test_eval_1393_20260222_093310_642.json
[GENERATOR] Starting call test_eval_1396...
[GENERATOR] Call test_eval_1384 completed in 21.98s
[LOG] generator call logged to generator_test_eval_1384_20260222_093312_200.json
[GENERATOR] Starting call test_eval_1397...
[GENERATOR] Call test_eval_1386 completed in 21.27s
[LOG] generator call logged to generator_test_eval_1386_20260222_093312_505.json
[GENERATOR] Starting call test_eval_1398...
[GENERATOR] Call test_eval_1387 completed in 22.01s
[LOG] generator call logged to generator_test_eval_1387_20260222_093315_831.json
[GENERATOR] Starting call test_eval_1399...
[GENERATOR] Call test_eval_1395 completed in 7.87s
[LOG] generator call logged to generator_test_eval_1395_20260222_093316_738.json
[GENERATOR] Starting call test_eval_1400...
[GENERATOR] Call test_eval_1388 completed in 25.59s
[LOG] generator call logged to generator_test_eval_1388_20260222_093319_738.json
[GENERATOR] Starting call test_eval_1401...
[GENERATOR] Call test_eval_1391 completed in 21.25s
[LOG] generator call logged to generator_test_eval_1391_20260222_093322_572.json
[GENERATOR] Starting call test_eval_1402...
[GENERATOR] Call test_eval_1390 completed in 23.31s
[LOG] generator call logged to generator_test_eval_1390_20260222_093322_857.json
[GENERATOR] Starting call test_eval_1403...
[GENERATOR] Call test_eval_1394 completed in 21.42s
[LOG] generator call logged to generator_test_eval_1394_20260222_093328_257.json
[GENERATOR] Starting call test_eval_1404...
[GENERATOR] Call test_eval_1401 completed in 8.55s
[LOG] generator call logged to generator_test_eval_1401_20260222_093328_293.json
[GENERATOR] Starting call test_eval_1405...
[GENERATOR] Call test_eval_1396 completed in 19.94s
[LOG] generator call logged to generator_test_eval_1396_20260222_093330_587.json
[GENERATOR] Starting call test_eval_1406...
[GENERATOR] Call test_eval_1397 completed in 18.91s
[LOG] generator call logged to generator_test_eval_1397_20260222_093331_115.json
[GENERATOR] Starting call test_eval_1407...
[GENERATOR] Call test_eval_1403 completed in 9.32s
[LOG] generator call logged to generator_test_eval_1403_20260222_093332_175.json
[GENERATOR] Starting call test_eval_1408...
[GENERATOR] Call test_eval_1402 completed in 10.24s
[LOG] generator call logged to generator_test_eval_1402_20260222_093332_810.json
[GENERATOR] Starting call test_eval_1409...
[GENERATOR] Call test_eval_1398 completed in 21.03s
[LOG] generator call logged to generator_test_eval_1398_20260222_093333_540.json
[GENERATOR] Starting call test_eval_1410...
[GENERATOR] Call test_eval_1399 completed in 18.73s
[LOG] generator call logged to generator_test_eval_1399_20260222_093334_559.json
[GENERATOR] Starting call test_eval_1411...
[GENERATOR] Call test_eval_1404 completed in 6.98s
[LOG] generator call logged to generator_test_eval_1404_20260222_093335_238.json
[GENERATOR] Starting call test_eval_1412...
[GENERATOR] Call test_eval_1405 completed in 8.05s
[LOG] generator call logged to generator_test_eval_1405_20260222_093336_342.json
[GENERATOR] Starting call test_eval_1413...
[GENERATOR] Call test_eval_1400 completed in 20.36s
[LOG] generator call logged to generator_test_eval_1400_20260222_093337_105.json
[GENERATOR] Starting call test_eval_1414...
[GENERATOR] Call test_eval_1406 completed in 7.26s
[LOG] generator call logged to generator_test_eval_1406_20260222_093337_844.json
[GENERATOR] Starting call test_eval_1415...
[GENERATOR] Call test_eval_1408 completed in 5.89s
[LOG] generator call logged to generator_test_eval_1408_20260222_093338_065.json
[GENERATOR] Starting call test_eval_1416...
[GENERATOR] Call test_eval_1407 completed in 8.38s
[LOG] generator call logged to generator_test_eval_1407_20260222_093339_495.json
[GENERATOR] Starting call test_eval_1417...
[GENERATOR] Call test_eval_1410 completed in 6.90s
[LOG] generator call logged to generator_test_eval_1410_20260222_093340_442.json
[GENERATOR] Starting call test_eval_1418...
[GENERATOR] Call test_eval_1409 completed in 8.59s
[LOG] generator call logged to generator_test_eval_1409_20260222_093341_406.json
[GENERATOR] Starting call test_eval_1419...
Progress: 1400/1805, Accuracy: 0.323
[GENERATOR] Call test_eval_1411 completed in 6.89s
[LOG] generator call logged to generator_test_eval_1411_20260222_093341_448.json
[GENERATOR] Starting call test_eval_1420...
[GENERATOR] Call test_eval_1417 completed in 4.32s
[LOG] generator call logged to generator_test_eval_1417_20260222_093343_821.json
[GENERATOR] Starting call test_eval_1421...
[GENERATOR] Call test_eval_1412 completed in 9.40s
[LOG] generator call logged to generator_test_eval_1412_20260222_093344_637.json
[GENERATOR] Starting call test_eval_1422...
[GENERATOR] Call test_eval_1418 completed in 5.14s
[LOG] generator call logged to generator_test_eval_1418_20260222_093345_583.json
[GENERATOR] Starting call test_eval_1423...
[GENERATOR] Call test_eval_1413 completed in 12.63s
[LOG] generator call logged to generator_test_eval_1413_20260222_093348_974.json
[GENERATOR] Starting call test_eval_1424...
[GENERATOR] Call test_eval_1420 completed in 8.33s
[LOG] generator call logged to generator_test_eval_1420_20260222_093349_779.json
[GENERATOR] Starting call test_eval_1425...
[GENERATOR] Call test_eval_1415 completed in 14.63s
[LOG] generator call logged to generator_test_eval_1415_20260222_093352_478.json
[GENERATOR] Starting call test_eval_1426...
[GENERATOR] Call test_eval_1414 completed in 16.08s
[LOG] generator call logged to generator_test_eval_1414_20260222_093353_183.json
[GENERATOR] Starting call test_eval_1427...
[GENERATOR] Call test_eval_1416 completed in 17.43s
[LOG] generator call logged to generator_test_eval_1416_20260222_093355_499.json
[GENERATOR] Starting call test_eval_1428...
[GENERATOR] Call test_eval_1419 completed in 15.93s
[LOG] generator call logged to generator_test_eval_1419_20260222_093357_337.json
[GENERATOR] Starting call test_eval_1429...
[GENERATOR] Call test_eval_1422 completed in 14.49s
[LOG] generator call logged to generator_test_eval_1422_20260222_093359_123.json
[GENERATOR] Starting call test_eval_1430...
[GENERATOR] Call test_eval_1427 completed in 6.77s
[LOG] generator call logged to generator_test_eval_1427_20260222_093359_960.json
[GENERATOR] Starting call test_eval_1431...
[GENERATOR] Call test_eval_1424 completed in 11.21s
[LOG] generator call logged to generator_test_eval_1424_20260222_093400_185.json
[GENERATOR] Starting call test_eval_1432...
[GENERATOR] Call test_eval_1428 completed in 7.86s
[LOG] generator call logged to generator_test_eval_1428_20260222_093403_362.json
[GENERATOR] Starting call test_eval_1433...
[GENERATOR] Call test_eval_1430 completed in 5.19s
[LOG] generator call logged to generator_test_eval_1430_20260222_093404_316.json
[GENERATOR] Starting call test_eval_1434...
[GENERATOR] Call test_eval_1425 completed in 14.64s
[LOG] generator call logged to generator_test_eval_1425_20260222_093404_421.json
[GENERATOR] Starting call test_eval_1435...
[GENERATOR] Call test_eval_1426 completed in 12.63s
[LOG] generator call logged to generator_test_eval_1426_20260222_093405_113.json
[GENERATOR] Starting call test_eval_1436...
[GENERATOR] Call test_eval_1429 completed in 9.97s
[LOG] generator call logged to generator_test_eval_1429_20260222_093407_313.json
[GENERATOR] Starting call test_eval_1437...
[GENERATOR] Call test_eval_1434 completed in 5.00s
[LOG] generator call logged to generator_test_eval_1434_20260222_093409_319.json
[GENERATOR] Starting call test_eval_1438...
[GENERATOR] Call test_eval_1431 completed in 9.65s
[LOG] generator call logged to generator_test_eval_1431_20260222_093409_608.json
[GENERATOR] Starting call test_eval_1439...
[GENERATOR] Call test_eval_1432 completed in 11.67s
[LOG] generator call logged to generator_test_eval_1432_20260222_093411_855.json
[GENERATOR] Starting call test_eval_1440...
[GENERATOR] Call test_eval_1435 completed in 8.27s
[LOG] generator call logged to generator_test_eval_1435_20260222_093412_693.json
[GENERATOR] Starting call test_eval_1441...
[GENERATOR] Call test_eval_1437 completed in 5.43s
[LOG] generator call logged to generator_test_eval_1437_20260222_093412_745.json
[GENERATOR] Starting call test_eval_1442...
[GENERATOR] Call test_eval_1433 completed in 10.53s
[LOG] generator call logged to generator_test_eval_1433_20260222_093413_899.json
[GENERATOR] Starting call test_eval_1443...
[GENERATOR] Call test_eval_1440 completed in 3.54s
[LOG] generator call logged to generator_test_eval_1440_20260222_093415_393.json
[GENERATOR] Starting call test_eval_1444...
[GENERATOR] Call test_eval_1439 completed in 6.63s
[LOG] generator call logged to generator_test_eval_1439_20260222_093416_236.json
[GENERATOR] Starting call test_eval_1445...
[GENERATOR] Call test_eval_1436 completed in 12.21s
[LOG] generator call logged to generator_test_eval_1436_20260222_093417_326.json
[GENERATOR] Starting call test_eval_1446...
[GENERATOR] Call test_eval_1442 completed in 5.15s
[LOG] generator call logged to generator_test_eval_1442_20260222_093417_892.json
[GENERATOR] Starting call test_eval_1447...
[GENERATOR] Call test_eval_1443 completed in 5.88s
[LOG] generator call logged to generator_test_eval_1443_20260222_093419_778.json
[GENERATOR] Starting call test_eval_1448...
[GENERATOR] Call test_eval_1444 completed in 6.85s
[LOG] generator call logged to generator_test_eval_1444_20260222_093422_242.json
[GENERATOR] Starting call test_eval_1449...
[GENERATOR] Call test_eval_1441 completed in 9.62s
[LOG] generator call logged to generator_test_eval_1441_20260222_093422_312.json
[GENERATOR] Starting call test_eval_1450...
[GENERATOR] Call test_eval_1446 completed in 7.76s
[LOG] generator call logged to generator_test_eval_1446_20260222_093425_088.json
[GENERATOR] Starting call test_eval_1451...
[GENERATOR] Call test_eval_1448 completed in 6.15s
[LOG] generator call logged to generator_test_eval_1448_20260222_093425_928.json
[GENERATOR] Starting call test_eval_1452...
[GENERATOR] Call test_eval_1445 completed in 9.99s
[LOG] generator call logged to generator_test_eval_1445_20260222_093426_231.json
[GENERATOR] Starting call test_eval_1453...
[GENERATOR] Call test_eval_1451 completed in 2.91s
[LOG] generator call logged to generator_test_eval_1451_20260222_093427_997.json
[GENERATOR] Starting call test_eval_1454...
[GENERATOR] Call test_eval_1449 completed in 7.32s
[LOG] generator call logged to generator_test_eval_1449_20260222_093429_562.json
[GENERATOR] Starting call test_eval_1455...
[GENERATOR] Call test_eval_1453 completed in 4.98s
[LOG] generator call logged to generator_test_eval_1453_20260222_093431_210.json
[GENERATOR] Starting call test_eval_1456...
[GENERATOR] Call test_eval_1450 completed in 9.13s
[LOG] generator call logged to generator_test_eval_1450_20260222_093431_443.json
[GENERATOR] Starting call test_eval_1457...
[GENERATOR] Call test_eval_1452 completed in 7.17s
[LOG] generator call logged to generator_test_eval_1452_20260222_093433_104.json
[GENERATOR] Starting call test_eval_1458...
[GENERATOR] Call test_eval_1454 completed in 7.23s
[LOG] generator call logged to generator_test_eval_1454_20260222_093435_226.json
[GENERATOR] Starting call test_eval_1459...
[GENERATOR] Call test_eval_1456 completed in 4.78s
[LOG] generator call logged to generator_test_eval_1456_20260222_093435_995.json
[GENERATOR] Starting call test_eval_1460...
[GENERATOR] Call test_eval_1458 completed in 7.14s
[LOG] generator call logged to generator_test_eval_1458_20260222_093440_248.json
[GENERATOR] Starting call test_eval_1461...
[GENERATOR] Call test_eval_1457 completed in 10.49s
[LOG] generator call logged to generator_test_eval_1457_20260222_093441_938.json
[GENERATOR] Starting call test_eval_1462...
[GENERATOR] Call test_eval_1455 completed in 12.57s
[LOG] generator call logged to generator_test_eval_1455_20260222_093442_129.json
[GENERATOR] Starting call test_eval_1463...
[GENERATOR] Call test_eval_1460 completed in 6.50s
[LOG] generator call logged to generator_test_eval_1460_20260222_093442_499.json
[GENERATOR] Starting call test_eval_1464...
[GENERATOR] Call test_eval_1459 completed in 8.97s
[LOG] generator call logged to generator_test_eval_1459_20260222_093444_200.json
[GENERATOR] Starting call test_eval_1465...
[GENERATOR] Call test_eval_1461 completed in 4.80s
[LOG] generator call logged to generator_test_eval_1461_20260222_093445_055.json
[GENERATOR] Starting call test_eval_1466...
[GENERATOR] Call test_eval_1463 completed in 3.15s
[LOG] generator call logged to generator_test_eval_1463_20260222_093445_286.json
[GENERATOR] Starting call test_eval_1467...
[GENERATOR] Call test_eval_1462 completed in 4.14s
[LOG] generator call logged to generator_test_eval_1462_20260222_093446_078.json
[GENERATOR] Starting call test_eval_1468...
[GENERATOR] Call test_eval_1465 completed in 3.02s
[LOG] generator call logged to generator_test_eval_1465_20260222_093447_218.json
[GENERATOR] Starting call test_eval_1469...
Progress: 1450/1805, Accuracy: 0.322
[GENERATOR] Call test_eval_1466 completed in 4.22s
[LOG] generator call logged to generator_test_eval_1466_20260222_093449_273.json
[GENERATOR] Starting call test_eval_1470...
[GENERATOR] Call test_eval_1468 completed in 4.68s
[LOG] generator call logged to generator_test_eval_1468_20260222_093450_763.json
[GENERATOR] Starting call test_eval_1471...
[GENERATOR] Call test_eval_1467 completed in 5.49s
[LOG] generator call logged to generator_test_eval_1467_20260222_093450_780.json
[GENERATOR] Starting call test_eval_1472...
[GENERATOR] Call test_eval_1469 completed in 5.67s
[LOG] generator call logged to generator_test_eval_1469_20260222_093452_885.json
[GENERATOR] Starting call test_eval_1473...
[GENERATOR] Call test_eval_1472 completed in 5.41s
[LOG] generator call logged to generator_test_eval_1472_20260222_093456_196.json
[GENERATOR] Starting call test_eval_1474...
[GENERATOR] Call test_eval_1470 completed in 8.38s
[LOG] generator call logged to generator_test_eval_1470_20260222_093457_654.json
[GENERATOR] Starting call test_eval_1475...
[GENERATOR] Call test_eval_1473 completed in 7.73s
[LOG] generator call logged to generator_test_eval_1473_20260222_093500_621.json
[GENERATOR] Starting call test_eval_1476...
[GENERATOR] Call test_eval_1474 completed in 5.87s
[LOG] generator call logged to generator_test_eval_1474_20260222_093502_067.json
[GENERATOR] Starting call test_eval_1477...
[GENERATOR] Call test_eval_1476 completed in 3.89s
[LOG] generator call logged to generator_test_eval_1476_20260222_093504_515.json
[GENERATOR] Starting call test_eval_1478...
[GENERATOR] Call test_eval_1475 completed in 7.62s
[LOG] generator call logged to generator_test_eval_1475_20260222_093505_277.json
[GENERATOR] Starting call test_eval_1479...
[GENERATOR] Call test_eval_1477 completed in 5.03s
[LOG] generator call logged to generator_test_eval_1477_20260222_093507_099.json
[GENERATOR] Starting call test_eval_1480...
[GENERATOR] Call test_eval_1478 completed in 3.70s
[LOG] generator call logged to generator_test_eval_1478_20260222_093508_220.json
[GENERATOR] Starting call test_eval_1481...
[GENERATOR] Call test_eval_1479 completed in 4.48s
[LOG] generator call logged to generator_test_eval_1479_20260222_093509_757.json
[GENERATOR] Starting call test_eval_1482...
[GENERATOR] Call test_eval_1311 completed in 250.98s
[LOG] generator call logged to generator_test_eval_1311_20260222_093513_389.json
[GENERATOR] Starting call test_eval_1483...
[GENERATOR] Call test_eval_1480 completed in 6.75s
[LOG] generator call logged to generator_test_eval_1480_20260222_093513_854.json
[GENERATOR] Starting call test_eval_1484...
[GENERATOR] Call test_eval_1481 completed in 7.88s
[LOG] generator call logged to generator_test_eval_1481_20260222_093516_100.json
[GENERATOR] Starting call test_eval_1485...
[GENERATOR] Call test_eval_1336 completed in 220.45s
[LOG] generator call logged to generator_test_eval_1336_20260222_093517_312.json
[GENERATOR] Starting call test_eval_1486...
[GENERATOR] Call test_eval_1482 completed in 7.65s
[LOG] generator call logged to generator_test_eval_1482_20260222_093517_414.json
[GENERATOR] Starting call test_eval_1487...
[GENERATOR] Call test_eval_1355 completed in 192.51s
[LOG] generator call logged to generator_test_eval_1355_20260222_093517_893.json
[GENERATOR] Starting call test_eval_1488...
[GENERATOR] Call test_eval_1486 completed in 3.29s
[LOG] generator call logged to generator_test_eval_1486_20260222_093520_607.json
[GENERATOR] Starting call test_eval_1489...
[GENERATOR] Call test_eval_1484 completed in 7.33s
[LOG] generator call logged to generator_test_eval_1484_20260222_093521_185.json
[GENERATOR] Starting call test_eval_1490...
[GENERATOR] Call test_eval_1337 completed in 224.34s
[LOG] generator call logged to generator_test_eval_1337_20260222_093521_730.json
[GENERATOR] Starting call test_eval_1491...
[GENERATOR] Call test_eval_1331 completed in 235.07s
[LOG] generator call logged to generator_test_eval_1331_20260222_093522_781.json
[GENERATOR] Starting call test_eval_1492...
[GENERATOR] Call test_eval_1487 completed in 6.39s
[LOG] generator call logged to generator_test_eval_1487_20260222_093523_808.json
[GENERATOR] Starting call test_eval_1493...
[GENERATOR] Call test_eval_1488 completed in 6.55s
[LOG] generator call logged to generator_test_eval_1488_20260222_093524_443.json
[GENERATOR] Starting call test_eval_1494...
[GENERATOR] Call test_eval_1348 completed in 207.26s
[LOG] generator call logged to generator_test_eval_1348_20260222_093525_608.json
[GENERATOR] Starting call test_eval_1495...
[GENERATOR] Call test_eval_1490 completed in 6.45s
[LOG] generator call logged to generator_test_eval_1490_20260222_093527_641.json
[GENERATOR] Starting call test_eval_1496...
[GENERATOR] Call test_eval_1380 completed in 163.65s
[LOG] generator call logged to generator_test_eval_1380_20260222_093528_783.json
[GENERATOR] Starting call test_eval_1497...
[GENERATOR] Call test_eval_1491 completed in 7.23s
[LOG] generator call logged to generator_test_eval_1491_20260222_093528_967.json
[GENERATOR] Starting call test_eval_1498...
[GENERATOR] Call test_eval_1495 completed in 5.10s
[LOG] generator call logged to generator_test_eval_1495_20260222_093530_711.json
[GENERATOR] Starting call test_eval_1499...
[GENERATOR] Call test_eval_1438 completed in 82.78s
[LOG] generator call logged to generator_test_eval_1438_20260222_093532_107.json
[GENERATOR] Starting call test_eval_1500...
[GENERATOR] Call test_eval_1303 completed in 286.09s
[LOG] generator call logged to generator_test_eval_1303_20260222_093534_193.json
[GENERATOR] Starting call test_eval_1501...
[GENERATOR] Call test_eval_1498 completed in 6.12s
[LOG] generator call logged to generator_test_eval_1498_20260222_093535_088.json
[GENERATOR] Starting call test_eval_1502...
[GENERATOR] Call test_eval_1423 completed in 110.27s
[LOG] generator call logged to generator_test_eval_1423_20260222_093535_849.json
[GENERATOR] Starting call test_eval_1503...
[GENERATOR] Call test_eval_1330 completed in 249.16s
[LOG] generator call logged to generator_test_eval_1330_20260222_093536_847.json
[GENERATOR] Starting call test_eval_1504...
[GENERATOR] Call test_eval_1368 completed in 191.61s
[LOG] generator call logged to generator_test_eval_1368_20260222_093539_615.json
[GENERATOR] Starting call test_eval_1505...
[GENERATOR] Call test_eval_1501 completed in 5.88s
[LOG] generator call logged to generator_test_eval_1501_20260222_093540_080.json
[GENERATOR] Starting call test_eval_1506...
[GENERATOR] Call test_eval_1500 completed in 8.06s
[LOG] generator call logged to generator_test_eval_1500_20260222_093540_169.json
[GENERATOR] Starting call test_eval_1507...
[GENERATOR] Call test_eval_1471 completed in 50.66s
[LOG] generator call logged to generator_test_eval_1471_20260222_093541_428.json
[GENERATOR] Starting call test_eval_1508...
[GENERATOR] Call test_eval_1421 completed in 120.22s
[LOG] generator call logged to generator_test_eval_1421_20260222_093544_042.json
[GENERATOR] Starting call test_eval_1509...
[GENERATOR] Call test_eval_1506 completed in 4.00s
[LOG] generator call logged to generator_test_eval_1506_20260222_093544_079.json
[GENERATOR] Starting call test_eval_1510...
[GENERATOR] Call test_eval_1507 completed in 4.23s
[LOG] generator call logged to generator_test_eval_1507_20260222_093544_397.json
[GENERATOR] Starting call test_eval_1511...
[GENERATOR] Call test_eval_1464 completed in 63.39s
[LOG] generator call logged to generator_test_eval_1464_20260222_093545_893.json
[GENERATOR] Starting call test_eval_1512...
[GENERATOR] Call test_eval_1369 completed in 198.09s
[LOG] generator call logged to generator_test_eval_1369_20260222_093546_988.json
[GENERATOR] Starting call test_eval_1513...
[GENERATOR] Call test_eval_1511 completed in 4.05s
[LOG] generator call logged to generator_test_eval_1511_20260222_093548_447.json
[GENERATOR] Starting call test_eval_1514...
[GENERATOR] Call test_eval_1483 completed in 36.57s
[LOG] generator call logged to generator_test_eval_1483_20260222_093549_958.json
[GENERATOR] Starting call test_eval_1515...
[GENERATOR] Call test_eval_1508 completed in 8.59s
[LOG] generator call logged to generator_test_eval_1508_20260222_093550_019.json
[GENERATOR] Starting call test_eval_1516...
[GENERATOR] Call test_eval_1447 completed in 92.99s
[LOG] generator call logged to generator_test_eval_1447_20260222_093550_884.json
[GENERATOR] Starting call test_eval_1517...
[GENERATOR] Call test_eval_1516 completed in 2.90s
[LOG] generator call logged to generator_test_eval_1516_20260222_093552_920.json
[GENERATOR] Starting call test_eval_1518...
[GENERATOR] Call test_eval_1485 completed in 37.30s
[LOG] generator call logged to generator_test_eval_1485_20260222_093553_398.json
[GENERATOR] Starting call test_eval_1519...
Progress: 1500/1805, Accuracy: 0.319
[GENERATOR] Call test_eval_1513 completed in 6.79s
[LOG] generator call logged to generator_test_eval_1513_20260222_093553_785.json
[GENERATOR] Starting call test_eval_1520...
[GENERATOR] Call test_eval_1489 completed in 34.25s
[LOG] generator call logged to generator_test_eval_1489_20260222_093554_863.json
[GENERATOR] Starting call test_eval_1521...
[GENERATOR] Call test_eval_1517 completed in 5.79s
[LOG] generator call logged to generator_test_eval_1517_20260222_093556_675.json
[GENERATOR] Starting call test_eval_1522...
[GENERATOR] Call test_eval_1518 completed in 4.56s
[LOG] generator call logged to generator_test_eval_1518_20260222_093557_484.json
[GENERATOR] Starting call test_eval_1523...
[GENERATOR] Call test_eval_1493 completed in 34.27s
[LOG] generator call logged to generator_test_eval_1493_20260222_093558_079.json
[GENERATOR] Starting call test_eval_1524...
[GENERATOR] Call test_eval_1492 completed in 35.95s
[LOG] generator call logged to generator_test_eval_1492_20260222_093558_738.json
[GENERATOR] Starting call test_eval_1525...
[GENERATOR] Call test_eval_1521 completed in 5.56s
[LOG] generator call logged to generator_test_eval_1521_20260222_093600_421.json
[GENERATOR] Starting call test_eval_1526...
[GENERATOR] Call test_eval_1494 completed in 36.49s
[LOG] generator call logged to generator_test_eval_1494_20260222_093600_931.json
[GENERATOR] Starting call test_eval_1527...
[GENERATOR] Call test_eval_1496 completed in 33.87s
[LOG] generator call logged to generator_test_eval_1496_20260222_093601_513.json
[GENERATOR] Starting call test_eval_1528...
[GENERATOR] Call test_eval_1522 completed in 4.92s
[LOG] generator call logged to generator_test_eval_1522_20260222_093601_601.json
[GENERATOR] Starting call test_eval_1529...
[GENERATOR] Call test_eval_1499 completed in 33.94s
[LOG] generator call logged to generator_test_eval_1499_20260222_093604_654.json
[GENERATOR] Starting call test_eval_1530...
[GENERATOR] Call test_eval_1527 completed in 6.06s
[LOG] generator call logged to generator_test_eval_1527_20260222_093606_996.json
[GENERATOR] Starting call test_eval_1531...
[GENERATOR] Call test_eval_1497 completed in 39.33s
[LOG] generator call logged to generator_test_eval_1497_20260222_093608_116.json
[GENERATOR] Starting call test_eval_1532...
[GENERATOR] Call test_eval_1502 completed in 34.05s
[LOG] generator call logged to generator_test_eval_1502_20260222_093609_135.json
[GENERATOR] Starting call test_eval_1533...
[GENERATOR] Call test_eval_1528 completed in 7.99s
[LOG] generator call logged to generator_test_eval_1528_20260222_093609_509.json
[GENERATOR] Starting call test_eval_1534...
[GENERATOR] Call test_eval_1503 completed in 35.32s
[LOG] generator call logged to generator_test_eval_1503_20260222_093611_177.json
[GENERATOR] Starting call test_eval_1535...
[GENERATOR] Call test_eval_1533 completed in 5.85s
[LOG] generator call logged to generator_test_eval_1533_20260222_093614_985.json
[GENERATOR] Starting call test_eval_1536...
[GENERATOR] Call test_eval_1504 completed in 38.15s
[LOG] generator call logged to generator_test_eval_1504_20260222_093615_002.json
[GENERATOR] Starting call test_eval_1537...
[GENERATOR] Call test_eval_1534 completed in 6.39s
[LOG] generator call logged to generator_test_eval_1534_20260222_093615_905.json
[GENERATOR] Starting call test_eval_1538...
[GENERATOR] Call test_eval_1505 completed in 36.95s
[LOG] generator call logged to generator_test_eval_1505_20260222_093616_565.json
[GENERATOR] Starting call test_eval_1539...
[GENERATOR] Call test_eval_1509 completed in 34.96s
[LOG] generator call logged to generator_test_eval_1509_20260222_093619_008.json
[GENERATOR] Starting call test_eval_1540...
[GENERATOR] Call test_eval_1536 completed in 4.43s
[LOG] generator call logged to generator_test_eval_1536_20260222_093619_418.json
[GENERATOR] Starting call test_eval_1541...
[GENERATOR] Call test_eval_1512 completed in 36.37s
[LOG] generator call logged to generator_test_eval_1512_20260222_093622_270.json
[GENERATOR] Starting call test_eval_1542...
[GENERATOR] Call test_eval_1538 completed in 6.46s
[LOG] generator call logged to generator_test_eval_1538_20260222_093622_371.json
[GENERATOR] Starting call test_eval_1543...
[GENERATOR] Call test_eval_1540 completed in 4.45s
[LOG] generator call logged to generator_test_eval_1540_20260222_093623_461.json
[GENERATOR] Starting call test_eval_1544...
[GENERATOR] Call test_eval_1510 completed in 40.21s
[LOG] generator call logged to generator_test_eval_1510_20260222_093624_290.json
[GENERATOR] Starting call test_eval_1545...
[GENERATOR] Call test_eval_1514 completed in 36.35s
[LOG] generator call logged to generator_test_eval_1514_20260222_093624_801.json
[GENERATOR] Starting call test_eval_1546...
[GENERATOR] Call test_eval_1515 completed in 37.06s
[LOG] generator call logged to generator_test_eval_1515_20260222_093627_023.json
[GENERATOR] Starting call test_eval_1547...
[GENERATOR] Call test_eval_1519 completed in 34.85s
[LOG] generator call logged to generator_test_eval_1519_20260222_093628_252.json
[GENERATOR] Starting call test_eval_1548...
[GENERATOR] Call test_eval_1541 completed in 9.88s
[LOG] generator call logged to generator_test_eval_1541_20260222_093629_302.json
[GENERATOR] Starting call test_eval_1549...
[GENERATOR] Call test_eval_1520 completed in 37.37s
[LOG] generator call logged to generator_test_eval_1520_20260222_093631_158.json
[GENERATOR] Starting call test_eval_1550...
[GENERATOR] Call test_eval_1523 completed in 34.27s
[LOG] generator call logged to generator_test_eval_1523_20260222_093631_759.json
[GENERATOR] Starting call test_eval_1551...
[GENERATOR] Call test_eval_1524 completed in 35.93s
[LOG] generator call logged to generator_test_eval_1524_20260222_093634_012.json
[GENERATOR] Starting call test_eval_1552...
[GENERATOR] Call test_eval_1525 completed in 35.99s
[LOG] generator call logged to generator_test_eval_1525_20260222_093634_733.json
[GENERATOR] Starting call test_eval_1553...
[GENERATOR] Call test_eval_1546 completed in 12.14s
[LOG] generator call logged to generator_test_eval_1546_20260222_093636_946.json
[GENERATOR] Starting call test_eval_1554...
[GENERATOR] Call test_eval_1529 completed in 36.38s
[LOG] generator call logged to generator_test_eval_1529_20260222_093637_980.json
[GENERATOR] Starting call test_eval_1555...
[GENERATOR] Call test_eval_1526 completed in 38.99s
[LOG] generator call logged to generator_test_eval_1526_20260222_093639_415.json
[GENERATOR] Starting call test_eval_1556...
[GENERATOR] Call test_eval_1530 completed in 37.24s
[LOG] generator call logged to generator_test_eval_1530_20260222_093641_892.json
[GENERATOR] Starting call test_eval_1557...
[GENERATOR] Call test_eval_1548 completed in 14.67s
[LOG] generator call logged to generator_test_eval_1548_20260222_093642_919.json
[GENERATOR] Starting call test_eval_1558...
[GENERATOR] Call test_eval_1549 completed in 13.66s
[LOG] generator call logged to generator_test_eval_1549_20260222_093642_965.json
[GENERATOR] Starting call test_eval_1559...
[GENERATOR] Call test_eval_1531 completed in 37.95s
[LOG] generator call logged to generator_test_eval_1531_20260222_093644_952.json
[GENERATOR] Starting call test_eval_1560...
[GENERATOR] Call test_eval_1550 completed in 14.99s
[LOG] generator call logged to generator_test_eval_1550_20260222_093646_157.json
[GENERATOR] Starting call test_eval_1561...
[GENERATOR] Call test_eval_1551 completed in 14.58s
[LOG] generator call logged to generator_test_eval_1551_20260222_093646_340.json
[GENERATOR] Starting call test_eval_1562...
[GENERATOR] Call test_eval_1532 completed in 39.01s
[LOG] generator call logged to generator_test_eval_1532_20260222_093647_132.json
[GENERATOR] Starting call test_eval_1563...
[GENERATOR] Call test_eval_1535 completed in 37.78s
[LOG] generator call logged to generator_test_eval_1535_20260222_093648_955.json
[GENERATOR] Starting call test_eval_1564...
[GENERATOR] Call test_eval_1553 completed in 14.56s
[LOG] generator call logged to generator_test_eval_1553_20260222_093649_293.json
[GENERATOR] Starting call test_eval_1565...
[GENERATOR] Call test_eval_1552 completed in 15.90s
[LOG] generator call logged to generator_test_eval_1552_20260222_093649_911.json
[GENERATOR] Starting call test_eval_1566...
[GENERATOR] Call test_eval_1537 completed in 35.57s
[LOG] generator call logged to generator_test_eval_1537_20260222_093650_571.json
[GENERATOR] Starting call test_eval_1567...
[GENERATOR] Call test_eval_1539 completed in 36.33s
[LOG] generator call logged to generator_test_eval_1539_20260222_093652_899.json
[GENERATOR] Starting call test_eval_1568...
[GENERATOR] Call test_eval_1558 completed in 10.07s
[LOG] generator call logged to generator_test_eval_1558_20260222_093652_997.json
[GENERATOR] Starting call test_eval_1569...
Progress: 1550/1805, Accuracy: 0.321
[GENERATOR] Call test_eval_1556 completed in 14.23s
[LOG] generator call logged to generator_test_eval_1556_20260222_093653_645.json
[GENERATOR] Starting call test_eval_1570...
[GENERATOR] Call test_eval_1560 completed in 11.82s
[LOG] generator call logged to generator_test_eval_1560_20260222_093656_778.json
[GENERATOR] Starting call test_eval_1571...
[GENERATOR] Call test_eval_1559 completed in 14.08s
[LOG] generator call logged to generator_test_eval_1559_20260222_093657_047.json
[GENERATOR] Starting call test_eval_1572...
[GENERATOR] Call test_eval_1543 completed in 35.75s
[LOG] generator call logged to generator_test_eval_1543_20260222_093658_123.json
[GENERATOR] Starting call test_eval_1573...
[GENERATOR] Call test_eval_1562 completed in 13.42s
[LOG] generator call logged to generator_test_eval_1562_20260222_093659_761.json
[GENERATOR] Starting call test_eval_1574...
[GENERATOR] Call test_eval_1542 completed in 39.80s
[LOG] generator call logged to generator_test_eval_1542_20260222_093702_075.json
[GENERATOR] Starting call test_eval_1575...
[GENERATOR] Call test_eval_1561 completed in 16.32s
[LOG] generator call logged to generator_test_eval_1561_20260222_093702_475.json
[GENERATOR] Starting call test_eval_1576...
[GENERATOR] Call test_eval_1563 completed in 15.70s
[LOG] generator call logged to generator_test_eval_1563_20260222_093702_831.json
[GENERATOR] Starting call test_eval_1577...
[GENERATOR] Call test_eval_1544 completed in 39.44s
[LOG] generator call logged to generator_test_eval_1544_20260222_093702_901.json
[GENERATOR] Starting call test_eval_1578...
[GENERATOR] Call test_eval_1566 completed in 16.55s
[LOG] generator call logged to generator_test_eval_1566_20260222_093706_463.json
[GENERATOR] Starting call test_eval_1579...
[GENERATOR] Call test_eval_1567 completed in 16.06s
[LOG] generator call logged to generator_test_eval_1567_20260222_093706_633.json
[GENERATOR] Starting call test_eval_1580...
[GENERATOR] Call test_eval_1547 completed in 40.13s
[LOG] generator call logged to generator_test_eval_1547_20260222_093707_160.json
[GENERATOR] Starting call test_eval_1581...
[GENERATOR] Call test_eval_1545 completed in 43.97s
[LOG] generator call logged to generator_test_eval_1545_20260222_093708_264.json
[GENERATOR] Starting call test_eval_1582...
[GENERATOR] Call test_eval_1568 completed in 16.88s
[LOG] generator call logged to generator_test_eval_1568_20260222_093709_778.json
[GENERATOR] Starting call test_eval_1583...
[GENERATOR] Call test_eval_1569 completed in 16.84s
[LOG] generator call logged to generator_test_eval_1569_20260222_093709_835.json
[GENERATOR] Starting call test_eval_1584...
[GENERATOR] Call test_eval_1554 completed in 34.29s
[LOG] generator call logged to generator_test_eval_1554_20260222_093711_238.json
[GENERATOR] Starting call test_eval_1585...
[GENERATOR] Call test_eval_1570 completed in 19.45s
[LOG] generator call logged to generator_test_eval_1570_20260222_093713_096.json
[GENERATOR] Starting call test_eval_1586...
[GENERATOR] Call test_eval_1572 completed in 16.42s
[LOG] generator call logged to generator_test_eval_1572_20260222_093713_466.json
[GENERATOR] Starting call test_eval_1587...
[GENERATOR] Call test_eval_1555 completed in 37.75s
[LOG] generator call logged to generator_test_eval_1555_20260222_093715_731.json
[GENERATOR] Starting call test_eval_1588...
[GENERATOR] Call test_eval_1557 completed in 34.01s
[LOG] generator call logged to generator_test_eval_1557_20260222_093715_907.json
[GENERATOR] Starting call test_eval_1589...
[GENERATOR] Call test_eval_1573 completed in 18.10s
[LOG] generator call logged to generator_test_eval_1573_20260222_093716_231.json
[GENERATOR] Starting call test_eval_1590...
[GENERATOR] Call test_eval_1564 completed in 30.14s
[LOG] generator call logged to generator_test_eval_1564_20260222_093719_094.json
[GENERATOR] Starting call test_eval_1591...
[GENERATOR] Call test_eval_1576 completed in 17.13s
[LOG] generator call logged to generator_test_eval_1576_20260222_093719_607.json
[GENERATOR] Starting call test_eval_1592...
[GENERATOR] Call test_eval_1565 completed in 30.45s
[LOG] generator call logged to generator_test_eval_1565_20260222_093719_744.json
[GENERATOR] Starting call test_eval_1593...
[GENERATOR] Call test_eval_1574 completed in 20.35s
[LOG] generator call logged to generator_test_eval_1574_20260222_093720_115.json
[GENERATOR] Starting call test_eval_1594...
[GENERATOR] Call test_eval_1571 completed in 25.78s
[LOG] generator call logged to generator_test_eval_1571_20260222_093722_556.json
[GENERATOR] Starting call test_eval_1595...
[GENERATOR] Call test_eval_1579 completed in 16.82s
[LOG] generator call logged to generator_test_eval_1579_20260222_093723_284.json
[GENERATOR] Starting call test_eval_1596...
[GENERATOR] Call test_eval_1577 completed in 21.07s
[LOG] generator call logged to generator_test_eval_1577_20260222_093723_905.json
[GENERATOR] Starting call test_eval_1597...
[GENERATOR] Call test_eval_1575 completed in 21.84s
[LOG] generator call logged to generator_test_eval_1575_20260222_093723_923.json
[GENERATOR] Starting call test_eval_1598...
[GENERATOR] Call test_eval_1578 completed in 22.45s
[LOG] generator call logged to generator_test_eval_1578_20260222_093725_352.json
[GENERATOR] Starting call test_eval_1599...
[GENERATOR] Call test_eval_1581 completed in 20.07s
[LOG] generator call logged to generator_test_eval_1581_20260222_093727_229.json
[GENERATOR] Starting call test_eval_1600...
[GENERATOR] Call test_eval_1584 completed in 17.48s
[LOG] generator call logged to generator_test_eval_1584_20260222_093727_317.json
[GENERATOR] Starting call test_eval_1601...
[GENERATOR] Call test_eval_1580 completed in 20.83s
[LOG] generator call logged to generator_test_eval_1580_20260222_093727_463.json
[GENERATOR] Starting call test_eval_1602...
[GENERATOR] Call test_eval_1587 completed in 14.55s
[LOG] generator call logged to generator_test_eval_1587_20260222_093728_019.json
[GENERATOR] Starting call test_eval_1603...
[GENERATOR] Call test_eval_1588 completed in 14.91s
[LOG] generator call logged to generator_test_eval_1588_20260222_093730_640.json
[GENERATOR] Starting call test_eval_1604...
[GENERATOR] Call test_eval_1582 completed in 22.58s
[LOG] generator call logged to generator_test_eval_1582_20260222_093730_847.json
[GENERATOR] Starting call test_eval_1605...
[GENERATOR] Call test_eval_1583 completed in 21.26s
[LOG] generator call logged to generator_test_eval_1583_20260222_093731_034.json
[GENERATOR] Starting call test_eval_1606...
[GENERATOR] Call test_eval_1589 completed in 16.03s
[LOG] generator call logged to generator_test_eval_1589_20260222_093731_944.json
[GENERATOR] Starting call test_eval_1607...
[GENERATOR] Call test_eval_1592 completed in 14.00s
[LOG] generator call logged to generator_test_eval_1592_20260222_093733_605.json
[GENERATOR] Starting call test_eval_1608...
[GENERATOR] Call test_eval_1586 completed in 21.26s
[LOG] generator call logged to generator_test_eval_1586_20260222_093734_358.json
[GENERATOR] Starting call test_eval_1609...
[GENERATOR] Call test_eval_1593 completed in 15.21s
[LOG] generator call logged to generator_test_eval_1593_20260222_093734_954.json
[GENERATOR] Starting call test_eval_1610...
[GENERATOR] Call test_eval_1585 completed in 24.94s
[LOG] generator call logged to generator_test_eval_1585_20260222_093736_182.json
[GENERATOR] Starting call test_eval_1611...
[GENERATOR] Call test_eval_1595 completed in 14.37s
[LOG] generator call logged to generator_test_eval_1595_20260222_093736_924.json
[GENERATOR] Starting call test_eval_1612...
[GENERATOR] Call test_eval_1590 completed in 21.98s
[LOG] generator call logged to generator_test_eval_1590_20260222_093738_216.json
[GENERATOR] Starting call test_eval_1613...
[GENERATOR] Call test_eval_1597 completed in 15.23s
[LOG] generator call logged to generator_test_eval_1597_20260222_093739_136.json
[GENERATOR] Starting call test_eval_1614...
[GENERATOR] Call test_eval_1591 completed in 20.16s
[LOG] generator call logged to generator_test_eval_1591_20260222_093739_254.json
[GENERATOR] Starting call test_eval_1615...
[GENERATOR] Call test_eval_1598 completed in 15.62s
[LOG] generator call logged to generator_test_eval_1598_20260222_093739_543.json
[GENERATOR] Starting call test_eval_1616...
[GENERATOR] Call test_eval_1594 completed in 20.94s
[LOG] generator call logged to generator_test_eval_1594_20260222_093741_060.json
[GENERATOR] Starting call test_eval_1617...
[GENERATOR] Call test_eval_1600 completed in 15.14s
[LOG] generator call logged to generator_test_eval_1600_20260222_093742_372.json
[GENERATOR] Starting call test_eval_1618...
[GENERATOR] Call test_eval_1596 completed in 19.17s
[LOG] generator call logged to generator_test_eval_1596_20260222_093742_454.json
[GENERATOR] Starting call test_eval_1619...
Progress: 1600/1805, Accuracy: 0.328
[GENERATOR] Call test_eval_1599 completed in 17.75s
[LOG] generator call logged to generator_test_eval_1599_20260222_093743_102.json
[GENERATOR] Starting call test_eval_1620...
[GENERATOR] Call test_eval_1602 completed in 16.79s
[LOG] generator call logged to generator_test_eval_1602_20260222_093744_258.json
[GENERATOR] Starting call test_eval_1621...
[GENERATOR] Call test_eval_1603 completed in 17.13s
[LOG] generator call logged to generator_test_eval_1603_20260222_093745_156.json
[GENERATOR] Starting call test_eval_1622...
[GENERATOR] Call test_eval_1601 completed in 18.32s
[LOG] generator call logged to generator_test_eval_1601_20260222_093745_640.json
[GENERATOR] Starting call test_eval_1623...
[GENERATOR] Call test_eval_1605 completed in 15.19s
[LOG] generator call logged to generator_test_eval_1605_20260222_093746_038.json
[GENERATOR] Starting call test_eval_1624...
[GENERATOR] Call test_eval_1604 completed in 16.95s
[LOG] generator call logged to generator_test_eval_1604_20260222_093747_592.json
[GENERATOR] Starting call test_eval_1625...
[GENERATOR] Call test_eval_1608 completed in 14.50s
[LOG] generator call logged to generator_test_eval_1608_20260222_093748_108.json
[GENERATOR] Starting call test_eval_1626...
[GENERATOR] Call test_eval_1606 completed in 17.33s
[LOG] generator call logged to generator_test_eval_1606_20260222_093748_364.json
[GENERATOR] Starting call test_eval_1627...
[GENERATOR] Call test_eval_1607 completed in 16.84s
[LOG] generator call logged to generator_test_eval_1607_20260222_093748_785.json
[GENERATOR] Starting call test_eval_1628...
[GENERATOR] Call test_eval_1609 completed in 15.77s
[LOG] generator call logged to generator_test_eval_1609_20260222_093750_129.json
[GENERATOR] Starting call test_eval_1629...
[GENERATOR] Call test_eval_1611 completed in 14.83s
[LOG] generator call logged to generator_test_eval_1611_20260222_093751_014.json
[GENERATOR] Starting call test_eval_1630...
[GENERATOR] Call test_eval_1612 completed in 14.39s
[LOG] generator call logged to generator_test_eval_1612_20260222_093751_318.json
[GENERATOR] Starting call test_eval_1631...
[GENERATOR] Call test_eval_1610 completed in 17.50s
[LOG] generator call logged to generator_test_eval_1610_20260222_093752_456.json
[GENERATOR] Starting call test_eval_1632...
[GENERATOR] Call test_eval_1613 completed in 15.21s
[LOG] generator call logged to generator_test_eval_1613_20260222_093753_425.json
[GENERATOR] Starting call test_eval_1633...
[GENERATOR] Call test_eval_1615 completed in 14.81s
[LOG] generator call logged to generator_test_eval_1615_20260222_093754_066.json
[GENERATOR] Starting call test_eval_1634...
[GENERATOR] Call test_eval_1614 completed in 16.33s
[LOG] generator call logged to generator_test_eval_1614_20260222_093755_470.json
[GENERATOR] Starting call test_eval_1635...
[GENERATOR] Call test_eval_1616 completed in 16.61s
[LOG] generator call logged to generator_test_eval_1616_20260222_093756_158.json
[GENERATOR] Starting call test_eval_1636...
[GENERATOR] Call test_eval_1619 completed in 14.34s
[LOG] generator call logged to generator_test_eval_1619_20260222_093756_799.json
[GENERATOR] Starting call test_eval_1637...
[GENERATOR] Call test_eval_1618 completed in 14.60s
[LOG] generator call logged to generator_test_eval_1618_20260222_093756_972.json
[GENERATOR] Starting call test_eval_1638...
[GENERATOR] Call test_eval_1617 completed in 17.54s
[LOG] generator call logged to generator_test_eval_1617_20260222_093758_603.json
[GENERATOR] Starting call test_eval_1639...
[GENERATOR] Call test_eval_1620 completed in 16.61s
[LOG] generator call logged to generator_test_eval_1620_20260222_093759_715.json
[GENERATOR] Starting call test_eval_1640...
[GENERATOR] Call test_eval_1624 completed in 13.72s
[LOG] generator call logged to generator_test_eval_1624_20260222_093759_761.json
[GENERATOR] Starting call test_eval_1641...
[GENERATOR] Call test_eval_1625 completed in 12.30s
[LOG] generator call logged to generator_test_eval_1625_20260222_093759_900.json
[GENERATOR] Starting call test_eval_1642...
[GENERATOR] Call test_eval_1621 completed in 17.47s
[LOG] generator call logged to generator_test_eval_1621_20260222_093801_731.json
[GENERATOR] Starting call test_eval_1643...
[GENERATOR] Call test_eval_1622 completed in 18.56s
[GENERATOR] Call test_eval_1627 completed in 15.35s
[LOG] generator call logged to generator_test_eval_1622_20260222_093803_714.json
[GENERATOR] Starting call test_eval_1644...
[LOG] generator call logged to generator_test_eval_1627_20260222_093803_715.json
[GENERATOR] Starting call test_eval_1645...
[GENERATOR] Call test_eval_1629 completed in 14.19s
[LOG] generator call logged to generator_test_eval_1629_20260222_093804_320.json
[GENERATOR] Starting call test_eval_1646...
[GENERATOR] Call test_eval_1623 completed in 20.22s
[LOG] generator call logged to generator_test_eval_1623_20260222_093805_862.json
[GENERATOR] Starting call test_eval_1647...
[GENERATOR] Call test_eval_1632 completed in 14.21s
[LOG] generator call logged to generator_test_eval_1632_20260222_093806_667.json
[GENERATOR] Starting call test_eval_1648...
[GENERATOR] Call test_eval_1633 completed in 13.68s
[LOG] generator call logged to generator_test_eval_1633_20260222_093807_109.json
[GENERATOR] Starting call test_eval_1649...
[GENERATOR] Call test_eval_1626 completed in 19.65s
[LOG] generator call logged to generator_test_eval_1626_20260222_093807_756.json
[GENERATOR] Starting call test_eval_1650...
[GENERATOR] Call test_eval_1637 completed in 12.66s
[LOG] generator call logged to generator_test_eval_1637_20260222_093809_463.json
[GENERATOR] Starting call test_eval_1651...
[GENERATOR] Call test_eval_1628 completed in 20.69s
[LOG] generator call logged to generator_test_eval_1628_20260222_093809_472.json
[GENERATOR] Starting call test_eval_1652...
[GENERATOR] Call test_eval_1639 completed in 12.08s
[LOG] generator call logged to generator_test_eval_1639_20260222_093810_683.json
[GENERATOR] Starting call test_eval_1653...
[GENERATOR] Call test_eval_1631 completed in 21.42s
[LOG] generator call logged to generator_test_eval_1631_20260222_093812_739.json
[GENERATOR] Starting call test_eval_1654...
[GENERATOR] Call test_eval_1630 completed in 22.01s
[LOG] generator call logged to generator_test_eval_1630_20260222_093813_026.json
[GENERATOR] Starting call test_eval_1655...
[GENERATOR] Call test_eval_1643 completed in 11.38s
[LOG] generator call logged to generator_test_eval_1643_20260222_093813_116.json
[GENERATOR] Starting call test_eval_1656...
[GENERATOR] Call test_eval_1648 completed in 7.18s
[LOG] generator call logged to generator_test_eval_1648_20260222_093813_850.json
[GENERATOR] Starting call test_eval_1657...
[GENERATOR] Call test_eval_1634 completed in 21.32s
[LOG] generator call logged to generator_test_eval_1634_20260222_093815_391.json
[GENERATOR] Starting call test_eval_1658...
[GENERATOR] Call test_eval_1635 completed in 20.49s
[LOG] generator call logged to generator_test_eval_1635_20260222_093815_965.json
[GENERATOR] Starting call test_eval_1659...
[GENERATOR] Call test_eval_1654 completed in 3.98s
[LOG] generator call logged to generator_test_eval_1654_20260222_093816_718.json
[GENERATOR] Starting call test_eval_1660...
[GENERATOR] Call test_eval_1652 completed in 7.54s
[LOG] generator call logged to generator_test_eval_1652_20260222_093817_009.json
[GENERATOR] Starting call test_eval_1661...
[GENERATOR] Call test_eval_1636 completed in 22.22s
[LOG] generator call logged to generator_test_eval_1636_20260222_093818_378.json
[GENERATOR] Starting call test_eval_1662...
[GENERATOR] Call test_eval_1638 completed in 21.85s
[LOG] generator call logged to generator_test_eval_1638_20260222_093818_819.json
[GENERATOR] Starting call test_eval_1663...
[GENERATOR] Call test_eval_1655 completed in 6.65s
[LOG] generator call logged to generator_test_eval_1655_20260222_093819_679.json
[GENERATOR] Starting call test_eval_1664...
[GENERATOR] Call test_eval_1656 completed in 6.81s
[LOG] generator call logged to generator_test_eval_1656_20260222_093819_929.json
[GENERATOR] Starting call test_eval_1665...
[GENERATOR] Call test_eval_1641 completed in 22.32s
[LOG] generator call logged to generator_test_eval_1641_20260222_093822_079.json
[GENERATOR] Starting call test_eval_1666...
[GENERATOR] Call test_eval_1661 completed in 5.88s
[LOG] generator call logged to generator_test_eval_1661_20260222_093822_894.json
[GENERATOR] Starting call test_eval_1667...
[GENERATOR] Call test_eval_1662 completed in 4.59s
[LOG] generator call logged to generator_test_eval_1662_20260222_093822_972.json
[GENERATOR] Starting call test_eval_1668...
[GENERATOR] Call test_eval_1642 completed in 25.62s
[LOG] generator call logged to generator_test_eval_1642_20260222_093825_522.json
[GENERATOR] Starting call test_eval_1669...
Progress: 1650/1805, Accuracy: 0.331
[GENERATOR] Call test_eval_1640 completed in 26.40s
[GENERATOR] Call test_eval_1663 completed in 7.29s
[LOG] generator call logged to generator_test_eval_1640_20260222_093826_119.json
[GENERATOR] Starting call test_eval_1670...
[LOG] generator call logged to generator_test_eval_1663_20260222_093826_119.json
[GENERATOR] Starting call test_eval_1671...
[GENERATOR] Call test_eval_1664 completed in 6.88s
[LOG] generator call logged to generator_test_eval_1664_20260222_093826_557.json
[GENERATOR] Starting call test_eval_1672...
[GENERATOR] Call test_eval_1645 completed in 25.23s
[LOG] generator call logged to generator_test_eval_1645_20260222_093828_944.json
[GENERATOR] Starting call test_eval_1673...
[GENERATOR] Call test_eval_1665 completed in 9.06s
[LOG] generator call logged to generator_test_eval_1665_20260222_093828_991.json
[GENERATOR] Starting call test_eval_1674...
[GENERATOR] Call test_eval_1667 completed in 6.70s
[LOG] generator call logged to generator_test_eval_1667_20260222_093829_595.json
[GENERATOR] Starting call test_eval_1675...
[GENERATOR] Call test_eval_1644 completed in 26.54s
[LOG] generator call logged to generator_test_eval_1644_20260222_093830_255.json
[GENERATOR] Starting call test_eval_1676...
[GENERATOR] Call test_eval_1646 completed in 27.73s
[LOG] generator call logged to generator_test_eval_1646_20260222_093832_052.json
[GENERATOR] Starting call test_eval_1677...
[GENERATOR] Call test_eval_1669 completed in 6.74s
[LOG] generator call logged to generator_test_eval_1669_20260222_093832_265.json
[GENERATOR] Starting call test_eval_1678...
[GENERATOR] Call test_eval_1671 completed in 6.26s
[LOG] generator call logged to generator_test_eval_1671_20260222_093832_378.json
[GENERATOR] Starting call test_eval_1679...
[GENERATOR] Call test_eval_1647 completed in 27.55s
[LOG] generator call logged to generator_test_eval_1647_20260222_093833_409.json
[GENERATOR] Starting call test_eval_1680...
[GENERATOR] Call test_eval_1649 completed in 31.01s
[LOG] generator call logged to generator_test_eval_1649_20260222_093838_120.json
[GENERATOR] Starting call test_eval_1681...
[GENERATOR] Call test_eval_1650 completed in 30.42s
[LOG] generator call logged to generator_test_eval_1650_20260222_093838_180.json
[GENERATOR] Starting call test_eval_1682...
[GENERATOR] Call test_eval_1677 completed in 7.09s
[LOG] generator call logged to generator_test_eval_1677_20260222_093839_143.json
[GENERATOR] Starting call test_eval_1683...
[GENERATOR] Call test_eval_1653 completed in 30.32s
[LOG] generator call logged to generator_test_eval_1653_20260222_093841_004.json
[GENERATOR] Starting call test_eval_1684...
[GENERATOR] Call test_eval_1680 completed in 7.92s
[LOG] generator call logged to generator_test_eval_1680_20260222_093841_334.json
[GENERATOR] Starting call test_eval_1685...
[GENERATOR] Call test_eval_1651 completed in 31.90s
[LOG] generator call logged to generator_test_eval_1651_20260222_093841_368.json
[GENERATOR] Starting call test_eval_1686...
[GENERATOR] Call test_eval_1681 completed in 5.43s
[LOG] generator call logged to generator_test_eval_1681_20260222_093843_550.json
[GENERATOR] Starting call test_eval_1687...
[GENERATOR] Call test_eval_1657 completed in 30.11s
[LOG] generator call logged to generator_test_eval_1657_20260222_093843_959.json
[GENERATOR] Starting call test_eval_1688...
[GENERATOR] Call test_eval_1658 completed in 28.87s
[LOG] generator call logged to generator_test_eval_1658_20260222_093844_263.json
[GENERATOR] Starting call test_eval_1689...
[GENERATOR] Call test_eval_1683 completed in 5.67s
[LOG] generator call logged to generator_test_eval_1683_20260222_093844_812.json
[GENERATOR] Starting call test_eval_1690...
[GENERATOR] Call test_eval_1685 completed in 4.86s
[LOG] generator call logged to generator_test_eval_1685_20260222_093846_193.json
[GENERATOR] Starting call test_eval_1691...
[GENERATOR] Call test_eval_1659 completed in 30.89s
[LOG] generator call logged to generator_test_eval_1659_20260222_093846_853.json
[GENERATOR] Starting call test_eval_1692...
[GENERATOR] Call test_eval_1666 completed in 28.13s
[LOG] generator call logged to generator_test_eval_1666_20260222_093850_213.json
[GENERATOR] Starting call test_eval_1693...
[GENERATOR] Call test_eval_1660 completed in 35.37s
[LOG] generator call logged to generator_test_eval_1660_20260222_093852_091.json
[GENERATOR] Starting call test_eval_1694...
[GENERATOR] Call test_eval_1668 completed in 30.18s
[LOG] generator call logged to generator_test_eval_1668_20260222_093853_149.json
[GENERATOR] Starting call test_eval_1695...
[GENERATOR] Call test_eval_1670 completed in 29.35s
[LOG] generator call logged to generator_test_eval_1670_20260222_093855_474.json
[GENERATOR] Starting call test_eval_1696...
[GENERATOR] Call test_eval_1672 completed in 29.94s
[LOG] generator call logged to generator_test_eval_1672_20260222_093856_503.json
[GENERATOR] Starting call test_eval_1697...
[GENERATOR] Call test_eval_1673 completed in 29.36s
[LOG] generator call logged to generator_test_eval_1673_20260222_093858_303.json
[GENERATOR] Starting call test_eval_1698...
[GENERATOR] Call test_eval_1694 completed in 6.50s
[LOG] generator call logged to generator_test_eval_1694_20260222_093858_592.json
[GENERATOR] Starting call test_eval_1699...
[GENERATOR] Call test_eval_1695 completed in 5.88s
[LOG] generator call logged to generator_test_eval_1695_20260222_093859_027.json
[GENERATOR] Starting call test_eval_1700...
[GENERATOR] Call test_eval_1674 completed in 30.32s
[LOG] generator call logged to generator_test_eval_1674_20260222_093859_310.json
[GENERATOR] Starting call test_eval_1701...
[GENERATOR] Call test_eval_1675 completed in 31.67s
[LOG] generator call logged to generator_test_eval_1675_20260222_093901_265.json
[GENERATOR] Starting call test_eval_1702...
[GENERATOR] Call test_eval_1696 completed in 6.71s
[LOG] generator call logged to generator_test_eval_1696_20260222_093902_184.json
[GENERATOR] Starting call test_eval_1703...
[GENERATOR] Call test_eval_1676 completed in 32.26s
[LOG] generator call logged to generator_test_eval_1676_20260222_093902_513.json
[GENERATOR] Starting call test_eval_1704...
[GENERATOR] Call test_eval_1697 completed in 6.39s
[LOG] generator call logged to generator_test_eval_1697_20260222_093902_896.json
[GENERATOR] Starting call test_eval_1705...
[GENERATOR] Call test_eval_1678 completed in 31.82s
[LOG] generator call logged to generator_test_eval_1678_20260222_093904_088.json
[GENERATOR] Starting call test_eval_1706...
[GENERATOR] Call test_eval_1679 completed in 33.23s
[LOG] generator call logged to generator_test_eval_1679_20260222_093905_607.json
[GENERATOR] Starting call test_eval_1707...
[GENERATOR] Call test_eval_1701 completed in 6.87s
[LOG] generator call logged to generator_test_eval_1701_20260222_093906_176.json
[GENERATOR] Starting call test_eval_1708...
[GENERATOR] Call test_eval_1698 completed in 8.14s
[LOG] generator call logged to generator_test_eval_1698_20260222_093906_441.json
[GENERATOR] Starting call test_eval_1709...
[GENERATOR] Call test_eval_1682 completed in 29.59s
[LOG] generator call logged to generator_test_eval_1682_20260222_093907_772.json
[GENERATOR] Starting call test_eval_1710...
[GENERATOR] Call test_eval_1684 completed in 28.42s
[LOG] generator call logged to generator_test_eval_1684_20260222_093909_428.json
[GENERATOR] Starting call test_eval_1711...
[GENERATOR] Call test_eval_1703 completed in 7.53s
[LOG] generator call logged to generator_test_eval_1703_20260222_093909_710.json
[GENERATOR] Starting call test_eval_1712...
[GENERATOR] Call test_eval_1686 completed in 31.30s
[LOG] generator call logged to generator_test_eval_1686_20260222_093912_673.json
[GENERATOR] Starting call test_eval_1713...
[GENERATOR] Call test_eval_1706 completed in 8.77s
[LOG] generator call logged to generator_test_eval_1706_20260222_093912_861.json
[GENERATOR] Starting call test_eval_1714...
[GENERATOR] Call test_eval_1687 completed in 30.71s
[LOG] generator call logged to generator_test_eval_1687_20260222_093914_259.json
[GENERATOR] Starting call test_eval_1715...
[GENERATOR] Call test_eval_1702 completed in 13.46s
[LOG] generator call logged to generator_test_eval_1702_20260222_093914_729.json
[GENERATOR] Starting call test_eval_1716...
[GENERATOR] Call test_eval_1688 completed in 32.40s
[LOG] generator call logged to generator_test_eval_1688_20260222_093916_356.json
[GENERATOR] Starting call test_eval_1717...
[GENERATOR] Call test_eval_1689 completed in 32.95s
[LOG] generator call logged to generator_test_eval_1689_20260222_093917_212.json
[GENERATOR] Starting call test_eval_1718...
[GENERATOR] Call test_eval_1712 completed in 7.78s
[LOG] generator call logged to generator_test_eval_1712_20260222_093917_494.json
[GENERATOR] Starting call test_eval_1719...
Progress: 1700/1805, Accuracy: 0.331
[GENERATOR] Call test_eval_1707 completed in 11.94s
[LOG] generator call logged to generator_test_eval_1707_20260222_093917_556.json
[GENERATOR] Starting call test_eval_1720...
[GENERATOR] Call test_eval_1713 completed in 7.32s
[LOG] generator call logged to generator_test_eval_1713_20260222_093920_001.json
[GENERATOR] Starting call test_eval_1721...
[GENERATOR] Call test_eval_1715 completed in 7.54s
[LOG] generator call logged to generator_test_eval_1715_20260222_093921_794.json
[GENERATOR] Starting call test_eval_1722...
[GENERATOR] Call test_eval_1690 completed in 37.01s
[LOG] generator call logged to generator_test_eval_1690_20260222_093921_827.json
[GENERATOR] Starting call test_eval_1723...
[GENERATOR] Call test_eval_1714 completed in 10.01s
[LOG] generator call logged to generator_test_eval_1714_20260222_093922_871.json
[GENERATOR] Starting call test_eval_1724...
[GENERATOR] Call test_eval_1716 completed in 10.01s
[LOG] generator call logged to generator_test_eval_1716_20260222_093924_743.json
[GENERATOR] Starting call test_eval_1725...
[GENERATOR] Call test_eval_1691 completed in 39.14s
[LOG] generator call logged to generator_test_eval_1691_20260222_093925_329.json
[GENERATOR] Starting call test_eval_1726...
[GENERATOR] Call test_eval_1692 completed in 38.48s
[LOG] generator call logged to generator_test_eval_1692_20260222_093925_332.json
[GENERATOR] Starting call test_eval_1727...
[GENERATOR] Call test_eval_1718 completed in 8.79s
[LOG] generator call logged to generator_test_eval_1718_20260222_093925_999.json
[GENERATOR] Starting call test_eval_1728...
[GENERATOR] Call test_eval_1719 completed in 10.45s
[LOG] generator call logged to generator_test_eval_1719_20260222_093927_948.json
[GENERATOR] Starting call test_eval_1729...
[GENERATOR] Call test_eval_1699 completed in 29.93s
[LOG] generator call logged to generator_test_eval_1699_20260222_093928_522.json
[GENERATOR] Starting call test_eval_1730...
[GENERATOR] Call test_eval_1722 completed in 7.49s
[LOG] generator call logged to generator_test_eval_1722_20260222_093929_287.json
[GENERATOR] Starting call test_eval_1731...
[GENERATOR] Call test_eval_1693 completed in 39.87s
[LOG] generator call logged to generator_test_eval_1693_20260222_093930_082.json
[GENERATOR] Starting call test_eval_1732...
[GENERATOR] Call test_eval_1700 completed in 33.38s
[LOG] generator call logged to generator_test_eval_1700_20260222_093932_415.json
[GENERATOR] Starting call test_eval_1733...
[GENERATOR] Call test_eval_1704 completed in 30.79s
[LOG] generator call logged to generator_test_eval_1704_20260222_093933_312.json
[GENERATOR] Starting call test_eval_1734...
[GENERATOR] Call test_eval_1726 completed in 9.81s
[LOG] generator call logged to generator_test_eval_1726_20260222_093935_142.json
[GENERATOR] Starting call test_eval_1735...
[GENERATOR] Call test_eval_1725 completed in 10.87s
[LOG] generator call logged to generator_test_eval_1725_20260222_093935_615.json
[GENERATOR] Starting call test_eval_1736...
[GENERATOR] Call test_eval_1705 completed in 33.57s
[LOG] generator call logged to generator_test_eval_1705_20260222_093936_468.json
[GENERATOR] Starting call test_eval_1737...
[GENERATOR] Call test_eval_1708 completed in 30.60s
[LOG] generator call logged to generator_test_eval_1708_20260222_093936_779.json
[GENERATOR] Starting call test_eval_1738...
[GENERATOR] Call test_eval_1731 completed in 9.37s
[LOG] generator call logged to generator_test_eval_1731_20260222_093938_662.json
[GENERATOR] Starting call test_eval_1739...
[GENERATOR] Call test_eval_1735 completed in 3.56s
[LOG] generator call logged to generator_test_eval_1735_20260222_093938_707.json
[GENERATOR] Starting call test_eval_1740...
[GENERATOR] Call test_eval_1709 completed in 33.54s
[LOG] generator call logged to generator_test_eval_1709_20260222_093939_980.json
[GENERATOR] Starting call test_eval_1741...
[GENERATOR] Call test_eval_1739 completed in 2.81s
[LOG] generator call logged to generator_test_eval_1739_20260222_093941_476.json
[GENERATOR] Starting call test_eval_1742...
[GENERATOR] Call test_eval_1737 completed in 6.70s
[LOG] generator call logged to generator_test_eval_1737_20260222_093943_172.json
[GENERATOR] Starting call test_eval_1743...
[GENERATOR] Call test_eval_1711 completed in 34.30s
[LOG] generator call logged to generator_test_eval_1711_20260222_093943_734.json
[GENERATOR] Starting call test_eval_1744...
[GENERATOR] Call test_eval_1741 completed in 4.82s
[LOG] generator call logged to generator_test_eval_1741_20260222_093944_805.json
[GENERATOR] Starting call test_eval_1745...
[GENERATOR] Call test_eval_1710 completed in 37.32s
[LOG] generator call logged to generator_test_eval_1710_20260222_093945_099.json
[GENERATOR] Starting call test_eval_1746...
[GENERATOR] Call test_eval_1717 completed in 31.50s
[LOG] generator call logged to generator_test_eval_1717_20260222_093947_861.json
[GENERATOR] Starting call test_eval_1747...
[GENERATOR] Call test_eval_1746 completed in 5.86s
[LOG] generator call logged to generator_test_eval_1746_20260222_093950_970.json
[GENERATOR] Starting call test_eval_1748...
[GENERATOR] Call test_eval_1720 completed in 34.20s
[LOG] generator call logged to generator_test_eval_1720_20260222_093951_755.json
[GENERATOR] Starting call test_eval_1749...
[GENERATOR] Call test_eval_1721 completed in 35.60s
[LOG] generator call logged to generator_test_eval_1721_20260222_093955_602.json
[GENERATOR] Starting call test_eval_1750...
[GENERATOR] Call test_eval_1723 completed in 34.12s
[LOG] generator call logged to generator_test_eval_1723_20260222_093955_945.json
[GENERATOR] Starting call test_eval_1751...
[GENERATOR] Call test_eval_1724 completed in 36.35s
[LOG] generator call logged to generator_test_eval_1724_20260222_093959_227.json
[GENERATOR] Starting call test_eval_1752...
[GENERATOR] Call test_eval_1748 completed in 9.14s
[LOG] generator call logged to generator_test_eval_1748_20260222_094000_109.json
[GENERATOR] Starting call test_eval_1753...
[GENERATOR] Call test_eval_1750 completed in 6.34s
[LOG] generator call logged to generator_test_eval_1750_20260222_094001_946.json
[GENERATOR] Starting call test_eval_1754...
[GENERATOR] Call test_eval_1727 completed in 36.70s
[LOG] generator call logged to generator_test_eval_1727_20260222_094002_037.json
[GENERATOR] Starting call test_eval_1755...
[GENERATOR] Call test_eval_1728 completed in 38.82s
[LOG] generator call logged to generator_test_eval_1728_20260222_094004_817.json
[GENERATOR] Starting call test_eval_1756...
[GENERATOR] Call test_eval_1730 completed in 39.19s
[LOG] generator call logged to generator_test_eval_1730_20260222_094007_712.json
[GENERATOR] Starting call test_eval_1757...
[GENERATOR] Call test_eval_1729 completed in 40.15s
[LOG] generator call logged to generator_test_eval_1729_20260222_094008_100.json
[GENERATOR] Starting call test_eval_1758...
[GENERATOR] Call test_eval_1755 completed in 8.45s
[GENERATOR] Call test_eval_1756 completed in 5.67s
[LOG] generator call logged to generator_test_eval_1755_20260222_094010_485.json
[GENERATOR] Starting call test_eval_1759...
[LOG] generator call logged to generator_test_eval_1756_20260222_094010_486.json
[GENERATOR] Starting call test_eval_1760...
[GENERATOR] Call test_eval_1732 completed in 40.88s
[LOG] generator call logged to generator_test_eval_1732_20260222_094010_967.json
[GENERATOR] Starting call test_eval_1761...
[GENERATOR] Call test_eval_1733 completed in 39.30s
[LOG] generator call logged to generator_test_eval_1733_20260222_094011_718.json
[GENERATOR] Starting call test_eval_1762...
[GENERATOR] Call test_eval_1759 completed in 3.20s
[LOG] generator call logged to generator_test_eval_1759_20260222_094013_689.json
[GENERATOR] Starting call test_eval_1763...
[GENERATOR] Call test_eval_1734 completed in 42.25s
[LOG] generator call logged to generator_test_eval_1734_20260222_094015_562.json
[GENERATOR] Starting call test_eval_1764...
[GENERATOR] Call test_eval_1736 completed in 40.13s
[LOG] generator call logged to generator_test_eval_1736_20260222_094015_751.json
[GENERATOR] Starting call test_eval_1765...
[GENERATOR] Call test_eval_1740 completed in 39.69s
[LOG] generator call logged to generator_test_eval_1740_20260222_094018_401.json
[GENERATOR] Starting call test_eval_1766...
[GENERATOR] Call test_eval_1761 completed in 7.45s
[LOG] generator call logged to generator_test_eval_1761_20260222_094018_424.json
[GENERATOR] Starting call test_eval_1767...
[GENERATOR] Call test_eval_1738 completed in 42.10s
[LOG] generator call logged to generator_test_eval_1738_20260222_094018_885.json
[GENERATOR] Starting call test_eval_1768...
[GENERATOR] Call test_eval_1763 completed in 7.64s
[LOG] generator call logged to generator_test_eval_1763_20260222_094021_328.json
[GENERATOR] Starting call test_eval_1769...
Progress: 1750/1805, Accuracy: 0.331
[GENERATOR] Call test_eval_1742 completed in 39.88s
[LOG] generator call logged to generator_test_eval_1742_20260222_094021_354.json
[GENERATOR] Starting call test_eval_1770...
[GENERATOR] Call test_eval_1743 completed in 39.19s
[LOG] generator call logged to generator_test_eval_1743_20260222_094022_364.json
[GENERATOR] Starting call test_eval_1771...
[GENERATOR] Call test_eval_1744 completed in 40.15s
[LOG] generator call logged to generator_test_eval_1744_20260222_094023_882.json
[GENERATOR] Starting call test_eval_1772...
[GENERATOR] Call test_eval_1764 completed in 8.85s
[LOG] generator call logged to generator_test_eval_1764_20260222_094024_410.json
[GENERATOR] Starting call test_eval_1773...
[GENERATOR] Call test_eval_1766 completed in 6.73s
[LOG] generator call logged to generator_test_eval_1766_20260222_094025_132.json
[GENERATOR] Starting call test_eval_1774...
[GENERATOR] Call test_eval_1745 completed in 40.63s
[LOG] generator call logged to generator_test_eval_1745_20260222_094025_438.json
[GENERATOR] Starting call test_eval_1775...
[GENERATOR] Call test_eval_1747 completed in 38.84s
[LOG] generator call logged to generator_test_eval_1747_20260222_094026_703.json
[GENERATOR] Starting call test_eval_1776...
[GENERATOR] Call test_eval_1768 completed in 9.83s
[LOG] generator call logged to generator_test_eval_1768_20260222_094028_714.json
[GENERATOR] Starting call test_eval_1777...
[GENERATOR] Call test_eval_1751 completed in 35.90s
[LOG] generator call logged to generator_test_eval_1751_20260222_094031_848.json
[GENERATOR] Starting call test_eval_1778...
[GENERATOR] Call test_eval_1774 completed in 7.07s
[LOG] generator call logged to generator_test_eval_1774_20260222_094032_199.json
[GENERATOR] Starting call test_eval_1779...
[GENERATOR] Call test_eval_1776 completed in 6.36s
[LOG] generator call logged to generator_test_eval_1776_20260222_094033_064.json
[GENERATOR] Starting call test_eval_1780...
[GENERATOR] Call test_eval_1749 completed in 43.11s
[LOG] generator call logged to generator_test_eval_1749_20260222_094034_869.json
[GENERATOR] Starting call test_eval_1781...
[GENERATOR] Call test_eval_1752 completed in 37.59s
[LOG] generator call logged to generator_test_eval_1752_20260222_094036_817.json
[GENERATOR] Starting call test_eval_1782...
[GENERATOR] Call test_eval_1779 completed in 4.80s
[LOG] generator call logged to generator_test_eval_1779_20260222_094037_001.json
[GENERATOR] Starting call test_eval_1783...
[GENERATOR] Call test_eval_1753 completed in 38.99s
[LOG] generator call logged to generator_test_eval_1753_20260222_094039_103.json
[GENERATOR] Starting call test_eval_1784...
[GENERATOR] Call test_eval_1754 completed in 38.61s
[LOG] generator call logged to generator_test_eval_1754_20260222_094040_559.json
[GENERATOR] Starting call test_eval_1785...
[GENERATOR] Call test_eval_1780 completed in 8.19s
[LOG] generator call logged to generator_test_eval_1780_20260222_094041_257.json
[GENERATOR] Starting call test_eval_1786...
[GENERATOR] Call test_eval_1781 completed in 6.44s
[LOG] generator call logged to generator_test_eval_1781_20260222_094041_310.json
[GENERATOR] Starting call test_eval_1787...
[GENERATOR] Call test_eval_1757 completed in 34.47s
[LOG] generator call logged to generator_test_eval_1757_20260222_094042_187.json
[GENERATOR] Starting call test_eval_1788...
[GENERATOR] Call test_eval_1760 completed in 34.65s
[LOG] generator call logged to generator_test_eval_1760_20260222_094045_142.json
[GENERATOR] Starting call test_eval_1789...
[GENERATOR] Call test_eval_1762 completed in 36.44s
[LOG] generator call logged to generator_test_eval_1762_20260222_094048_157.json
[GENERATOR] Starting call test_eval_1790...
[GENERATOR] Call test_eval_1789 completed in 3.68s
[LOG] generator call logged to generator_test_eval_1789_20260222_094048_829.json
[GENERATOR] Starting call test_eval_1791...
[GENERATOR] Call test_eval_1758 completed in 41.08s
[LOG] generator call logged to generator_test_eval_1758_20260222_094049_184.json
[GENERATOR] Starting call test_eval_1792...
[GENERATOR] Call test_eval_1790 completed in 3.38s
[LOG] generator call logged to generator_test_eval_1790_20260222_094051_539.json
[GENERATOR] Starting call test_eval_1793...
[GENERATOR] Call test_eval_1765 completed in 36.69s
[LOG] generator call logged to generator_test_eval_1765_20260222_094052_440.json
[GENERATOR] Starting call test_eval_1794...
[GENERATOR] Call test_eval_1791 completed in 5.80s
[LOG] generator call logged to generator_test_eval_1791_20260222_094054_635.json
[GENERATOR] Starting call test_eval_1795...
[GENERATOR] Call test_eval_1769 completed in 35.35s
[LOG] generator call logged to generator_test_eval_1769_20260222_094056_681.json
[GENERATOR] Starting call test_eval_1796...
[GENERATOR] Call test_eval_1792 completed in 7.72s
[LOG] generator call logged to generator_test_eval_1792_20260222_094056_905.json
[GENERATOR] Starting call test_eval_1797...
[GENERATOR] Call test_eval_1767 completed in 39.14s
[LOG] generator call logged to generator_test_eval_1767_20260222_094057_565.json
[GENERATOR] Starting call test_eval_1798...
[GENERATOR] Call test_eval_1794 completed in 5.35s
[LOG] generator call logged to generator_test_eval_1794_20260222_094057_796.json
[GENERATOR] Starting call test_eval_1799...
[GENERATOR] Call test_eval_1770 completed in 38.76s
[LOG] generator call logged to generator_test_eval_1770_20260222_094100_114.json
[GENERATOR] Starting call test_eval_1800...
[GENERATOR] Call test_eval_1795 completed in 5.73s
[LOG] generator call logged to generator_test_eval_1795_20260222_094100_362.json
[GENERATOR] Starting call test_eval_1801...
[GENERATOR] Call test_eval_1796 completed in 4.50s
[LOG] generator call logged to generator_test_eval_1796_20260222_094101_181.json
[GENERATOR] Starting call test_eval_1802...
[GENERATOR] Call test_eval_1771 completed in 39.62s
[LOG] generator call logged to generator_test_eval_1771_20260222_094101_986.json
[GENERATOR] Starting call test_eval_1803...
[GENERATOR] Call test_eval_1772 completed in 38.76s
[LOG] generator call logged to generator_test_eval_1772_20260222_094102_641.json
[GENERATOR] Starting call test_eval_1804...
[GENERATOR] Call test_eval_1798 completed in 6.27s
[LOG] generator call logged to generator_test_eval_1798_20260222_094103_835.json
[GENERATOR] Call test_eval_1801 completed in 3.88s
[LOG] generator call logged to generator_test_eval_1801_20260222_094104_248.json
[GENERATOR] Call test_eval_1775 completed in 40.16s
[LOG] generator call logged to generator_test_eval_1775_20260222_094105_596.json
[GENERATOR] Call test_eval_1773 completed in 41.68s
[LOG] generator call logged to generator_test_eval_1773_20260222_094106_093.json
[GENERATOR] Call test_eval_1803 completed in 4.41s
[LOG] generator call logged to generator_test_eval_1803_20260222_094106_404.json
[GENERATOR] Call test_eval_1777 completed in 40.27s
[LOG] generator call logged to generator_test_eval_1777_20260222_094108_984.json
[GENERATOR] Call test_eval_1778 completed in 37.79s
[LOG] generator call logged to generator_test_eval_1778_20260222_094109_644.json
[GENERATOR] Call test_eval_1782 completed in 35.73s
[LOG] generator call logged to generator_test_eval_1782_20260222_094112_545.json
[GENERATOR] Call test_eval_1783 completed in 38.31s
[LOG] generator call logged to generator_test_eval_1783_20260222_094115_309.json
[GENERATOR] Call test_eval_1784 completed in 39.82s
[LOG] generator call logged to generator_test_eval_1784_20260222_094118_926.json
[GENERATOR] Call test_eval_1785 completed in 41.71s
[LOG] generator call logged to generator_test_eval_1785_20260222_094122_272.json
[GENERATOR] Call test_eval_1786 completed in 41.25s
[LOG] generator call logged to generator_test_eval_1786_20260222_094122_507.json
[GENERATOR] Call test_eval_1788 completed in 43.36s
[LOG] generator call logged to generator_test_eval_1788_20260222_094125_550.json
[GENERATOR] Call test_eval_1787 completed in 44.91s
[LOG] generator call logged to generator_test_eval_1787_20260222_094126_220.json
[GENERATOR] Call test_eval_1793 completed in 36.99s
[LOG] generator call logged to generator_test_eval_1793_20260222_094128_528.json
Progress: 1800/1805, Accuracy: 0.328
[GENERATOR] Call test_eval_1797 completed in 32.05s
[LOG] generator call logged to generator_test_eval_1797_20260222_094128_962.json
[GENERATOR] Call test_eval_1799 completed in 33.68s
[LOG] generator call logged to generator_test_eval_1799_20260222_094131_479.json
[GENERATOR] Call test_eval_1800 completed in 34.30s
[LOG] generator call logged to generator_test_eval_1800_20260222_094134_419.json
[GENERATOR] Call test_eval_1802 completed in 33.79s
[LOG] generator call logged to generator_test_eval_1802_20260222_094134_973.json
[GENERATOR] Call test_eval_1804 completed in 35.83s
[LOG] generator call logged to generator_test_eval_1804_20260222_094138_473.json
  Element selection accuracy: 767/1805 = 0.425
  Operation type accuracy: 1463/1805 = 0.811
  Full match accuracy: 594/1805 = 0.329

📊 Final Accuracy: 0.329 (594/1805)

============================================================
RUN COMPLETE
============================================================
Mode: EVAL ONLY
Test Accuracy: 0.329
Results saved to: results/mind2web_stepaware/mind2web_cluster15_stepaware10_test/ace_run_20260222_081312_mind2web_cluster15_stepaware10_eval_only
============================================================


Final results: {'test_results': {'accuracy': 0.3290858725761773, 'correct': 594, 'total': 1805, 'no_answer': 0}}

------------------------------------------------------------
 Training: mind2web_cluster20_stepaware10 (k=20)
------------------------------------------------------------
